Order_ID,Date,Time,Customer_ID,Restaurant_Name,Cuisine_Type,City,Order_Value_INR,Delivery_Fee_INR,Discount_INR,Total_Amount_INR,Payment_Method,Delivery_Time_Mins,Order_Status,Customer_Rating
ORD000001,2023-12-06,10:15:33,CUST4408,Restaurant_85,Street Food,Bengaluru,987.39,37.57,15.86,1009.1,Wallet,34,Delivered,3
ORD000002,2023-12-20,01:24:46,CUST7790,Restaurant_55,Fast Food,Lucknow,663.87,65.6,0.0,729.47,Debit Card,,Cancelled,
ORD000003,2023-02-16,04:57:20,CUST7551,Restaurant_78,Biryani,Kolkata,1142.74,54.56,0.0,1197.3,Wallet,54,Delivered,
ORD000004,2023-10-08,09:13:57,CUST6831,Restaurant_33,Biryani,Mumbai,901.78,76.58,55.23,923.13,Credit Card,18,Delivered,1
ORD000005,2023-02-24,16:45:07,CUST2022,Restaurant_15,North Indian,Delhi,1469.85,57.57,0.0,1527.42,Debit Card,65,Delivered,1
ORD000006,2023-02-24,05:52:10,CUST7069,Restaurant_27,Italian,Bengaluru,731.18,60.54,0.0,791.72,Debit Card,,Refunded,
ORD000007,2023-06-07,10:20:33,CUST1290,Restaurant_78,South Indian,Hyderabad,169.29,43.12,0.0,212.41,Cash on Delivery,,Refunded,
ORD000008,2023-09-02,00:55:47,CUST8113,Restaurant_52,Italian,Delhi,1168.5,34.47,97.64,1105.33,Debit Card,62,Delivered,2
ORD000009,2023-06-12,09:03:56,CUST1806,Restaurant_95,Chinese,Chennai,727.46,70.28,34.29,763.45,UPI,63,Delivered,2
ORD000010,2023-12-06,03:42:46,CUST7485,Restaurant_36,Biryani,Mumbai,978.78,87.89,0.0,1066.67,Wallet,63,Delivered,1
ORD000011,2023-02-14,17:52:27,CUST6048,Restaurant_79,Desserts,Kolkata,1258.67,42.89,0.0,1301.56,Credit Card,,Refunded,
ORD000012,2023-05-11,17:03:03,CUST8355,Restaurant_45,Street Food,Jaipur,789.74,87.18,0.0,876.92,Credit Card,,Refunded,
ORD000013,2023-10-03,03:56:26,CUST9882,Restaurant_80,Fast Food,Pune,1470.2,71.23,0.0,1541.43,Credit Card,46,Delivered,
ORD000014,2023-07-28,00:06:49,CUST7880,Restaurant_88,Chinese,Chennai,881.55,38.45,0.0,920.0,Credit Card,48,Delivered,2
ORD000015,2023-05-09,23:22:24,CUST6685,Restaurant_33,Desserts,Bengaluru,996.9,68.83,0.0,1065.73,Wallet,22,Delivered,1
ORD000016,2023-03-04,02:57:39,CUST9562,Restaurant_27,Desserts,Kolkata,1179.1,78.38,117.12,1140.36,Wallet,17,Delivered,
ORD000017,2023-07-23,20:13:30,CUST3664,Restaurant_4,Beverages,Hyderabad,478.01,85.98,0.0,563.99,UPI,18,Delivered,3
ORD000018,2023-07-09,04:26:19,CUST8674,Restaurant_91,Fast Food,Bengaluru,876.63,96.65,74.27,899.01,Debit Card,36,Delivered,4
ORD000019,2023-10-26,14:11:31,CUST5962,Restaurant_34,Healthy Food,Hyderabad,776.57,45.35,0.0,821.92,UPI,26,Delivered,4
ORD000020,2023-04-06,16:55:43,CUST3184,Restaurant_42,Healthy Food,Chennai,1096.65,89.53,0.0,1186.18,UPI,37,Delivered,5
ORD000021,2023-07-03,16:34:44,CUST2869,Restaurant_88,Italian,Ahmedabad,273.94,34.34,47.22,261.06,Wallet,65,Delivered,
ORD000022,2023-04-08,16:40:34,CUST4669,Restaurant_64,Street Food,Delhi,479.15,61.25,0.0,540.4,Credit Card,30,Delivered,3
ORD000023,2023-09-17,23:54:22,CUST3112,Restaurant_4,Desserts,Pune,460.68,69.33,113.62,416.39,Debit Card,53,Delivered,5
ORD000024,2023-07-31,16:59:09,CUST3209,Restaurant_27,Biryani,Delhi,477.67,81.7,0.0,559.37,Credit Card,61,Delivered,2
ORD000025,2023-07-08,04:11:06,CUST9996,Restaurant_16,Street Food,Ahmedabad,389.8,54.26,0.0,444.06,Wallet,,Cancelled,
ORD000026,2023-12-04,21:22:36,CUST8478,Restaurant_48,Desserts,Ahmedabad,1369.41,92.52,0.0,1461.93,Wallet,48,Delivered,
ORD000027,2023-11-18,22:07:25,CUST8181,Restaurant_94,Biryani,Ahmedabad,1436.53,80.84,135.32,1382.05,Debit Card,27,Delivered,4
ORD000028,2023-01-22,22:39:47,CUST9021,Restaurant_50,South Indian,Hyderabad,696.07,34.09,0.0,730.16,Debit Card,60,Delivered,3
ORD000029,2023-11-10,20:52:55,CUST2862,Restaurant_82,North Indian,Kolkata,945.17,69.1,0.0,1014.27,UPI,20,Delivered,
ORD000030,2023-08-04,16:14:32,CUST1911,Restaurant_10,Desserts,Jaipur,873.29,82.85,0.0,956.14,Cash on Delivery,37,Delivered,5
ORD000031,2023-04-19,10:17:38,CUST8176,Restaurant_67,Beverages,Kolkata,1310.12,78.22,0.0,1388.34,Credit Card,30,Delivered,2
ORD000032,2023-09-18,20:10:24,CUST7602,Restaurant_40,Healthy Food,Delhi,494.91,91.66,0.0,586.57,UPI,19,Delivered,3
ORD000033,2023-02-06,23:20:09,CUST5231,Restaurant_76,Italian,Bengaluru,1093.5,45.69,0.0,1139.19,Debit Card,,Cancelled,
ORD000034,2023-03-17,06:28:54,CUST9999,Restaurant_46,South Indian,Ahmedabad,666.18,58.46,107.56,617.08,Debit Card,15,Delivered,4
ORD000035,2023-02-26,04:56:51,CUST9777,Restaurant_58,Biryani,Ahmedabad,381.23,79.94,0.0,461.17,UPI,33,Delivered,1
ORD000036,2023-08-18,23:22:54,CUST3376,Restaurant_35,Beverages,Ahmedabad,1184.58,75.08,0.0,1259.66,Credit Card,65,Delivered,
ORD000037,2023-04-30,02:02:46,CUST7025,Restaurant_1,North Indian,Mumbai,689.72,60.7,0.0,750.42,Debit Card,25,Delivered,5
ORD000038,2023-06-13,01:58:35,CUST5767,Restaurant_38,Fast Food,Delhi,271.06,49.31,0.0,320.37,Wallet,,Cancelled,
ORD000039,2023-12-26,05:12:45,CUST8585,Restaurant_67,Desserts,Hyderabad,390.64,57.61,128.6,319.65,Wallet,15,Delivered,
ORD000040,2023-09-15,18:39:59,CUST1628,Restaurant_58,Healthy Food,Hyderabad,389.51,86.16,0.0,475.67,Credit Card,42,Delivered,4
ORD000041,2023-06-08,00:11:26,CUST4823,Restaurant_83,Chinese,Bengaluru,943.49,39.09,90.74,891.84,Credit Card,23,Delivered,
ORD000042,2023-07-30,22:57:22,CUST4771,Restaurant_8,Healthy Food,Mumbai,1300.11,36.96,137.53,1199.54,UPI,44,Delivered,1
ORD000043,2023-06-14,01:05:45,CUST6857,Restaurant_75,Desserts,Mumbai,981.12,70.26,134.96,916.42,Debit Card,,Cancelled,
ORD000044,2023-09-18,04:41:22,CUST6941,Restaurant_41,Chinese,Lucknow,1110.36,23.86,0.0,1134.22,Credit Card,,Refunded,
ORD000045,2023-03-31,23:54:23,CUST2169,Restaurant_58,South Indian,Lucknow,277.36,40.65,0.0,318.01,Debit Card,55,Delivered,2
ORD000046,2023-08-23,00:34:28,CUST6465,Restaurant_50,Beverages,Pune,455.26,27.73,87.75,395.24,UPI,26,Delivered,
ORD000047,2023-04-18,00:30:36,CUST8689,Restaurant_9,North Indian,Chennai,237.25,96.99,0.0,334.24,UPI,,Refunded,
ORD000048,2023-06-14,15:28:04,CUST6118,Restaurant_96,Healthy Food,Bengaluru,460.63,49.52,36.12,474.03,Debit Card,24,Delivered,5
ORD000049,2023-03-15,16:52:52,CUST2872,Restaurant_11,Chinese,Lucknow,217.36,50.96,0.0,268.32,Cash on Delivery,,Cancelled,
ORD000050,2023-07-12,13:05:08,CUST1694,Restaurant_84,Biryani,Bengaluru,709.32,78.57,105.19,682.7,Credit Card,56,Delivered,
ORD000051,2023-09-15,18:15:48,CUST8405,Restaurant_40,Chinese,Ahmedabad,1234.28,90.59,0.0,1324.87,Credit Card,,Cancelled,
ORD000052,2023-08-07,23:43:02,CUST5528,Restaurant_21,South Indian,Delhi,428.03,93.06,95.42,425.67,UPI,,Cancelled,
ORD000053,2023-01-10,18:51:53,CUST1122,Restaurant_10,Healthy Food,Bengaluru,1030.5,89.31,0.0,1119.81,UPI,,Cancelled,
ORD000054,2023-03-08,16:45:53,CUST8944,Restaurant_24,Italian,Ahmedabad,1493.95,40.44,118.86,1415.53,Wallet,46,Delivered,4
ORD000055,2023-02-13,21:59:54,CUST5167,Restaurant_58,Biryani,Jaipur,299.49,53.63,131.79,221.33,UPI,59,Delivered,2
ORD000056,2023-09-15,14:00:00,CUST6249,Restaurant_42,Desserts,Jaipur,1131.06,98.04,0.0,1229.1,Debit Card,65,Delivered,2
ORD000057,2023-06-26,08:57:14,CUST6305,Restaurant_25,South Indian,Chennai,1472.52,59.92,0.0,1532.44,Wallet,38,Delivered,
ORD000058,2023-12-03,21:24:24,CUST8679,Restaurant_51,North Indian,Bengaluru,506.48,96.09,0.0,602.57,Debit Card,,Cancelled,
ORD000059,2023-03-22,20:04:27,CUST2005,Restaurant_2,North Indian,Pune,378.8,35.54,0.0,414.34,Credit Card,,Refunded,
ORD000060,2023-06-30,10:38:18,CUST1211,Restaurant_79,Chinese,Pune,1290.72,77.93,0.0,1368.65,UPI,22,Delivered,1
ORD000061,2023-07-04,19:59:11,CUST4281,Restaurant_11,Beverages,Lucknow,825.73,49.68,0.0,875.41,Wallet,36,Delivered,2
ORD000062,2023-05-14,14:19:26,CUST7257,Restaurant_54,South Indian,Lucknow,894.14,43.38,0.0,937.52,Wallet,,Cancelled,
ORD000063,2023-03-25,22:58:17,CUST7846,Restaurant_13,Biryani,Jaipur,1069.74,76.34,0.0,1146.08,Cash on Delivery,28,Delivered,4
ORD000064,2023-11-08,16:16:48,CUST2666,Restaurant_76,Healthy Food,Bengaluru,221.27,86.98,0.0,308.25,UPI,64,Delivered,4
ORD000065,2023-02-12,07:56:38,CUST3274,Restaurant_26,Italian,Delhi,1238.67,77.01,0.0,1315.68,Credit Card,,Refunded,
ORD000066,2023-08-29,02:04:28,CUST9095,Restaurant_9,Chinese,Hyderabad,813.93,88.67,0.0,902.6,Debit Card,54,Delivered,
ORD000067,2023-08-13,21:48:06,CUST2446,Restaurant_82,North Indian,Chennai,924.94,25.01,83.62,866.33,Debit Card,,Cancelled,
ORD000068,2023-10-23,13:44:28,CUST9898,Restaurant_90,North Indian,Kolkata,993.62,68.99,0.0,1062.61,Debit Card,34,Delivered,3
ORD000069,2023-05-10,06:28:42,CUST6415,Restaurant_28,Healthy Food,Pune,1461.52,97.57,0.0,1559.09,Debit Card,40,Delivered,2
ORD000070,2023-07-05,22:46:44,CUST4134,Restaurant_55,Street Food,Ahmedabad,239.31,96.42,74.25,261.48,Credit Card,47,Delivered,3
ORD000071,2023-08-25,20:37:53,CUST9258,Restaurant_82,North Indian,Delhi,1179.59,48.72,25.37,1202.94,Debit Card,,Refunded,
ORD000072,2023-06-17,17:44:53,CUST6439,Restaurant_33,Desserts,Lucknow,1315.84,51.19,21.13,1345.9,Credit Card,40,Delivered,1
ORD000073,2023-03-26,05:34:53,CUST5231,Restaurant_19,South Indian,Bengaluru,1088.7,88.36,0.0,1177.06,UPI,51,Delivered,4
ORD000074,2023-03-04,03:08:15,CUST6551,Restaurant_19,Fast Food,Chennai,1197.55,76.6,36.1,1238.05,Debit Card,,Cancelled,
ORD000075,2023-04-27,20:31:25,CUST1847,Restaurant_37,Italian,Pune,493.28,72.85,0.0,566.13,Debit Card,58,Delivered,1
ORD000076,2023-04-12,06:04:26,CUST7823,Restaurant_96,Chinese,Lucknow,522.63,66.56,64.91,524.28,Wallet,,Cancelled,
ORD000077,2023-10-12,12:24:56,CUST1040,Restaurant_67,Chinese,Jaipur,230.72,72.45,0.0,303.17,Debit Card,34,Delivered,1
ORD000078,2023-09-24,18:44:33,CUST3691,Restaurant_31,South Indian,Kolkata,598.02,92.5,0.0,690.52,Cash on Delivery,63,Delivered,5
ORD000079,2023-05-26,16:35:32,CUST3548,Restaurant_37,Desserts,Bengaluru,938.13,60.7,0.0,998.83,Wallet,49,Delivered,4
ORD000080,2023-09-03,18:33:39,CUST9715,Restaurant_63,Italian,Mumbai,1156.55,99.83,65.18,1191.2,UPI,29,Delivered,4
ORD000081,2023-01-18,09:55:13,CUST1242,Restaurant_36,Street Food,Delhi,158.81,72.85,0.0,231.66,Cash on Delivery,,Cancelled,
ORD000082,2023-11-17,02:19:04,CUST4580,Restaurant_13,Italian,Delhi,946.63,27.36,0.0,973.99,Wallet,,Cancelled,
ORD000083,2023-02-22,00:45:32,CUST2412,Restaurant_90,South Indian,Mumbai,783.05,54.85,0.0,837.9,UPI,45,Delivered,3
ORD000084,2023-10-10,20:37:54,CUST6224,Restaurant_73,Fast Food,Pune,667.55,28.07,0.0,695.62,UPI,61,Delivered,5
ORD000085,2023-09-18,17:11:26,CUST9026,Restaurant_98,Italian,Pune,713.5,82.45,0.0,795.95,Debit Card,53,Delivered,3
ORD000086,2023-11-16,17:10:44,CUST1573,Restaurant_65,Street Food,Lucknow,706.3,23.97,0.0,730.27,Credit Card,65,Delivered,
ORD000087,2023-07-05,02:37:07,CUST6539,Restaurant_76,North Indian,Jaipur,1492.09,76.11,43.54,1524.66,UPI,34,Delivered,
ORD000088,2023-03-20,07:22:55,CUST2090,Restaurant_86,Italian,Lucknow,759.09,70.94,77.5,752.53,Wallet,29,Delivered,
ORD000089,2023-06-10,15:38:22,CUST4403,Restaurant_10,Desserts,Hyderabad,863.8,29.44,0.0,893.24,Cash on Delivery,,Refunded,
ORD000090,2023-04-06,03:58:39,CUST1781,Restaurant_66,Desserts,Kolkata,567.17,49.06,0.0,616.23,Credit Card,36,Delivered,3
ORD000091,2023-09-24,11:42:29,CUST3920,Restaurant_21,Beverages,Hyderabad,281.88,43.06,0.0,324.94,Cash on Delivery,,Refunded,
ORD000092,2023-01-29,20:10:35,CUST4176,Restaurant_82,South Indian,Chennai,1196.65,79.56,0.0,1276.21,Wallet,,Cancelled,
ORD000093,2023-02-01,11:46:38,CUST2394,Restaurant_47,Street Food,Delhi,924.0,81.64,37.33,968.31,Cash on Delivery,,Refunded,
ORD000094,2023-09-23,14:21:57,CUST8792,Restaurant_44,Fast Food,Hyderabad,728.21,39.29,0.0,767.5,Cash on Delivery,51,Delivered,1
ORD000095,2023-03-03,19:17:40,CUST3908,Restaurant_88,Fast Food,Hyderabad,775.36,84.23,98.29,761.3,UPI,46,Delivered,4
ORD000096,2023-12-22,09:06:18,CUST1621,Restaurant_91,Desserts,Mumbai,747.5,95.79,0.0,843.29,Debit Card,46,Delivered,4
ORD000097,2023-04-12,11:18:03,CUST9232,Restaurant_13,Beverages,Jaipur,1228.32,96.59,0.0,1324.91,Wallet,59,Delivered,
ORD000098,2023-04-13,05:02:45,CUST2311,Restaurant_47,Healthy Food,Hyderabad,717.12,83.57,0.0,800.69,UPI,63,Delivered,4
ORD000099,2023-06-16,08:56:33,CUST7717,Restaurant_19,Fast Food,Lucknow,1088.46,90.74,0.0,1179.2,Wallet,58,Delivered,2
ORD000100,2023-03-19,02:00:18,CUST1544,Restaurant_42,Biryani,Lucknow,676.3,69.12,0.0,745.42,Wallet,58,Delivered,1
ORD000101,2023-01-06,10:19:11,CUST3929,Restaurant_70,Street Food,Lucknow,488.08,60.57,99.0,449.65,Credit Card,32,Delivered,1
ORD000102,2023-12-08,02:06:38,CUST1438,Restaurant_29,South Indian,Jaipur,855.64,75.01,85.25,845.4,Credit Card,44,Delivered,2
ORD000103,2023-10-22,17:22:10,CUST8337,Restaurant_71,Biryani,Delhi,409.15,61.5,137.09,333.56,Debit Card,22,Delivered,3
ORD000104,2023-08-15,12:58:20,CUST5267,Restaurant_82,Healthy Food,Ahmedabad,1203.91,83.07,0.0,1286.98,Cash on Delivery,58,Delivered,1
ORD000105,2023-04-13,08:48:18,CUST4776,Restaurant_72,Italian,Lucknow,655.76,98.0,58.23,695.53,Wallet,26,Delivered,1
ORD000106,2023-12-06,13:36:09,CUST5255,Restaurant_99,North Indian,Kolkata,1107.71,85.21,0.0,1192.92,Cash on Delivery,,Cancelled,
ORD000107,2023-11-26,19:29:51,CUST7042,Restaurant_50,Biryani,Hyderabad,583.68,38.19,0.0,621.87,Debit Card,,Refunded,
ORD000108,2023-10-22,17:56:42,CUST9839,Restaurant_75,Chinese,Bengaluru,707.57,91.15,60.05,738.67,Cash on Delivery,,Cancelled,
ORD000109,2023-06-22,07:39:34,CUST9187,Restaurant_72,Italian,Jaipur,1440.44,54.92,0.0,1495.36,Cash on Delivery,34,Delivered,5
ORD000110,2023-09-20,22:09:59,CUST7308,Restaurant_90,Biryani,Chennai,1103.51,73.24,0.0,1176.75,Credit Card,25,Delivered,3
ORD000111,2023-05-27,12:23:30,CUST2356,Restaurant_43,Desserts,Bengaluru,766.01,36.39,0.0,802.4,UPI,31,Delivered,3
ORD000112,2023-08-02,00:06:03,CUST7539,Restaurant_8,Healthy Food,Lucknow,501.56,20.87,0.0,522.43,Credit Card,21,Delivered,
ORD000113,2023-05-12,19:47:35,CUST7162,Restaurant_79,Beverages,Chennai,1157.69,41.28,145.36,1053.61,Debit Card,64,Delivered,
ORD000114,2023-08-03,23:25:54,CUST7591,Restaurant_18,Healthy Food,Ahmedabad,1397.26,94.67,0.0,1491.93,Wallet,48,Delivered,2
ORD000115,2023-05-17,14:12:11,CUST3263,Restaurant_70,Healthy Food,Jaipur,1106.88,51.9,135.13,1023.65,Debit Card,,Cancelled,
ORD000116,2023-07-21,00:39:41,CUST7544,Restaurant_26,South Indian,Bengaluru,1132.56,52.72,0.0,1185.28,Cash on Delivery,,Cancelled,
ORD000117,2023-11-21,09:27:32,CUST6272,Restaurant_100,Chinese,Ahmedabad,1408.36,81.15,95.91,1393.6,Cash on Delivery,17,Delivered,5
ORD000118,2023-05-24,00:42:51,CUST2446,Restaurant_89,Italian,Mumbai,154.98,48.81,71.72,132.07,Wallet,,Cancelled,
ORD000119,2023-04-01,19:39:04,CUST9135,Restaurant_46,South Indian,Jaipur,972.95,28.98,0.0,1001.93,Credit Card,,Refunded,
ORD000120,2023-01-23,06:27:58,CUST9031,Restaurant_37,Beverages,Hyderabad,1232.72,53.71,17.15,1269.28,Credit Card,52,Delivered,
ORD000121,2023-08-07,07:21:42,CUST8460,Restaurant_10,Italian,Lucknow,209.13,50.76,0.0,259.89,Cash on Delivery,,Cancelled,
ORD000122,2023-05-21,05:04:34,CUST9147,Restaurant_26,Biryani,Jaipur,1354.72,87.49,0.0,1442.21,Credit Card,58,Delivered,1
ORD000123,2023-07-13,11:21:34,CUST1780,Restaurant_3,Healthy Food,Kolkata,271.13,67.02,0.0,338.15,Credit Card,46,Delivered,4
ORD000124,2023-03-17,19:21:42,CUST6196,Restaurant_92,Biryani,Jaipur,1410.71,47.67,78.28,1380.1,Debit Card,47,Delivered,2
ORD000125,2023-07-10,14:25:54,CUST8901,Restaurant_15,Chinese,Bengaluru,373.38,28.34,0.0,401.72,Credit Card,61,Delivered,
ORD000126,2023-05-22,13:50:28,CUST3967,Restaurant_89,Healthy Food,Delhi,735.65,73.16,90.07,718.74,Credit Card,,Refunded,
ORD000127,2023-03-13,17:46:55,CUST9512,Restaurant_28,Beverages,Ahmedabad,233.55,93.1,0.0,326.65,Cash on Delivery,29,Delivered,2
ORD000128,2023-06-22,03:27:41,CUST9262,Restaurant_66,North Indian,Delhi,1194.82,87.54,0.0,1282.36,Debit Card,27,Delivered,2
ORD000129,2023-09-10,11:24:24,CUST6823,Restaurant_18,Italian,Pune,1117.46,69.53,0.0,1186.99,Wallet,46,Delivered,1
ORD000130,2023-12-01,20:41:30,CUST2347,Restaurant_12,Fast Food,Ahmedabad,317.65,76.01,0.0,393.66,UPI,49,Delivered,5
ORD000131,2023-06-24,07:49:13,CUST4168,Restaurant_93,Street Food,Jaipur,824.28,91.5,105.64,810.14,Cash on Delivery,,Refunded,
ORD000132,2023-08-23,18:23:10,CUST6875,Restaurant_4,Healthy Food,Delhi,868.71,87.46,126.15,830.02,UPI,44,Delivered,4
ORD000133,2023-03-26,07:56:46,CUST8300,Restaurant_54,South Indian,Lucknow,1059.82,55.4,0.0,1115.22,Debit Card,,Cancelled,
ORD000134,2023-10-23,01:45:54,CUST5761,Restaurant_84,Desserts,Jaipur,963.16,78.43,124.66,916.93,UPI,29,Delivered,5
ORD000135,2023-03-09,21:54:32,CUST7059,Restaurant_18,South Indian,Pune,849.12,52.36,0.0,901.48,Debit Card,41,Delivered,3
ORD000136,2023-03-07,10:33:13,CUST6161,Restaurant_8,Fast Food,Hyderabad,311.05,58.2,0.0,369.25,Cash on Delivery,,Cancelled,
ORD000137,2023-08-28,11:22:14,CUST9248,Restaurant_25,South Indian,Ahmedabad,594.19,55.01,0.0,649.2,UPI,44,Delivered,4
ORD000138,2023-02-17,10:01:38,CUST3567,Restaurant_20,North Indian,Lucknow,1299.08,75.18,38.87,1335.39,Cash on Delivery,23,Delivered,4
ORD000139,2023-09-16,21:29:12,CUST7798,Restaurant_51,Desserts,Delhi,611.07,58.98,125.72,544.33,UPI,31,Delivered,2
ORD000140,2023-01-12,17:04:59,CUST4568,Restaurant_51,Chinese,Lucknow,665.62,31.99,0.0,697.61,Debit Card,65,Delivered,
ORD000141,2023-10-17,13:50:17,CUST4553,Restaurant_89,Fast Food,Mumbai,1248.89,76.47,0.0,1325.36,Wallet,25,Delivered,5
ORD000142,2023-02-17,15:37:30,CUST8869,Restaurant_40,Street Food,Bengaluru,1122.77,28.12,61.67,1089.22,UPI,33,Delivered,
ORD000143,2023-05-27,21:05:10,CUST3489,Restaurant_53,Italian,Jaipur,236.81,33.03,0.0,269.84,Debit Card,40,Delivered,5
ORD000144,2023-04-16,13:45:11,CUST9758,Restaurant_36,South Indian,Chennai,796.18,92.34,0.0,888.52,UPI,25,Delivered,2
ORD000145,2023-05-26,09:42:27,CUST6735,Restaurant_39,Fast Food,Jaipur,467.46,79.32,0.0,546.78,Credit Card,,Cancelled,
ORD000146,2023-08-27,05:25:49,CUST8419,Restaurant_77,Street Food,Kolkata,857.46,63.0,0.0,920.46,Wallet,22,Delivered,5
ORD000147,2023-01-08,03:18:04,CUST9646,Restaurant_26,South Indian,Hyderabad,691.72,93.16,23.54,761.34,Credit Card,28,Delivered,4
ORD000148,2023-07-15,18:45:40,CUST7235,Restaurant_88,Chinese,Jaipur,1373.49,28.89,110.62,1291.76,UPI,15,Delivered,3
ORD000149,2023-11-15,10:22:45,CUST9628,Restaurant_43,Healthy Food,Lucknow,675.05,49.44,0.0,724.49,Debit Card,,Refunded,
ORD000150,2023-08-07,14:25:33,CUST5513,Restaurant_22,Chinese,Chennai,299.84,59.46,0.0,359.3,Wallet,47,Delivered,3
ORD000151,2023-03-28,08:51:56,CUST6782,Restaurant_1,North Indian,Delhi,1050.91,21.46,0.0,1072.37,UPI,,Refunded,
ORD000152,2023-05-11,19:30:53,CUST8047,Restaurant_44,Italian,Pune,731.46,59.94,118.35,673.05,Debit Card,53,Delivered,1
ORD000153,2023-08-08,20:10:45,CUST7856,Restaurant_96,South Indian,Lucknow,204.62,39.36,0.0,243.98,UPI,,Refunded,
ORD000154,2023-06-29,04:47:19,CUST5969,Restaurant_87,Desserts,Jaipur,593.32,85.33,111.56,567.09,UPI,47,Delivered,2
ORD000155,2023-06-04,12:09:58,CUST1300,Restaurant_54,Biryani,Delhi,691.8,76.82,0.0,768.62,UPI,,Cancelled,
ORD000156,2023-07-20,07:59:15,CUST6614,Restaurant_82,Biryani,Chennai,1078.19,40.77,56.76,1062.2,Credit Card,58,Delivered,2
ORD000157,2023-03-04,20:21:52,CUST2999,Restaurant_46,North Indian,Mumbai,646.93,77.89,0.0,724.82,Cash on Delivery,43,Delivered,5
ORD000158,2023-05-26,07:12:29,CUST1866,Restaurant_19,South Indian,Delhi,424.24,48.91,109.3,363.85,Cash on Delivery,26,Delivered,5
ORD000159,2023-09-14,00:16:58,CUST9021,Restaurant_19,Street Food,Lucknow,574.67,59.42,0.0,634.09,Cash on Delivery,57,Delivered,5
ORD000160,2023-08-06,21:19:51,CUST6304,Restaurant_47,Biryani,Hyderabad,420.53,84.87,10.93,494.47,Wallet,28,Delivered,3
ORD000161,2023-03-24,13:25:59,CUST7265,Restaurant_78,Chinese,Pune,798.68,86.88,0.0,885.56,UPI,32,Delivered,
ORD000162,2023-11-05,06:50:13,CUST9346,Restaurant_64,South Indian,Kolkata,276.24,43.95,15.14,305.05,Wallet,28,Delivered,1
ORD000163,2023-10-11,22:26:07,CUST4466,Restaurant_13,South Indian,Hyderabad,613.51,76.82,0.0,690.33,Debit Card,39,Delivered,3
ORD000164,2023-05-24,14:12:51,CUST6202,Restaurant_25,Italian,Jaipur,497.4,39.16,0.0,536.56,Cash on Delivery,,Cancelled,
ORD000165,2023-10-02,04:05:31,CUST3338,Restaurant_37,Italian,Pune,400.62,24.88,0.0,425.5,UPI,34,Delivered,5
ORD000166,2023-12-22,22:45:43,CUST9795,Restaurant_45,Chinese,Lucknow,779.4,89.29,0.0,868.69,UPI,36,Delivered,1
ORD000167,2023-05-28,12:35:53,CUST3790,Restaurant_10,Fast Food,Chennai,1087.12,50.5,0.0,1137.62,Cash on Delivery,35,Delivered,3
ORD000168,2023-09-22,12:50:10,CUST9382,Restaurant_24,Beverages,Chennai,1003.99,27.31,48.59,982.71,Debit Card,41,Delivered,4
ORD000169,2023-06-09,05:29:39,CUST1813,Restaurant_79,South Indian,Pune,789.67,98.13,0.0,887.8,Debit Card,48,Delivered,1
ORD000170,2023-09-29,10:24:36,CUST8785,Restaurant_54,Street Food,Jaipur,1096.15,65.85,0.0,1162.0,UPI,24,Delivered,
ORD000171,2023-10-13,19:56:57,CUST8830,Restaurant_76,South Indian,Jaipur,1107.68,50.31,0.0,1157.99,UPI,,Refunded,
ORD000172,2023-09-12,23:38:09,CUST5442,Restaurant_78,Chinese,Pune,1133.28,77.53,0.0,1210.81,UPI,44,Delivered,2
ORD000173,2023-09-25,11:17:53,CUST4520,Restaurant_94,Street Food,Mumbai,920.37,45.58,0.0,965.95,UPI,,Cancelled,
ORD000174,2023-04-29,11:34:01,CUST2688,Restaurant_42,Fast Food,Jaipur,461.23,22.75,15.0,468.98,Credit Card,,Refunded,
ORD000175,2023-07-22,17:28:08,CUST6591,Restaurant_39,Biryani,Kolkata,1088.13,23.69,0.0,1111.82,Cash on Delivery,35,Delivered,4
ORD000176,2023-03-02,19:18:06,CUST5611,Restaurant_95,Italian,Mumbai,584.91,51.95,138.97,497.89,Credit Card,,Refunded,
ORD000177,2023-10-21,02:07:52,CUST7878,Restaurant_91,Chinese,Delhi,424.64,98.58,0.0,523.22,UPI,35,Delivered,2
ORD000178,2023-12-12,13:25:26,CUST3230,Restaurant_28,Street Food,Kolkata,523.36,96.45,0.0,619.81,Cash on Delivery,62,Delivered,
ORD000179,2023-05-22,14:55:01,CUST7107,Restaurant_76,Chinese,Hyderabad,1319.31,89.2,0.0,1408.51,Wallet,20,Delivered,5
ORD000180,2023-03-30,15:12:57,CUST5454,Restaurant_60,Street Food,Hyderabad,748.29,95.09,0.0,843.38,UPI,29,Delivered,4
ORD000181,2023-08-04,10:23:01,CUST1096,Restaurant_93,Beverages,Delhi,525.36,96.46,64.86,556.96,UPI,33,Delivered,4
ORD000182,2023-03-20,18:20:10,CUST4859,Restaurant_80,Italian,Kolkata,421.25,39.65,46.93,413.97,Wallet,48,Delivered,
ORD000183,2023-04-16,16:26:45,CUST7646,Restaurant_59,Street Food,Ahmedabad,541.05,20.42,24.39,537.08,Wallet,55,Delivered,2
ORD000184,2023-07-24,21:53:18,CUST6381,Restaurant_80,South Indian,Bengaluru,564.2,71.65,106.7,529.15,Cash on Delivery,,Cancelled,
ORD000185,2023-12-19,18:20:19,CUST6451,Restaurant_65,Fast Food,Kolkata,951.89,68.3,0.0,1020.19,Wallet,17,Delivered,1
ORD000186,2023-08-14,20:03:29,CUST1548,Restaurant_33,Street Food,Delhi,763.1,68.9,0.0,832.0,Cash on Delivery,64,Delivered,3
ORD000187,2023-09-21,19:18:54,CUST7152,Restaurant_84,North Indian,Jaipur,722.39,34.08,0.0,756.47,UPI,22,Delivered,1
ORD000188,2023-07-21,06:40:48,CUST2282,Restaurant_91,Healthy Food,Ahmedabad,880.19,80.02,0.0,960.21,Cash on Delivery,47,Delivered,2
ORD000189,2023-09-28,06:13:48,CUST7746,Restaurant_59,Healthy Food,Lucknow,334.48,45.77,0.0,380.25,Debit Card,58,Delivered,4
ORD000190,2023-11-04,08:16:43,CUST4596,Restaurant_59,North Indian,Delhi,1101.0,76.85,48.8,1129.05,UPI,22,Delivered,3
ORD000191,2023-12-25,07:37:20,CUST4555,Restaurant_42,Street Food,Kolkata,693.4,92.51,0.0,785.91,Credit Card,55,Delivered,5
ORD000192,2023-04-10,21:01:40,CUST2162,Restaurant_45,Chinese,Lucknow,1034.5,95.06,0.0,1129.56,UPI,26,Delivered,5
ORD000193,2023-04-26,06:09:02,CUST2828,Restaurant_12,Beverages,Jaipur,1033.54,27.89,100.07,961.36,Wallet,,Refunded,
ORD000194,2023-11-06,19:48:38,CUST1009,Restaurant_55,Street Food,Pune,1320.59,45.28,18.44,1347.43,Debit Card,,Cancelled,
ORD000195,2023-06-26,18:33:45,CUST3664,Restaurant_26,Desserts,Ahmedabad,366.72,53.17,20.24,399.65,Cash on Delivery,,Cancelled,
ORD000196,2023-02-01,23:21:18,CUST6273,Restaurant_57,Beverages,Delhi,531.66,95.91,0.0,627.57,UPI,36,Delivered,3
ORD000197,2023-07-04,11:08:09,CUST6745,Restaurant_11,South Indian,Mumbai,1304.52,71.23,137.24,1238.51,UPI,37,Delivered,2
ORD000198,2023-07-28,12:39:14,CUST9762,Restaurant_28,South Indian,Bengaluru,277.56,42.32,0.0,319.88,Credit Card,28,Delivered,4
ORD000199,2023-05-28,05:04:24,CUST8476,Restaurant_9,Fast Food,Hyderabad,976.17,93.43,0.0,1069.6,Debit Card,32,Delivered,3
ORD000200,2023-09-02,16:21:31,CUST5670,Restaurant_14,Italian,Kolkata,318.2,58.88,0.0,377.08,Credit Card,,Refunded,
ORD000201,2023-02-11,08:29:17,CUST1742,Restaurant_63,North Indian,Delhi,1311.22,87.52,0.0,1398.74,Credit Card,26,Delivered,4
ORD000202,2023-05-28,17:34:03,CUST3715,Restaurant_45,South Indian,Jaipur,854.63,99.06,0.0,953.69,UPI,21,Delivered,1
ORD000203,2023-02-24,10:26:19,CUST3044,Restaurant_58,Beverages,Chennai,958.64,82.66,0.0,1041.3,UPI,47,Delivered,3
ORD000204,2023-07-24,05:22:07,CUST8622,Restaurant_76,Fast Food,Ahmedabad,1406.47,33.77,0.0,1440.24,Credit Card,29,Delivered,
ORD000205,2023-09-13,03:16:49,CUST7191,Restaurant_80,Fast Food,Lucknow,884.98,83.81,0.0,968.79,Cash on Delivery,,Refunded,
ORD000206,2023-12-30,15:41:09,CUST8798,Restaurant_86,Fast Food,Lucknow,585.52,38.43,0.0,623.95,Credit Card,,Refunded,
ORD000207,2023-07-07,22:28:34,CUST9784,Restaurant_5,Biryani,Chennai,812.67,33.93,0.0,846.6,Credit Card,22,Delivered,5
ORD000208,2023-04-30,19:18:13,CUST8421,Restaurant_80,South Indian,Pune,377.75,38.22,0.0,415.97,Credit Card,,Cancelled,
ORD000209,2023-03-15,01:02:20,CUST2373,Restaurant_27,Healthy Food,Mumbai,1048.44,24.69,0.0,1073.13,Wallet,32,Delivered,4
ORD000210,2023-01-26,10:51:36,CUST5268,Restaurant_81,Beverages,Lucknow,1222.24,43.41,0.0,1265.65,UPI,,Refunded,
ORD000211,2023-11-07,18:40:24,CUST2310,Restaurant_63,Fast Food,Hyderabad,1460.97,23.76,41.33,1443.4,UPI,44,Delivered,1
ORD000212,2023-07-26,23:11:51,CUST1809,Restaurant_58,Healthy Food,Ahmedabad,1339.28,84.17,0.0,1423.45,Wallet,56,Delivered,5
ORD000213,2023-02-20,12:02:00,CUST4816,Restaurant_20,Desserts,Bengaluru,232.19,98.63,42.37,288.45,Debit Card,,Refunded,
ORD000214,2023-11-20,16:01:33,CUST1971,Restaurant_99,Healthy Food,Lucknow,568.75,20.54,0.0,589.29,Credit Card,53,Delivered,3
ORD000215,2023-09-08,07:47:19,CUST6241,Restaurant_97,Street Food,Ahmedabad,704.0,69.81,0.0,773.81,Cash on Delivery,,Cancelled,
ORD000216,2023-07-23,04:57:08,CUST3610,Restaurant_21,Healthy Food,Ahmedabad,230.64,32.99,0.0,263.63,Cash on Delivery,44,Delivered,
ORD000217,2023-05-23,12:16:55,CUST2463,Restaurant_39,Biryani,Mumbai,419.42,68.6,0.0,488.02,Credit Card,53,Delivered,4
ORD000218,2023-08-07,23:02:58,CUST4292,Restaurant_66,Chinese,Hyderabad,472.15,59.74,0.0,531.89,Debit Card,28,Delivered,
ORD000219,2023-11-27,22:56:21,CUST1668,Restaurant_90,Street Food,Lucknow,436.23,98.51,0.0,534.74,Debit Card,28,Delivered,4
ORD000220,2023-05-31,08:18:26,CUST9596,Restaurant_1,Healthy Food,Kolkata,544.62,40.95,32.06,553.51,Wallet,58,Delivered,2
ORD000221,2023-01-23,07:08:12,CUST7181,Restaurant_37,North Indian,Jaipur,1312.91,49.29,0.0,1362.2,Wallet,,Cancelled,
ORD000222,2023-03-10,02:23:01,CUST3115,Restaurant_20,Street Food,Jaipur,838.21,68.15,0.0,906.36,Credit Card,60,Delivered,3
ORD000223,2023-07-27,03:08:13,CUST9759,Restaurant_25,North Indian,Lucknow,257.02,74.48,0.0,331.5,Wallet,38,Delivered,
ORD000224,2023-01-31,20:36:22,CUST5405,Restaurant_4,South Indian,Delhi,1327.92,64.99,0.0,1392.91,Credit Card,,Refunded,
ORD000225,2023-08-06,07:03:14,CUST4720,Restaurant_59,Healthy Food,Chennai,768.53,22.37,0.0,790.9,Credit Card,39,Delivered,3
ORD000226,2023-01-20,14:07:50,CUST8542,Restaurant_10,South Indian,Delhi,965.94,78.3,0.0,1044.24,UPI,48,Delivered,3
ORD000227,2023-02-11,17:24:33,CUST9059,Restaurant_26,Desserts,Mumbai,1188.59,56.44,0.0,1245.03,Wallet,53,Delivered,3
ORD000228,2023-01-01,05:06:50,CUST9609,Restaurant_43,Chinese,Ahmedabad,1266.71,34.37,0.0,1301.08,UPI,33,Delivered,2
ORD000229,2023-06-15,12:55:41,CUST5969,Restaurant_3,Desserts,Ahmedabad,928.32,58.7,35.5,951.52,Credit Card,15,Delivered,4
ORD000230,2023-02-23,07:18:28,CUST2802,Restaurant_96,Healthy Food,Jaipur,785.29,21.12,0.0,806.41,Debit Card,,Cancelled,
ORD000231,2023-10-14,10:07:07,CUST2947,Restaurant_98,South Indian,Chennai,239.92,75.24,0.0,315.16,Wallet,,Cancelled,
ORD000232,2023-12-20,02:04:09,CUST8637,Restaurant_14,Fast Food,Ahmedabad,954.17,44.78,30.09,968.86,Credit Card,,Refunded,
ORD000233,2023-02-19,00:03:29,CUST7419,Restaurant_14,North Indian,Lucknow,1326.37,30.83,57.17,1300.03,UPI,28,Delivered,5
ORD000234,2023-12-25,19:17:53,CUST3799,Restaurant_54,Chinese,Lucknow,578.29,47.23,0.0,625.52,UPI,46,Delivered,
ORD000235,2023-11-15,07:57:27,CUST9635,Restaurant_34,South Indian,Pune,651.82,57.45,0.0,709.27,Debit Card,31,Delivered,3
ORD000236,2023-05-06,04:37:16,CUST9928,Restaurant_77,South Indian,Pune,874.72,47.88,0.0,922.6,Wallet,44,Delivered,4
ORD000237,2023-10-15,03:58:38,CUST5139,Restaurant_81,Desserts,Pune,772.01,33.08,0.0,805.09,Debit Card,26,Delivered,
ORD000238,2023-09-10,05:05:24,CUST8082,Restaurant_51,South Indian,Bengaluru,233.88,91.5,83.52,241.86,UPI,46,Delivered,
ORD000239,2023-09-29,10:04:33,CUST6090,Restaurant_73,North Indian,Bengaluru,869.5,81.08,0.0,950.58,Wallet,,Cancelled,
ORD000240,2023-08-28,01:18:41,CUST7708,Restaurant_7,Biryani,Hyderabad,1075.16,64.25,75.65,1063.76,UPI,50,Delivered,1
ORD000241,2023-01-06,14:11:19,CUST5132,Restaurant_35,Desserts,Ahmedabad,1313.71,85.73,69.3,1330.14,UPI,64,Delivered,2
ORD000242,2023-11-10,04:01:03,CUST7808,Restaurant_17,North Indian,Hyderabad,1012.56,20.9,0.0,1033.46,Wallet,61,Delivered,3
ORD000243,2023-05-24,03:53:06,CUST5192,Restaurant_12,Healthy Food,Jaipur,1349.32,42.88,0.0,1392.2,Debit Card,,Cancelled,
ORD000244,2023-02-20,06:09:46,CUST5946,Restaurant_47,Beverages,Lucknow,1298.57,32.73,73.53,1257.77,Credit Card,33,Delivered,2
ORD000245,2023-08-03,15:19:49,CUST1318,Restaurant_44,North Indian,Ahmedabad,350.38,82.3,0.0,432.68,Debit Card,51,Delivered,5
ORD000246,2023-08-07,17:17:20,CUST6783,Restaurant_50,North Indian,Jaipur,517.89,67.81,78.55,507.15,Debit Card,54,Delivered,
ORD000247,2023-06-01,03:10:06,CUST7253,Restaurant_32,North Indian,Lucknow,1312.6,67.46,0.0,1380.06,UPI,43,Delivered,
ORD000248,2023-07-29,18:29:46,CUST2947,Restaurant_71,North Indian,Bengaluru,1206.8,21.1,0.0,1227.9,Debit Card,64,Delivered,1
ORD000249,2023-12-16,14:24:55,CUST4229,Restaurant_11,Beverages,Delhi,377.02,95.92,0.0,472.94,Debit Card,28,Delivered,3
ORD000250,2023-08-08,14:59:22,CUST3298,Restaurant_81,North Indian,Chennai,885.17,69.37,26.36,928.18,UPI,,Cancelled,
ORD000251,2023-08-15,22:18:57,CUST9438,Restaurant_38,Street Food,Jaipur,200.64,64.22,0.0,264.86,Wallet,43,Delivered,2
ORD000252,2023-03-21,06:36:25,CUST6031,Restaurant_80,Beverages,Kolkata,1110.83,82.17,0.0,1193.0,UPI,64,Delivered,4
ORD000253,2023-11-29,02:05:58,CUST6948,Restaurant_31,Biryani,Ahmedabad,1033.96,35.72,143.81,925.87,Credit Card,26,Delivered,
ORD000254,2023-12-04,14:46:26,CUST4785,Restaurant_39,Street Food,Pune,1150.08,61.5,0.0,1211.58,Cash on Delivery,,Cancelled,
ORD000255,2023-10-19,15:58:59,CUST7839,Restaurant_30,Street Food,Delhi,911.35,47.47,0.0,958.82,UPI,32,Delivered,1
ORD000256,2023-07-24,09:18:10,CUST2468,Restaurant_39,Chinese,Kolkata,1003.26,75.01,0.0,1078.27,UPI,62,Delivered,4
ORD000257,2023-10-10,13:49:58,CUST6203,Restaurant_60,Italian,Kolkata,1369.54,41.63,0.0,1411.17,Debit Card,23,Delivered,4
ORD000258,2023-02-22,08:06:28,CUST6463,Restaurant_12,Healthy Food,Jaipur,839.86,70.14,0.0,910.0,UPI,51,Delivered,4
ORD000259,2023-12-16,18:11:28,CUST1540,Restaurant_40,South Indian,Chennai,796.6,47.57,0.0,844.17,Credit Card,43,Delivered,
ORD000260,2023-04-02,03:37:23,CUST4110,Restaurant_22,Desserts,Bengaluru,884.39,30.37,0.0,914.76,Wallet,,Refunded,
ORD000261,2023-01-23,19:56:00,CUST6483,Restaurant_36,Chinese,Delhi,969.14,21.85,0.0,990.99,Credit Card,51,Delivered,
ORD000262,2023-05-10,06:42:25,CUST2888,Restaurant_87,South Indian,Mumbai,428.48,48.98,0.0,477.46,Wallet,39,Delivered,4
ORD000263,2023-01-18,04:35:48,CUST7192,Restaurant_12,Street Food,Pune,1431.89,65.81,145.12,1352.58,UPI,17,Delivered,3
ORD000264,2023-10-13,19:02:42,CUST2303,Restaurant_41,Street Food,Chennai,1166.36,62.22,0.0,1228.58,Debit Card,51,Delivered,4
ORD000265,2023-08-30,20:05:34,CUST7849,Restaurant_59,Healthy Food,Lucknow,490.64,88.09,83.27,495.46,Wallet,,Cancelled,
ORD000266,2023-10-19,16:42:13,CUST2186,Restaurant_2,South Indian,Lucknow,1022.26,21.23,0.0,1043.49,UPI,46,Delivered,
ORD000267,2023-11-10,13:52:05,CUST1691,Restaurant_47,South Indian,Chennai,996.45,73.3,0.0,1069.75,Wallet,58,Delivered,5
ORD000268,2023-04-30,13:04:47,CUST3820,Restaurant_86,Fast Food,Hyderabad,352.1,44.62,0.0,396.72,UPI,29,Delivered,3
ORD000269,2023-01-13,05:05:12,CUST3320,Restaurant_99,Healthy Food,Delhi,426.12,38.49,0.0,464.61,Wallet,46,Delivered,5
ORD000270,2023-06-23,05:51:43,CUST9637,Restaurant_78,Italian,Delhi,729.76,57.2,29.66,757.3,Cash on Delivery,30,Delivered,5
ORD000271,2023-06-22,02:19:11,CUST2138,Restaurant_86,South Indian,Pune,230.32,39.01,0.0,269.33,Credit Card,31,Delivered,5
ORD000272,2023-05-18,02:25:44,CUST5379,Restaurant_95,Street Food,Chennai,788.19,46.66,0.0,834.85,Debit Card,43,Delivered,
ORD000273,2023-12-22,16:15:28,CUST6903,Restaurant_46,North Indian,Chennai,1336.89,37.5,0.0,1374.39,Credit Card,,Refunded,
ORD000274,2023-02-16,08:16:47,CUST4011,Restaurant_71,South Indian,Bengaluru,639.93,85.99,0.0,725.92,UPI,31,Delivered,5
ORD000275,2023-10-08,15:13:21,CUST4405,Restaurant_62,Desserts,Pune,855.88,39.88,125.82,769.94,Credit Card,,Cancelled,
ORD000276,2023-01-28,10:11:30,CUST9442,Restaurant_31,South Indian,Chennai,919.0,45.98,0.0,964.98,Debit Card,,Refunded,
ORD000277,2023-09-07,18:45:15,CUST1705,Restaurant_80,Desserts,Hyderabad,1114.94,51.26,146.79,1019.41,Credit Card,16,Delivered,4
ORD000278,2023-06-29,04:15:58,CUST5114,Restaurant_83,Desserts,Ahmedabad,1204.88,20.79,0.0,1225.67,Credit Card,44,Delivered,5
ORD000279,2023-03-12,15:17:39,CUST7497,Restaurant_45,Desserts,Mumbai,165.03,80.31,107.33,138.01,Debit Card,17,Delivered,3
ORD000280,2023-06-23,12:00:52,CUST7715,Restaurant_7,Fast Food,Lucknow,498.91,79.87,0.0,578.78,Wallet,63,Delivered,3
ORD000281,2023-05-29,05:38:30,CUST6577,Restaurant_99,Street Food,Pune,881.08,99.53,0.0,980.61,Wallet,36,Delivered,
ORD000282,2023-08-07,20:54:38,CUST3224,Restaurant_33,South Indian,Pune,993.47,45.03,0.0,1038.5,UPI,44,Delivered,
ORD000283,2023-08-11,01:14:57,CUST9261,Restaurant_91,Chinese,Lucknow,1021.62,54.29,0.0,1075.91,Wallet,,Cancelled,
ORD000284,2023-04-21,12:29:42,CUST1828,Restaurant_89,Beverages,Lucknow,1431.31,79.24,0.0,1510.55,Wallet,,Refunded,
ORD000285,2023-08-24,09:43:27,CUST7854,Restaurant_90,Street Food,Chennai,745.14,77.71,0.0,822.85,Debit Card,31,Delivered,4
ORD000286,2023-06-30,00:30:45,CUST5684,Restaurant_35,Beverages,Ahmedabad,631.69,46.92,0.0,678.61,Cash on Delivery,41,Delivered,
ORD000287,2023-09-02,18:51:20,CUST6012,Restaurant_46,Chinese,Kolkata,901.73,60.22,20.69,941.26,Cash on Delivery,,Cancelled,
ORD000288,2023-09-22,05:39:19,CUST8451,Restaurant_30,Chinese,Ahmedabad,908.82,24.33,0.0,933.15,Debit Card,63,Delivered,2
ORD000289,2023-05-25,16:09:13,CUST7855,Restaurant_26,Street Food,Chennai,1354.01,38.82,116.58,1276.25,Credit Card,25,Delivered,5
ORD000290,2023-04-12,21:52:04,CUST7222,Restaurant_79,South Indian,Chennai,658.72,57.03,140.73,575.02,Debit Card,57,Delivered,2
ORD000291,2023-01-20,17:59:42,CUST8787,Restaurant_19,Fast Food,Hyderabad,473.56,48.14,0.0,521.7,Debit Card,17,Delivered,3
ORD000292,2023-02-01,17:33:55,CUST6623,Restaurant_5,Fast Food,Chennai,1096.76,82.89,0.0,1179.65,Wallet,51,Delivered,
ORD000293,2023-07-22,06:48:13,CUST3472,Restaurant_46,South Indian,Lucknow,505.76,88.76,0.0,594.52,UPI,55,Delivered,5
ORD000294,2023-02-05,20:17:24,CUST2846,Restaurant_54,Chinese,Hyderabad,347.09,82.39,0.0,429.48,Debit Card,29,Delivered,2
ORD000295,2023-03-16,09:38:14,CUST4023,Restaurant_52,Chinese,Delhi,1177.59,71.56,0.0,1249.15,Credit Card,,Cancelled,
ORD000296,2023-04-22,17:16:46,CUST1111,Restaurant_40,Italian,Lucknow,368.22,81.65,78.51,371.36,UPI,,Refunded,
ORD000297,2023-12-20,20:46:36,CUST7817,Restaurant_1,Italian,Lucknow,1373.66,35.55,11.45,1397.76,Credit Card,32,Delivered,1
ORD000298,2023-07-06,01:58:40,CUST9928,Restaurant_41,Fast Food,Mumbai,1014.77,68.23,0.0,1083.0,Credit Card,21,Delivered,5
ORD000299,2023-10-30,17:38:32,CUST9277,Restaurant_68,Healthy Food,Kolkata,1060.54,53.87,0.0,1114.41,Cash on Delivery,45,Delivered,2
ORD000300,2023-09-01,10:08:57,CUST1540,Restaurant_4,Fast Food,Ahmedabad,1199.08,87.38,0.0,1286.46,Credit Card,41,Delivered,5
ORD000301,2023-02-08,18:33:31,CUST5297,Restaurant_13,Fast Food,Jaipur,1319.59,85.31,0.0,1404.9,Cash on Delivery,22,Delivered,
ORD000302,2023-07-12,16:44:45,CUST1540,Restaurant_79,North Indian,Kolkata,738.72,74.1,0.0,812.82,Debit Card,55,Delivered,3
ORD000303,2023-05-29,07:02:22,CUST2752,Restaurant_81,Italian,Pune,417.3,95.19,0.0,512.49,Debit Card,21,Delivered,5
ORD000304,2023-11-15,13:32:14,CUST8372,Restaurant_66,North Indian,Lucknow,947.42,75.02,0.0,1022.44,Debit Card,51,Delivered,5
ORD000305,2023-11-02,18:09:58,CUST2176,Restaurant_3,Healthy Food,Lucknow,464.13,52.85,0.0,516.98,Wallet,41,Delivered,2
ORD000306,2023-04-18,17:29:18,CUST8498,Restaurant_33,Healthy Food,Hyderabad,376.84,77.26,0.0,454.1,Credit Card,,Refunded,
ORD000307,2023-12-15,04:12:56,CUST1526,Restaurant_33,North Indian,Bengaluru,1012.95,83.06,0.0,1096.01,Credit Card,17,Delivered,4
ORD000308,2023-01-16,22:17:31,CUST1206,Restaurant_96,Fast Food,Ahmedabad,589.47,42.18,0.0,631.65,Debit Card,,Cancelled,
ORD000309,2023-10-07,00:04:32,CUST3908,Restaurant_32,Biryani,Pune,235.98,40.16,0.0,276.14,UPI,,Refunded,
ORD000310,2023-02-21,12:01:59,CUST1307,Restaurant_33,Street Food,Kolkata,1199.86,96.54,0.0,1296.4,Credit Card,,Cancelled,
ORD000311,2023-09-15,18:15:53,CUST8623,Restaurant_67,Beverages,Ahmedabad,850.54,53.24,0.0,903.78,Debit Card,64,Delivered,
ORD000312,2023-08-24,02:32:02,CUST3419,Restaurant_86,Chinese,Lucknow,1009.05,74.72,0.0,1083.77,Cash on Delivery,,Refunded,
ORD000313,2023-05-30,05:41:32,CUST1463,Restaurant_92,Biryani,Kolkata,548.09,86.1,0.0,634.19,Cash on Delivery,33,Delivered,4
ORD000314,2023-07-27,09:48:15,CUST7503,Restaurant_8,South Indian,Lucknow,595.69,74.13,0.0,669.82,Debit Card,61,Delivered,4
ORD000315,2023-06-21,18:22:48,CUST5637,Restaurant_83,South Indian,Bengaluru,1090.09,77.76,0.0,1167.85,Credit Card,59,Delivered,1
ORD000316,2023-12-18,21:09:22,CUST1359,Restaurant_75,Italian,Delhi,1469.74,72.11,0.0,1541.85,UPI,,Refunded,
ORD000317,2023-01-19,16:55:28,CUST6051,Restaurant_76,Beverages,Kolkata,209.72,56.68,0.0,266.4,Wallet,54,Delivered,5
ORD000318,2023-02-28,06:19:20,CUST7019,Restaurant_73,North Indian,Kolkata,1296.78,56.68,82.31,1271.15,Wallet,57,Delivered,2
ORD000319,2023-10-28,12:57:22,CUST5255,Restaurant_5,South Indian,Bengaluru,943.11,54.92,0.0,998.03,UPI,47,Delivered,5
ORD000320,2023-10-19,02:10:59,CUST3408,Restaurant_48,Beverages,Pune,1465.89,64.03,0.0,1529.92,Debit Card,,Cancelled,
ORD000321,2023-05-28,18:02:21,CUST2139,Restaurant_84,North Indian,Mumbai,548.91,95.25,0.0,644.16,UPI,21,Delivered,2
ORD000322,2023-02-16,20:12:00,CUST3796,Restaurant_68,Biryani,Hyderabad,992.34,94.64,60.15,1026.83,Cash on Delivery,28,Delivered,1
ORD000323,2023-01-06,14:52:42,CUST8045,Restaurant_46,Beverages,Kolkata,1019.0,67.84,138.49,948.35,Debit Card,36,Delivered,
ORD000324,2023-06-12,10:16:07,CUST1881,Restaurant_64,South Indian,Delhi,552.48,90.86,0.0,643.34,UPI,45,Delivered,2
ORD000325,2023-10-28,17:38:55,CUST5811,Restaurant_13,Desserts,Ahmedabad,981.67,62.35,0.0,1044.02,Credit Card,38,Delivered,2
ORD000326,2023-05-14,20:30:06,CUST4336,Restaurant_88,Desserts,Mumbai,188.29,97.28,0.0,285.57,Wallet,62,Delivered,4
ORD000327,2023-07-30,05:02:16,CUST2245,Restaurant_84,Fast Food,Jaipur,1114.89,44.98,125.97,1033.9,Wallet,42,Delivered,
ORD000328,2023-03-27,22:43:30,CUST5459,Restaurant_98,Fast Food,Ahmedabad,652.55,57.08,0.0,709.63,Credit Card,21,Delivered,5
ORD000329,2023-06-24,02:27:20,CUST4378,Restaurant_93,Chinese,Jaipur,1293.57,88.58,0.0,1382.15,UPI,,Cancelled,
ORD000330,2023-07-12,06:12:34,CUST2223,Restaurant_81,Street Food,Hyderabad,667.98,66.75,0.0,734.73,Debit Card,27,Delivered,3
ORD000331,2023-12-18,16:01:06,CUST9032,Restaurant_49,Fast Food,Delhi,195.67,41.26,0.0,236.93,Cash on Delivery,22,Delivered,
ORD000332,2023-07-28,12:31:19,CUST6088,Restaurant_73,Desserts,Bengaluru,198.12,69.47,0.0,267.59,Credit Card,24,Delivered,1
ORD000333,2023-11-05,01:36:24,CUST1493,Restaurant_24,Fast Food,Pune,1306.2,85.56,0.0,1391.76,Wallet,15,Delivered,2
ORD000334,2023-11-27,19:41:37,CUST8074,Restaurant_52,Fast Food,Pune,635.56,44.95,140.67,539.84,Wallet,62,Delivered,3
ORD000335,2023-06-28,13:32:09,CUST7001,Restaurant_98,Chinese,Hyderabad,1201.83,60.55,0.0,1262.38,UPI,44,Delivered,5
ORD000336,2023-11-15,19:45:01,CUST4934,Restaurant_90,Street Food,Ahmedabad,1459.83,83.68,25.0,1518.51,Wallet,44,Delivered,5
ORD000337,2023-02-21,21:12:40,CUST1042,Restaurant_37,Healthy Food,Jaipur,233.86,73.47,0.0,307.33,UPI,56,Delivered,3
ORD000338,2023-09-29,16:41:24,CUST3212,Restaurant_46,Desserts,Hyderabad,532.11,45.67,0.0,577.78,Wallet,,Refunded,
ORD000339,2023-04-10,13:03:04,CUST8018,Restaurant_33,Italian,Ahmedabad,1222.23,51.53,79.34,1194.42,Debit Card,,Refunded,
ORD000340,2023-07-21,18:00:58,CUST9583,Restaurant_63,Biryani,Mumbai,166.29,76.0,0.0,242.29,Credit Card,59,Delivered,
ORD000341,2023-02-02,07:08:06,CUST4510,Restaurant_76,Street Food,Pune,1459.54,20.62,0.0,1480.16,UPI,36,Delivered,
ORD000342,2023-05-29,03:03:52,CUST5277,Restaurant_20,Healthy Food,Chennai,1235.06,56.26,0.0,1291.32,UPI,26,Delivered,2
ORD000343,2023-11-23,08:02:35,CUST3636,Restaurant_96,South Indian,Ahmedabad,849.56,59.13,141.19,767.5,Debit Card,57,Delivered,4
ORD000344,2023-03-21,18:14:06,CUST2717,Restaurant_29,Street Food,Chennai,1119.82,94.67,42.23,1172.26,Cash on Delivery,33,Delivered,4
ORD000345,2023-01-09,16:40:55,CUST3226,Restaurant_87,Biryani,Ahmedabad,1422.48,56.88,0.0,1479.36,Credit Card,57,Delivered,2
ORD000346,2023-02-06,09:13:40,CUST2216,Restaurant_11,North Indian,Bengaluru,1356.83,67.89,68.97,1355.75,Debit Card,,Refunded,
ORD000347,2023-10-26,07:20:13,CUST4185,Restaurant_94,Biryani,Bengaluru,690.91,96.53,106.79,680.65,Cash on Delivery,56,Delivered,3
ORD000348,2023-08-16,20:34:39,CUST5666,Restaurant_87,Beverages,Kolkata,1129.43,97.78,0.0,1227.21,UPI,37,Delivered,1
ORD000349,2023-07-31,10:21:20,CUST3666,Restaurant_49,Fast Food,Chennai,1058.7,31.54,0.0,1090.24,UPI,,Cancelled,
ORD000350,2023-10-11,15:12:06,CUST9151,Restaurant_27,North Indian,Ahmedabad,711.5,72.96,0.0,784.46,Wallet,,Refunded,
ORD000351,2023-05-20,15:50:07,CUST5496,Restaurant_54,North Indian,Bengaluru,520.7,30.99,139.26,412.43,Credit Card,,Refunded,
ORD000352,2023-02-20,20:40:40,CUST6524,Restaurant_2,North Indian,Pune,1247.84,66.1,0.0,1313.94,Cash on Delivery,,Refunded,
ORD000353,2023-08-18,03:00:03,CUST3178,Restaurant_87,Italian,Mumbai,1106.47,58.91,30.97,1134.41,Cash on Delivery,,Cancelled,
ORD000354,2023-07-28,08:12:48,CUST9370,Restaurant_76,Chinese,Delhi,1467.38,36.7,0.0,1504.08,Credit Card,21,Delivered,2
ORD000355,2023-09-10,17:49:24,CUST5477,Restaurant_19,Biryani,Ahmedabad,898.85,76.43,0.0,975.28,Wallet,23,Delivered,5
ORD000356,2023-11-04,15:46:44,CUST9481,Restaurant_9,Beverages,Chennai,616.83,28.04,0.0,644.87,UPI,,Cancelled,
ORD000357,2023-08-20,09:25:04,CUST9456,Restaurant_3,North Indian,Kolkata,695.48,34.99,0.0,730.47,UPI,59,Delivered,
ORD000358,2023-12-26,22:59:06,CUST5504,Restaurant_39,Healthy Food,Hyderabad,926.4,61.59,0.0,987.99,UPI,34,Delivered,1
ORD000359,2023-05-03,11:32:14,CUST4100,Restaurant_26,Street Food,Jaipur,748.13,41.73,0.0,789.86,UPI,61,Delivered,5
ORD000360,2023-03-25,13:07:10,CUST3590,Restaurant_80,Chinese,Mumbai,1171.52,78.01,0.0,1249.53,UPI,33,Delivered,4
ORD000361,2023-07-26,23:18:53,CUST2109,Restaurant_29,Street Food,Kolkata,1392.18,37.51,0.0,1429.69,Wallet,,Cancelled,
ORD000362,2023-03-17,16:16:05,CUST6851,Restaurant_99,South Indian,Delhi,515.49,70.74,0.0,586.23,Debit Card,,Refunded,
ORD000363,2023-02-24,21:49:20,CUST5020,Restaurant_23,Beverages,Chennai,362.59,54.59,89.54,327.64,Debit Card,,Cancelled,
ORD000364,2023-11-09,19:01:09,CUST3257,Restaurant_24,Italian,Chennai,1465.6,22.96,0.0,1488.56,Wallet,31,Delivered,
ORD000365,2023-11-24,20:10:49,CUST7874,Restaurant_7,Italian,Chennai,1018.25,24.13,0.0,1042.38,Wallet,57,Delivered,5
ORD000366,2023-03-18,23:38:44,CUST6015,Restaurant_95,Beverages,Mumbai,306.05,97.4,0.0,403.45,Debit Card,41,Delivered,2
ORD000367,2023-05-14,06:10:52,CUST6557,Restaurant_44,South Indian,Kolkata,601.27,36.84,0.0,638.11,Debit Card,52,Delivered,1
ORD000368,2023-11-27,16:49:04,CUST4644,Restaurant_75,Beverages,Hyderabad,1071.6,24.69,0.0,1096.29,Debit Card,22,Delivered,5
ORD000369,2023-07-11,08:01:23,CUST4416,Restaurant_39,Desserts,Jaipur,178.76,23.2,0.0,201.96,Debit Card,36,Delivered,1
ORD000370,2023-07-05,15:50:41,CUST5458,Restaurant_18,Fast Food,Pune,555.15,33.46,0.0,588.61,Wallet,61,Delivered,4
ORD000371,2023-09-10,16:23:05,CUST7653,Restaurant_65,Italian,Chennai,227.17,32.95,0.0,260.12,Credit Card,58,Delivered,5
ORD000372,2023-10-17,10:28:36,CUST3376,Restaurant_5,Fast Food,Bengaluru,530.28,49.07,0.0,579.35,Cash on Delivery,30,Delivered,4
ORD000373,2023-01-19,15:02:35,CUST3408,Restaurant_79,Fast Food,Mumbai,810.03,41.91,12.61,839.33,UPI,47,Delivered,3
ORD000374,2023-06-19,15:51:23,CUST2365,Restaurant_49,Street Food,Chennai,1237.83,97.27,0.0,1335.1,Cash on Delivery,64,Delivered,3
ORD000375,2023-09-20,19:45:30,CUST8711,Restaurant_26,Beverages,Ahmedabad,215.38,38.3,0.0,253.68,Debit Card,,Refunded,
ORD000376,2023-10-07,08:16:33,CUST3489,Restaurant_74,Healthy Food,Ahmedabad,165.39,45.58,81.65,129.32,UPI,,Cancelled,
ORD000377,2023-09-16,20:22:18,CUST6943,Restaurant_43,South Indian,Hyderabad,567.45,30.63,0.0,598.08,Cash on Delivery,34,Delivered,1
ORD000378,2023-12-27,14:42:24,CUST3706,Restaurant_34,Biryani,Lucknow,527.42,76.9,0.0,604.32,Credit Card,,Cancelled,
ORD000379,2023-03-21,02:15:17,CUST6492,Restaurant_22,Chinese,Pune,1435.97,53.72,0.0,1489.69,Wallet,63,Delivered,4
ORD000380,2023-09-29,16:38:34,CUST3516,Restaurant_40,Chinese,Ahmedabad,1188.7,87.46,0.0,1276.16,Cash on Delivery,,Cancelled,
ORD000381,2023-08-06,06:51:11,CUST6275,Restaurant_17,Beverages,Chennai,836.65,84.33,22.44,898.54,Debit Card,,Cancelled,
ORD000382,2023-09-12,02:48:40,CUST9357,Restaurant_99,Beverages,Lucknow,1130.69,60.69,0.0,1191.38,Debit Card,58,Delivered,
ORD000383,2023-06-04,02:03:48,CUST2017,Restaurant_70,Beverages,Mumbai,813.41,96.26,0.0,909.67,Cash on Delivery,,Refunded,
ORD000384,2023-08-05,23:11:01,CUST9753,Restaurant_36,Healthy Food,Hyderabad,284.44,74.63,0.0,359.07,Debit Card,38,Delivered,5
ORD000385,2023-03-31,00:30:09,CUST1466,Restaurant_83,Fast Food,Jaipur,150.52,87.42,0.0,237.94,Cash on Delivery,45,Delivered,5
ORD000386,2023-06-13,19:27:56,CUST1892,Restaurant_60,Biryani,Bengaluru,499.18,85.07,0.0,584.25,UPI,45,Delivered,3
ORD000387,2023-06-05,06:04:11,CUST7994,Restaurant_70,Beverages,Lucknow,498.23,71.21,0.0,569.44,Wallet,20,Delivered,5
ORD000388,2023-06-05,05:57:44,CUST6689,Restaurant_31,Fast Food,Lucknow,979.33,41.76,0.0,1021.09,Debit Card,,Refunded,
ORD000389,2023-09-02,04:24:23,CUST6895,Restaurant_97,Italian,Delhi,950.83,24.49,0.0,975.32,Credit Card,35,Delivered,2
ORD000390,2023-02-21,00:46:40,CUST2363,Restaurant_46,Biryani,Mumbai,186.34,60.07,0.0,246.41,Wallet,54,Delivered,
ORD000391,2023-10-30,00:38:52,CUST5806,Restaurant_8,Street Food,Jaipur,920.68,52.88,0.0,973.56,Wallet,31,Delivered,2
ORD000392,2023-01-23,16:40:59,CUST5571,Restaurant_79,Fast Food,Chennai,394.53,85.74,114.59,365.68,Credit Card,55,Delivered,4
ORD000393,2023-07-17,06:29:43,CUST6023,Restaurant_44,North Indian,Lucknow,820.47,92.15,101.73,810.89,Wallet,65,Delivered,2
ORD000394,2023-04-01,04:08:28,CUST4233,Restaurant_25,Fast Food,Kolkata,1369.7,57.72,69.43,1357.99,Wallet,,Refunded,
ORD000395,2023-07-15,22:35:14,CUST9366,Restaurant_82,South Indian,Lucknow,1042.45,59.01,68.87,1032.59,UPI,17,Delivered,4
ORD000396,2023-04-13,13:01:54,CUST7749,Restaurant_43,North Indian,Bengaluru,244.52,90.47,0.0,334.99,UPI,18,Delivered,4
ORD000397,2023-04-29,05:35:45,CUST4225,Restaurant_1,South Indian,Ahmedabad,1143.33,64.8,0.0,1208.13,UPI,,Refunded,
ORD000398,2023-06-14,18:25:30,CUST2119,Restaurant_99,Biryani,Bengaluru,1066.0,29.23,0.0,1095.23,UPI,34,Delivered,3
ORD000399,2023-04-18,23:32:49,CUST1248,Restaurant_31,North Indian,Ahmedabad,819.79,74.82,0.0,894.61,Debit Card,18,Delivered,
ORD000400,2023-09-09,10:12:41,CUST9582,Restaurant_71,Chinese,Jaipur,661.62,34.07,74.42,621.27,Cash on Delivery,27,Delivered,3
ORD000401,2023-03-26,08:59:13,CUST5116,Restaurant_3,North Indian,Pune,167.66,95.41,0.0,263.07,Wallet,63,Delivered,
ORD000402,2023-01-02,08:14:35,CUST7666,Restaurant_31,Fast Food,Bengaluru,447.28,51.35,0.0,498.63,Cash on Delivery,61,Delivered,2
ORD000403,2023-10-27,22:13:27,CUST3632,Restaurant_40,Chinese,Lucknow,1474.69,51.29,0.0,1525.98,Wallet,,Refunded,
ORD000404,2023-03-13,13:11:37,CUST5881,Restaurant_46,Italian,Lucknow,209.42,86.89,0.0,296.31,Wallet,37,Delivered,5
ORD000405,2023-10-04,14:47:30,CUST8261,Restaurant_27,Italian,Bengaluru,821.77,61.12,0.0,882.89,Cash on Delivery,30,Delivered,2
ORD000406,2023-05-17,23:07:27,CUST4743,Restaurant_88,Italian,Ahmedabad,1286.5,81.84,123.1,1245.24,Credit Card,47,Delivered,4
ORD000407,2023-02-14,20:23:10,CUST4532,Restaurant_98,South Indian,Delhi,767.05,55.02,0.0,822.07,UPI,39,Delivered,1
ORD000408,2023-06-05,04:16:02,CUST8229,Restaurant_59,Desserts,Hyderabad,1048.89,41.51,0.0,1090.4,Wallet,63,Delivered,4
ORD000409,2023-08-06,18:10:05,CUST5641,Restaurant_91,Italian,Bengaluru,877.09,59.78,0.0,936.87,Cash on Delivery,36,Delivered,
ORD000410,2023-08-15,11:19:49,CUST5240,Restaurant_90,Fast Food,Chennai,1306.59,25.87,0.0,1332.46,Credit Card,39,Delivered,2
ORD000411,2023-06-19,21:19:02,CUST3069,Restaurant_55,Italian,Delhi,1258.99,40.92,95.46,1204.45,Cash on Delivery,,Cancelled,
ORD000412,2023-02-18,08:33:42,CUST6886,Restaurant_59,Street Food,Kolkata,1424.31,87.09,0.0,1511.4,Wallet,,Refunded,
ORD000413,2023-10-16,15:31:43,CUST3057,Restaurant_7,Desserts,Chennai,853.98,62.88,0.0,916.86,Credit Card,54,Delivered,3
ORD000414,2023-07-19,13:44:55,CUST6849,Restaurant_19,Healthy Food,Delhi,929.54,32.7,0.0,962.24,Cash on Delivery,,Cancelled,
ORD000415,2023-11-20,22:56:39,CUST5886,Restaurant_63,Chinese,Mumbai,1488.63,90.74,145.34,1434.03,Cash on Delivery,18,Delivered,5
ORD000416,2023-05-31,09:42:19,CUST5283,Restaurant_77,Italian,Ahmedabad,1190.88,76.32,0.0,1267.2,UPI,,Cancelled,
ORD000417,2023-10-14,13:32:39,CUST6158,Restaurant_54,Italian,Delhi,623.25,80.65,145.93,557.97,Credit Card,46,Delivered,
ORD000418,2023-12-26,02:04:00,CUST6739,Restaurant_16,North Indian,Bengaluru,598.03,68.13,101.89,564.27,Wallet,55,Delivered,2
ORD000419,2023-04-15,12:10:19,CUST6856,Restaurant_82,South Indian,Jaipur,524.49,26.7,0.0,551.19,Debit Card,25,Delivered,1
ORD000420,2023-03-30,15:16:05,CUST2625,Restaurant_12,North Indian,Bengaluru,324.91,57.29,105.95,276.25,UPI,,Cancelled,
ORD000421,2023-07-15,18:18:58,CUST8158,Restaurant_56,Beverages,Pune,1097.79,44.29,0.0,1142.08,Cash on Delivery,42,Delivered,3
ORD000422,2023-02-18,02:29:19,CUST9281,Restaurant_94,Chinese,Delhi,1067.37,67.77,68.84,1066.3,UPI,,Cancelled,
ORD000423,2023-11-18,08:31:45,CUST9410,Restaurant_93,Beverages,Chennai,279.66,95.01,97.82,276.85,Debit Card,50,Delivered,4
ORD000424,2023-04-14,00:04:05,CUST3667,Restaurant_80,Desserts,Jaipur,1449.66,20.58,0.0,1470.24,Credit Card,,Refunded,
ORD000425,2023-07-22,19:50:39,CUST6575,Restaurant_77,Chinese,Hyderabad,263.34,20.73,0.0,284.07,Debit Card,,Refunded,
ORD000426,2023-07-04,00:57:28,CUST7249,Restaurant_32,Fast Food,Jaipur,512.82,87.31,0.0,600.13,Cash on Delivery,,Cancelled,
ORD000427,2023-03-28,17:03:09,CUST8330,Restaurant_91,Biryani,Mumbai,631.32,28.93,0.0,660.25,Debit Card,37,Delivered,
ORD000428,2023-06-09,15:26:25,CUST4116,Restaurant_18,Desserts,Jaipur,1122.38,97.31,76.59,1143.1,Wallet,53,Delivered,3
ORD000429,2023-06-21,06:14:46,CUST2958,Restaurant_69,Biryani,Lucknow,1047.29,54.4,0.0,1101.69,Credit Card,,Refunded,
ORD000430,2023-03-07,06:24:40,CUST5775,Restaurant_25,Desserts,Mumbai,790.44,54.74,0.0,845.18,Debit Card,32,Delivered,
ORD000431,2023-01-13,13:11:30,CUST6794,Restaurant_25,Biryani,Pune,1424.74,79.99,45.64,1459.09,Wallet,15,Delivered,5
ORD000432,2023-03-13,21:58:18,CUST6047,Restaurant_95,Beverages,Pune,276.21,81.31,42.93,314.59,Credit Card,61,Delivered,
ORD000433,2023-11-27,01:42:26,CUST3184,Restaurant_97,North Indian,Jaipur,1347.59,38.76,39.19,1347.16,UPI,,Refunded,
ORD000434,2023-12-06,05:20:58,CUST6524,Restaurant_43,Street Food,Delhi,1363.96,94.32,81.92,1376.36,UPI,27,Delivered,4
ORD000435,2023-05-14,23:57:23,CUST9860,Restaurant_63,Beverages,Mumbai,210.82,96.01,0.0,306.83,Cash on Delivery,18,Delivered,5
ORD000436,2023-03-28,14:45:54,CUST5583,Restaurant_69,Biryani,Pune,1245.94,30.14,0.0,1276.08,Credit Card,15,Delivered,3
ORD000437,2023-03-18,16:58:41,CUST6723,Restaurant_70,Fast Food,Mumbai,425.31,88.48,0.0,513.79,UPI,,Refunded,
ORD000438,2023-12-01,20:58:48,CUST5060,Restaurant_85,Fast Food,Pune,586.98,41.5,0.0,628.48,Credit Card,,Refunded,
ORD000439,2023-08-01,00:54:56,CUST1936,Restaurant_1,Beverages,Bengaluru,285.31,37.19,36.35,286.15,UPI,34,Delivered,4
ORD000440,2023-03-26,00:49:16,CUST9379,Restaurant_44,Healthy Food,Jaipur,1382.46,64.1,100.04,1346.52,Debit Card,36,Delivered,3
ORD000441,2023-04-16,00:38:35,CUST7553,Restaurant_60,Biryani,Lucknow,791.17,47.54,0.0,838.71,Wallet,40,Delivered,2
ORD000442,2023-07-08,14:14:36,CUST4529,Restaurant_11,South Indian,Bengaluru,390.83,75.99,0.0,466.82,Credit Card,24,Delivered,2
ORD000443,2023-05-01,01:40:23,CUST7389,Restaurant_48,Biryani,Kolkata,159.67,68.33,137.05,90.95,Debit Card,15,Delivered,2
ORD000444,2023-08-14,18:26:52,CUST6530,Restaurant_19,Desserts,Pune,1394.74,74.06,0.0,1468.8,Credit Card,,Refunded,
ORD000445,2023-10-10,10:34:03,CUST9704,Restaurant_31,Chinese,Pune,361.32,54.73,42.6,373.45,Debit Card,,Refunded,
ORD000446,2023-08-17,18:03:48,CUST8313,Restaurant_50,South Indian,Ahmedabad,500.39,38.46,29.98,508.87,Credit Card,34,Delivered,3
ORD000447,2023-01-15,15:51:00,CUST7087,Restaurant_21,Chinese,Mumbai,1132.27,89.01,0.0,1221.28,UPI,20,Delivered,4
ORD000448,2023-01-20,08:30:30,CUST8348,Restaurant_31,South Indian,Bengaluru,1498.97,29.99,0.0,1528.96,Wallet,58,Delivered,4
ORD000449,2023-10-16,17:54:29,CUST3633,Restaurant_70,Chinese,Jaipur,232.95,52.04,103.19,181.8,Debit Card,50,Delivered,4
ORD000450,2023-10-16,11:42:29,CUST8136,Restaurant_30,Italian,Hyderabad,1097.38,83.06,0.0,1180.44,Credit Card,37,Delivered,3
ORD000451,2023-06-17,08:18:27,CUST5602,Restaurant_8,Beverages,Kolkata,263.76,81.57,0.0,345.33,Cash on Delivery,36,Delivered,1
ORD000452,2023-01-21,14:49:29,CUST5116,Restaurant_93,Beverages,Bengaluru,847.63,58.51,0.0,906.14,Debit Card,39,Delivered,2
ORD000453,2023-09-01,04:48:42,CUST4696,Restaurant_90,Desserts,Lucknow,564.96,97.1,0.0,662.06,Credit Card,,Refunded,
ORD000454,2023-02-27,03:20:03,CUST3845,Restaurant_21,Fast Food,Kolkata,199.34,69.71,0.0,269.05,Debit Card,24,Delivered,3
ORD000455,2023-10-01,14:39:46,CUST6964,Restaurant_18,Chinese,Kolkata,457.03,96.06,56.93,496.16,Wallet,63,Delivered,3
ORD000456,2023-08-28,18:27:12,CUST6070,Restaurant_18,South Indian,Lucknow,1106.94,51.13,0.0,1158.07,Debit Card,16,Delivered,4
ORD000457,2023-03-24,14:08:54,CUST9820,Restaurant_26,Chinese,Kolkata,560.52,98.92,0.0,659.44,UPI,63,Delivered,1
ORD000458,2023-03-05,15:59:41,CUST4365,Restaurant_60,Desserts,Chennai,576.9,38.38,34.4,580.88,Credit Card,62,Delivered,2
ORD000459,2023-08-25,21:09:24,CUST2674,Restaurant_14,Italian,Pune,289.69,42.98,0.0,332.67,UPI,59,Delivered,3
ORD000460,2023-10-07,00:50:02,CUST6801,Restaurant_48,Beverages,Kolkata,199.75,28.24,112.82,115.17,Debit Card,50,Delivered,1
ORD000461,2023-11-20,18:06:33,CUST8003,Restaurant_21,Biryani,Pune,870.7,28.37,92.79,806.28,Credit Card,31,Delivered,
ORD000462,2023-06-24,06:36:48,CUST5936,Restaurant_69,Italian,Pune,912.62,48.69,0.0,961.31,Wallet,38,Delivered,5
ORD000463,2023-04-09,17:41:50,CUST6322,Restaurant_81,Italian,Jaipur,621.39,65.48,116.67,570.2,Wallet,,Cancelled,
ORD000464,2023-03-29,15:46:41,CUST1254,Restaurant_88,Chinese,Delhi,1075.84,57.61,83.06,1050.39,Cash on Delivery,,Cancelled,
ORD000465,2023-07-30,01:54:00,CUST4694,Restaurant_93,Beverages,Jaipur,999.21,51.07,0.0,1050.28,Wallet,37,Delivered,1
ORD000466,2023-12-01,19:52:07,CUST9610,Restaurant_78,South Indian,Lucknow,1278.61,34.82,0.0,1313.43,Credit Card,41,Delivered,2
ORD000467,2023-06-28,03:34:22,CUST1697,Restaurant_72,Biryani,Pune,1191.69,31.17,0.0,1222.86,Credit Card,58,Delivered,
ORD000468,2023-02-07,20:53:41,CUST7074,Restaurant_26,Desserts,Chennai,757.41,74.91,0.0,832.32,Wallet,44,Delivered,2
ORD000469,2023-09-23,12:32:53,CUST4180,Restaurant_88,Chinese,Chennai,1176.18,47.24,132.74,1090.68,UPI,,Refunded,
ORD000470,2023-10-24,22:58:46,CUST2841,Restaurant_7,Desserts,Hyderabad,868.91,49.65,0.0,918.56,Debit Card,,Refunded,
ORD000471,2023-03-13,14:11:38,CUST3321,Restaurant_17,South Indian,Kolkata,845.61,43.0,0.0,888.61,UPI,56,Delivered,2
ORD000472,2023-04-01,15:13:02,CUST4489,Restaurant_34,Chinese,Chennai,1499.44,54.5,0.0,1553.94,Credit Card,,Cancelled,
ORD000473,2023-09-20,01:26:06,CUST5338,Restaurant_25,Italian,Bengaluru,818.44,78.18,19.97,876.65,Credit Card,18,Delivered,4
ORD000474,2023-11-18,04:42:46,CUST6889,Restaurant_57,Biryani,Bengaluru,280.32,32.88,0.0,313.2,Cash on Delivery,,Cancelled,
ORD000475,2023-03-29,07:01:01,CUST2754,Restaurant_11,Healthy Food,Mumbai,551.34,61.5,0.0,612.84,UPI,34,Delivered,1
ORD000476,2023-11-11,22:34:24,CUST4759,Restaurant_80,Street Food,Delhi,904.62,57.99,0.0,962.61,UPI,60,Delivered,
ORD000477,2023-04-28,11:55:57,CUST3960,Restaurant_16,Healthy Food,Bengaluru,766.72,55.44,0.0,822.16,Wallet,21,Delivered,1
ORD000478,2023-08-03,20:17:47,CUST4904,Restaurant_42,Biryani,Hyderabad,444.05,76.46,0.0,520.51,Wallet,45,Delivered,5
ORD000479,2023-05-18,00:25:45,CUST7205,Restaurant_76,Chinese,Bengaluru,1160.05,73.74,0.0,1233.79,Cash on Delivery,,Cancelled,
ORD000480,2023-04-20,18:49:34,CUST9415,Restaurant_64,North Indian,Mumbai,185.61,23.98,58.19,151.4,Wallet,,Refunded,
ORD000481,2023-07-01,04:12:39,CUST1784,Restaurant_99,Italian,Pune,1059.09,39.58,0.0,1098.67,UPI,61,Delivered,5
ORD000482,2023-03-03,13:14:53,CUST9254,Restaurant_92,Fast Food,Lucknow,1201.15,27.32,0.0,1228.47,Credit Card,24,Delivered,4
ORD000483,2023-05-10,22:42:41,CUST1487,Restaurant_3,Fast Food,Chennai,526.31,92.0,0.0,618.31,Wallet,62,Delivered,1
ORD000484,2023-10-29,01:33:07,CUST8231,Restaurant_4,Healthy Food,Pune,759.86,34.92,67.94,726.84,Wallet,30,Delivered,1
ORD000485,2023-08-07,09:26:48,CUST7553,Restaurant_97,Desserts,Chennai,1239.81,61.68,0.0,1301.49,Wallet,58,Delivered,
ORD000486,2023-02-11,20:45:35,CUST6994,Restaurant_7,South Indian,Jaipur,691.71,68.75,0.0,760.46,Wallet,28,Delivered,2
ORD000487,2023-06-17,02:57:37,CUST5978,Restaurant_48,Street Food,Chennai,456.71,84.02,76.03,464.7,Credit Card,36,Delivered,4
ORD000488,2023-11-29,16:19:54,CUST7874,Restaurant_8,Biryani,Chennai,1168.2,50.38,0.0,1218.58,Credit Card,,Refunded,
ORD000489,2023-11-24,11:21:21,CUST3033,Restaurant_7,Biryani,Delhi,632.72,62.26,0.0,694.98,Wallet,,Refunded,
ORD000490,2023-04-02,18:54:24,CUST8292,Restaurant_59,Italian,Lucknow,1067.52,24.3,88.62,1003.2,Cash on Delivery,38,Delivered,1
ORD000491,2023-03-17,19:06:26,CUST9683,Restaurant_6,South Indian,Chennai,672.77,77.6,0.0,750.37,UPI,25,Delivered,
ORD000492,2023-04-09,17:06:29,CUST9235,Restaurant_87,Chinese,Pune,1469.92,39.76,11.08,1498.6,Cash on Delivery,40,Delivered,
ORD000493,2023-09-02,23:40:59,CUST6299,Restaurant_49,Beverages,Hyderabad,1439.07,90.4,0.0,1529.47,Wallet,60,Delivered,1
ORD000494,2023-12-27,03:14:32,CUST9729,Restaurant_92,Italian,Hyderabad,403.15,76.85,0.0,480.0,Cash on Delivery,55,Delivered,2
ORD000495,2023-03-04,03:58:18,CUST7663,Restaurant_33,South Indian,Pune,1002.59,80.24,10.94,1071.89,Debit Card,27,Delivered,3
ORD000496,2023-03-17,09:41:06,CUST8578,Restaurant_1,Street Food,Jaipur,312.27,48.76,0.0,361.03,Debit Card,63,Delivered,3
ORD000497,2023-02-23,10:48:23,CUST7918,Restaurant_25,Desserts,Delhi,1448.91,34.01,90.26,1392.66,Debit Card,,Refunded,
ORD000498,2023-11-21,01:06:37,CUST1579,Restaurant_28,Italian,Hyderabad,1286.97,84.79,0.0,1371.76,Credit Card,16,Delivered,5
ORD000499,2023-08-10,04:05:48,CUST7052,Restaurant_89,Healthy Food,Bengaluru,610.75,55.53,0.0,666.28,Credit Card,27,Delivered,1
ORD000500,2023-01-12,07:09:41,CUST6903,Restaurant_46,Biryani,Kolkata,307.18,52.27,132.64,226.81,Debit Card,,Cancelled,
ORD000501,2023-03-01,01:44:32,CUST3027,Restaurant_95,Fast Food,Mumbai,555.13,43.41,83.99,514.55,Wallet,38,Delivered,2
ORD000502,2023-08-17,09:07:53,CUST5382,Restaurant_58,Italian,Ahmedabad,1481.66,25.25,0.0,1506.91,Credit Card,35,Delivered,5
ORD000503,2023-05-04,00:48:52,CUST9263,Restaurant_9,South Indian,Jaipur,1182.2,77.48,0.0,1259.68,Credit Card,24,Delivered,1
ORD000504,2023-08-18,20:26:33,CUST7601,Restaurant_38,Beverages,Mumbai,1145.16,66.4,83.49,1128.07,Wallet,,Cancelled,
ORD000505,2023-09-11,10:27:26,CUST9892,Restaurant_64,Street Food,Jaipur,1386.74,64.89,0.0,1451.63,Wallet,,Refunded,
ORD000506,2023-10-01,15:48:40,CUST5421,Restaurant_75,Desserts,Mumbai,1483.06,45.22,0.0,1528.28,UPI,,Refunded,
ORD000507,2023-06-04,01:00:14,CUST5986,Restaurant_50,Desserts,Chennai,1430.59,29.34,0.0,1459.93,Credit Card,22,Delivered,4
ORD000508,2023-07-08,04:24:12,CUST7699,Restaurant_45,Biryani,Kolkata,674.34,65.34,67.86,671.82,Wallet,55,Delivered,2
ORD000509,2023-04-03,01:34:06,CUST4521,Restaurant_38,Biryani,Delhi,966.79,86.09,0.0,1052.88,Debit Card,16,Delivered,3
ORD000510,2023-08-07,15:43:21,CUST8030,Restaurant_75,Biryani,Pune,275.66,46.48,77.82,244.32,UPI,29,Delivered,1
ORD000511,2023-05-01,09:56:41,CUST9110,Restaurant_13,Beverages,Pune,1497.83,54.65,0.0,1552.48,UPI,20,Delivered,
ORD000512,2023-03-17,07:41:19,CUST6732,Restaurant_37,Street Food,Delhi,1281.24,33.32,0.0,1314.56,Cash on Delivery,57,Delivered,1
ORD000513,2023-02-16,08:05:40,CUST3095,Restaurant_62,Street Food,Lucknow,1047.24,98.39,0.0,1145.63,Credit Card,47,Delivered,4
ORD000514,2023-10-02,09:46:02,CUST6360,Restaurant_25,Healthy Food,Delhi,1378.56,31.23,0.0,1409.79,Credit Card,46,Delivered,5
ORD000515,2023-10-04,23:02:07,CUST5818,Restaurant_3,Biryani,Ahmedabad,688.72,70.0,128.91,629.81,UPI,61,Delivered,2
ORD000516,2023-11-15,09:36:54,CUST6073,Restaurant_21,Beverages,Mumbai,569.99,88.66,0.0,658.65,Debit Card,24,Delivered,5
ORD000517,2023-04-18,04:09:10,CUST7386,Restaurant_8,Fast Food,Mumbai,1024.59,23.43,0.0,1048.02,Credit Card,41,Delivered,
ORD000518,2023-08-01,17:42:16,CUST8208,Restaurant_20,Beverages,Jaipur,1049.66,94.23,144.37,999.52,Wallet,16,Delivered,5
ORD000519,2023-07-17,19:50:59,CUST8617,Restaurant_42,Italian,Bengaluru,813.15,79.16,0.0,892.31,Debit Card,33,Delivered,3
ORD000520,2023-02-09,04:28:07,CUST8316,Restaurant_78,South Indian,Mumbai,657.51,39.27,0.0,696.78,Credit Card,31,Delivered,1
ORD000521,2023-10-09,14:20:24,CUST6171,Restaurant_38,North Indian,Kolkata,523.65,70.3,0.0,593.95,Cash on Delivery,40,Delivered,2
ORD000522,2023-08-30,00:56:15,CUST4833,Restaurant_5,Chinese,Bengaluru,1295.42,80.18,0.0,1375.6,Cash on Delivery,,Refunded,
ORD000523,2023-05-16,17:15:40,CUST8745,Restaurant_78,Desserts,Lucknow,1172.07,43.39,0.0,1215.46,Credit Card,63,Delivered,5
ORD000524,2023-02-07,07:04:58,CUST6712,Restaurant_45,North Indian,Pune,1273.71,67.1,0.0,1340.81,Credit Card,59,Delivered,4
ORD000525,2023-02-04,11:57:01,CUST3634,Restaurant_68,Italian,Lucknow,1279.7,22.46,0.0,1302.16,Credit Card,45,Delivered,5
ORD000526,2023-03-16,13:46:50,CUST8813,Restaurant_82,Beverages,Pune,742.59,93.68,0.0,836.27,Credit Card,25,Delivered,1
ORD000527,2023-12-14,11:09:39,CUST8607,Restaurant_41,Biryani,Bengaluru,364.73,62.09,94.26,332.56,Cash on Delivery,56,Delivered,1
ORD000528,2023-03-30,14:49:38,CUST7796,Restaurant_17,Desserts,Chennai,643.76,51.86,0.0,695.62,Debit Card,,Refunded,
ORD000529,2023-01-19,04:19:56,CUST8208,Restaurant_13,Desserts,Hyderabad,1334.77,97.56,0.0,1432.33,Debit Card,53,Delivered,
ORD000530,2023-04-01,12:19:51,CUST5042,Restaurant_88,North Indian,Jaipur,287.79,69.96,139.94,217.81,Wallet,27,Delivered,
ORD000531,2023-01-04,19:22:28,CUST8129,Restaurant_98,Fast Food,Chennai,283.17,97.92,120.52,260.57,UPI,,Refunded,
ORD000532,2023-05-16,06:22:39,CUST5941,Restaurant_50,Italian,Mumbai,990.4,39.4,0.0,1029.8,Credit Card,43,Delivered,5
ORD000533,2023-03-16,13:11:59,CUST9862,Restaurant_80,North Indian,Ahmedabad,1057.58,51.89,14.73,1094.74,Credit Card,22,Delivered,5
ORD000534,2023-05-27,13:26:07,CUST7854,Restaurant_72,Italian,Bengaluru,201.57,87.1,0.0,288.67,UPI,,Cancelled,
ORD000535,2023-02-14,18:11:52,CUST9724,Restaurant_35,Beverages,Lucknow,542.93,41.77,0.0,584.7,Debit Card,,Refunded,
ORD000536,2023-08-11,07:55:50,CUST2159,Restaurant_3,North Indian,Kolkata,1331.5,45.58,97.12,1279.96,UPI,,Refunded,
ORD000537,2023-12-11,01:32:01,CUST9443,Restaurant_99,South Indian,Pune,589.17,87.44,0.0,676.61,Credit Card,23,Delivered,2
ORD000538,2023-08-23,11:30:37,CUST3104,Restaurant_91,Fast Food,Mumbai,1136.23,95.18,0.0,1231.41,Credit Card,65,Delivered,5
ORD000539,2023-05-03,21:38:40,CUST3377,Restaurant_91,Fast Food,Delhi,325.38,91.57,116.04,300.91,Debit Card,47,Delivered,4
ORD000540,2023-01-20,19:24:23,CUST9381,Restaurant_56,Chinese,Kolkata,867.11,53.82,0.0,920.93,Credit Card,30,Delivered,
ORD000541,2023-08-08,03:07:00,CUST9857,Restaurant_61,South Indian,Pune,1446.22,40.99,0.0,1487.21,Wallet,60,Delivered,
ORD000542,2023-03-04,22:46:01,CUST2304,Restaurant_50,Street Food,Delhi,560.29,98.26,85.19,573.36,Wallet,,Cancelled,
ORD000543,2023-04-04,15:34:34,CUST9430,Restaurant_89,Healthy Food,Chennai,303.3,44.98,82.82,265.46,Cash on Delivery,23,Delivered,3
ORD000544,2023-04-18,02:10:34,CUST7548,Restaurant_25,Biryani,Delhi,351.13,87.7,0.0,438.83,Credit Card,46,Delivered,1
ORD000545,2023-07-04,06:31:25,CUST9655,Restaurant_5,Desserts,Ahmedabad,1426.64,66.52,0.0,1493.16,Wallet,,Refunded,
ORD000546,2023-09-22,22:38:58,CUST5950,Restaurant_2,Fast Food,Ahmedabad,1252.39,58.33,0.0,1310.72,UPI,54,Delivered,
ORD000547,2023-05-21,13:49:02,CUST9599,Restaurant_53,Chinese,Hyderabad,445.41,29.29,0.0,474.7,UPI,45,Delivered,1
ORD000548,2023-06-25,06:55:27,CUST5575,Restaurant_74,Desserts,Chennai,530.64,92.24,0.0,622.88,Cash on Delivery,,Cancelled,
ORD000549,2023-01-16,01:27:28,CUST8021,Restaurant_8,Italian,Jaipur,267.49,76.49,102.77,241.21,Debit Card,43,Delivered,2
ORD000550,2023-05-04,16:11:50,CUST6062,Restaurant_65,Street Food,Chennai,784.99,85.12,0.0,870.11,UPI,61,Delivered,3
ORD000551,2023-04-07,00:43:36,CUST3944,Restaurant_75,Beverages,Delhi,353.2,26.17,0.0,379.37,Debit Card,49,Delivered,3
ORD000552,2023-01-25,18:39:21,CUST4749,Restaurant_3,Fast Food,Delhi,881.77,23.17,0.0,904.94,UPI,53,Delivered,1
ORD000553,2023-07-20,17:55:42,CUST4572,Restaurant_62,Chinese,Kolkata,794.52,64.74,0.0,859.26,Credit Card,24,Delivered,2
ORD000554,2023-06-06,01:15:25,CUST8229,Restaurant_2,Fast Food,Mumbai,581.17,79.2,91.23,569.14,Wallet,64,Delivered,3
ORD000555,2023-09-10,03:58:15,CUST8044,Restaurant_6,Healthy Food,Pune,1093.18,88.4,0.0,1181.58,UPI,18,Delivered,
ORD000556,2023-09-26,23:47:50,CUST6982,Restaurant_87,Italian,Chennai,682.74,58.86,103.01,638.59,UPI,33,Delivered,1
ORD000557,2023-11-12,15:35:30,CUST1481,Restaurant_75,Biryani,Ahmedabad,554.42,84.75,48.91,590.26,Wallet,30,Delivered,5
ORD000558,2023-07-10,15:05:45,CUST8851,Restaurant_53,Biryani,Lucknow,209.48,24.36,131.49,102.35,UPI,,Refunded,
ORD000559,2023-06-01,04:57:01,CUST7372,Restaurant_87,Beverages,Pune,779.49,94.38,0.0,873.87,Wallet,58,Delivered,4
ORD000560,2023-11-08,17:30:42,CUST9760,Restaurant_66,Biryani,Jaipur,923.41,88.73,0.0,1012.14,Wallet,31,Delivered,5
ORD000561,2023-08-03,23:02:06,CUST5667,Restaurant_39,Biryani,Kolkata,286.81,42.86,121.74,207.93,Debit Card,,Refunded,
ORD000562,2023-01-13,22:10:59,CUST2999,Restaurant_50,South Indian,Chennai,476.47,59.7,0.0,536.17,Cash on Delivery,,Cancelled,
ORD000563,2023-01-19,20:42:49,CUST3250,Restaurant_52,Fast Food,Lucknow,1219.33,96.64,0.0,1315.97,Debit Card,,Refunded,
ORD000564,2023-10-25,17:17:48,CUST5916,Restaurant_100,Healthy Food,Pune,606.23,66.79,0.0,673.02,UPI,26,Delivered,2
ORD000565,2023-09-30,16:07:38,CUST7534,Restaurant_68,Fast Food,Ahmedabad,1119.68,57.86,0.0,1177.54,Debit Card,50,Delivered,5
ORD000566,2023-03-15,10:45:43,CUST9384,Restaurant_5,Desserts,Hyderabad,1410.67,37.92,0.0,1448.59,Debit Card,,Refunded,
ORD000567,2023-09-05,19:23:35,CUST2155,Restaurant_57,Chinese,Lucknow,1124.27,42.97,72.0,1095.24,Cash on Delivery,,Cancelled,
ORD000568,2023-10-21,06:23:49,CUST3925,Restaurant_22,Chinese,Pune,591.64,25.48,135.8,481.32,Cash on Delivery,,Cancelled,
ORD000569,2023-12-27,00:23:03,CUST8517,Restaurant_69,Biryani,Mumbai,1449.2,41.13,147.92,1342.41,UPI,,Cancelled,
ORD000570,2023-12-23,06:43:17,CUST9863,Restaurant_17,Fast Food,Bengaluru,1106.2,27.27,0.0,1133.47,Cash on Delivery,,Refunded,
ORD000571,2023-11-13,20:29:39,CUST2140,Restaurant_73,Fast Food,Hyderabad,1029.77,80.46,49.25,1060.98,Wallet,,Refunded,
ORD000572,2023-05-31,21:01:25,CUST3931,Restaurant_85,Street Food,Pune,1018.78,35.8,0.0,1054.58,Debit Card,42,Delivered,3
ORD000573,2023-08-28,04:56:11,CUST8856,Restaurant_97,Italian,Jaipur,1037.89,56.28,0.0,1094.17,Cash on Delivery,57,Delivered,2
ORD000574,2023-09-21,13:19:01,CUST1032,Restaurant_73,Chinese,Bengaluru,643.73,23.39,0.0,667.12,Debit Card,53,Delivered,2
ORD000575,2023-03-10,14:59:18,CUST6145,Restaurant_46,Healthy Food,Jaipur,977.36,33.69,0.0,1011.05,UPI,33,Delivered,4
ORD000576,2023-12-18,19:05:49,CUST5375,Restaurant_41,Healthy Food,Jaipur,894.95,92.86,0.0,987.81,Cash on Delivery,,Cancelled,
ORD000577,2023-05-23,08:44:47,CUST7660,Restaurant_51,Street Food,Chennai,991.0,39.88,0.0,1030.88,Cash on Delivery,39,Delivered,3
ORD000578,2023-03-17,04:55:01,CUST3053,Restaurant_38,Fast Food,Ahmedabad,623.62,75.03,120.98,577.67,Credit Card,63,Delivered,4
ORD000579,2023-06-13,18:15:07,CUST7381,Restaurant_67,South Indian,Delhi,644.68,49.99,0.0,694.67,Wallet,,Cancelled,
ORD000580,2023-09-19,18:05:30,CUST8181,Restaurant_37,Italian,Kolkata,516.07,30.45,0.0,546.52,Credit Card,48,Delivered,1
ORD000581,2023-02-17,16:30:34,CUST2205,Restaurant_24,Italian,Lucknow,1339.86,93.81,0.0,1433.67,Cash on Delivery,,Cancelled,
ORD000582,2023-12-25,00:29:55,CUST8962,Restaurant_8,Biryani,Ahmedabad,1418.47,41.64,0.0,1460.11,Cash on Delivery,52,Delivered,
ORD000583,2023-11-14,09:38:37,CUST5279,Restaurant_51,Beverages,Pune,345.35,94.1,0.0,439.45,UPI,58,Delivered,2
ORD000584,2023-06-23,19:11:40,CUST4194,Restaurant_33,South Indian,Jaipur,610.7,66.74,0.0,677.44,Cash on Delivery,62,Delivered,3
ORD000585,2023-05-10,14:16:34,CUST5322,Restaurant_39,Biryani,Pune,758.31,96.27,0.0,854.58,Debit Card,19,Delivered,3
ORD000586,2023-09-26,23:45:50,CUST1021,Restaurant_76,Fast Food,Ahmedabad,344.4,54.04,0.0,398.44,Debit Card,61,Delivered,
ORD000587,2023-09-09,02:07:27,CUST6638,Restaurant_32,Italian,Hyderabad,1092.75,86.16,33.0,1145.91,Debit Card,36,Delivered,3
ORD000588,2023-02-25,21:33:01,CUST3703,Restaurant_40,Beverages,Delhi,808.63,45.24,0.0,853.87,Credit Card,20,Delivered,1
ORD000589,2023-04-05,03:11:43,CUST9776,Restaurant_96,North Indian,Jaipur,268.13,50.29,51.06,267.36,Cash on Delivery,46,Delivered,1
ORD000590,2023-11-27,18:35:33,CUST5037,Restaurant_61,Healthy Food,Chennai,233.96,45.23,0.0,279.19,UPI,38,Delivered,2
ORD000591,2023-09-12,11:56:40,CUST5574,Restaurant_14,Beverages,Bengaluru,674.06,60.28,35.08,699.26,Cash on Delivery,59,Delivered,
ORD000592,2023-09-23,14:03:31,CUST8442,Restaurant_86,Chinese,Lucknow,753.28,96.08,15.45,833.91,Debit Card,48,Delivered,4
ORD000593,2023-07-13,08:01:18,CUST8249,Restaurant_7,South Indian,Lucknow,678.47,48.69,0.0,727.16,Wallet,29,Delivered,4
ORD000594,2023-07-13,11:17:54,CUST4703,Restaurant_90,Fast Food,Kolkata,453.51,86.12,121.58,418.05,Wallet,41,Delivered,1
ORD000595,2023-11-07,22:20:53,CUST5263,Restaurant_85,Beverages,Delhi,984.28,45.67,0.0,1029.95,UPI,36,Delivered,
ORD000596,2023-05-11,22:16:31,CUST9214,Restaurant_65,Beverages,Delhi,463.7,63.69,0.0,527.39,Credit Card,18,Delivered,1
ORD000597,2023-07-02,21:55:42,CUST7190,Restaurant_10,Desserts,Ahmedabad,343.65,25.78,118.78,250.65,Debit Card,58,Delivered,3
ORD000598,2023-09-03,01:16:31,CUST8852,Restaurant_70,North Indian,Bengaluru,1145.11,22.8,0.0,1167.91,Wallet,24,Delivered,
ORD000599,2023-05-09,03:54:32,CUST8142,Restaurant_97,Chinese,Lucknow,727.33,62.78,0.0,790.11,Credit Card,61,Delivered,4
ORD000600,2023-10-09,12:08:17,CUST8872,Restaurant_87,Desserts,Chennai,865.42,98.74,0.0,964.16,Cash on Delivery,,Refunded,
ORD000601,2023-04-30,17:23:07,CUST9458,Restaurant_61,Chinese,Delhi,1353.32,91.94,0.0,1445.26,UPI,,Cancelled,
ORD000602,2023-10-01,08:12:35,CUST2021,Restaurant_9,Chinese,Mumbai,446.29,74.89,0.0,521.18,Cash on Delivery,31,Delivered,2
ORD000603,2023-06-30,06:32:16,CUST1086,Restaurant_85,Italian,Ahmedabad,1420.25,81.5,65.2,1436.55,Credit Card,22,Delivered,
ORD000604,2023-05-30,07:04:13,CUST9925,Restaurant_27,Fast Food,Lucknow,1493.53,77.51,38.81,1532.23,Wallet,65,Delivered,1
ORD000605,2023-02-16,13:14:25,CUST8414,Restaurant_31,Chinese,Ahmedabad,1015.62,28.94,0.0,1044.56,Credit Card,43,Delivered,2
ORD000606,2023-05-23,23:28:15,CUST5665,Restaurant_74,Chinese,Kolkata,1066.69,79.06,122.38,1023.37,Cash on Delivery,29,Delivered,4
ORD000607,2023-12-22,13:08:40,CUST8601,Restaurant_92,North Indian,Ahmedabad,1246.3,36.67,136.11,1146.86,Wallet,22,Delivered,5
ORD000608,2023-11-24,18:09:42,CUST7588,Restaurant_41,Italian,Ahmedabad,841.16,20.04,0.0,861.2,Credit Card,42,Delivered,4
ORD000609,2023-06-18,10:57:00,CUST1251,Restaurant_2,Healthy Food,Pune,1402.41,51.55,0.0,1453.96,Cash on Delivery,64,Delivered,2
ORD000610,2023-04-07,10:04:30,CUST7425,Restaurant_71,Chinese,Lucknow,733.68,34.74,0.0,768.42,Debit Card,29,Delivered,2
ORD000611,2023-05-31,15:17:07,CUST8299,Restaurant_25,Healthy Food,Ahmedabad,539.9,32.47,0.0,572.37,Wallet,,Cancelled,
ORD000612,2023-07-30,22:02:04,CUST4019,Restaurant_43,North Indian,Jaipur,1179.4,66.64,0.0,1246.04,Wallet,,Cancelled,
ORD000613,2023-04-15,00:46:26,CUST9115,Restaurant_23,North Indian,Ahmedabad,1496.5,65.36,103.94,1457.92,Wallet,28,Delivered,5
ORD000614,2023-02-01,07:01:45,CUST7637,Restaurant_22,Biryani,Bengaluru,700.84,44.82,0.0,745.66,UPI,29,Delivered,2
ORD000615,2023-05-30,08:54:26,CUST5003,Restaurant_16,North Indian,Bengaluru,200.6,77.17,0.0,277.77,Wallet,26,Delivered,3
ORD000616,2023-06-03,15:06:18,CUST7315,Restaurant_38,Street Food,Chennai,236.91,36.75,0.0,273.66,Wallet,47,Delivered,5
ORD000617,2023-09-16,17:39:58,CUST8634,Restaurant_89,Beverages,Ahmedabad,997.47,60.55,0.0,1058.02,Wallet,28,Delivered,4
ORD000618,2023-03-22,23:02:13,CUST2421,Restaurant_89,Italian,Mumbai,1358.61,98.33,0.0,1456.94,Debit Card,59,Delivered,
ORD000619,2023-05-17,10:15:18,CUST2420,Restaurant_61,Healthy Food,Kolkata,439.4,95.81,0.0,535.21,UPI,,Refunded,
ORD000620,2023-06-22,13:54:55,CUST1399,Restaurant_73,Biryani,Hyderabad,706.0,66.54,0.0,772.54,Debit Card,30,Delivered,5
ORD000621,2023-01-24,15:04:04,CUST8233,Restaurant_32,South Indian,Delhi,959.92,57.09,0.0,1017.01,UPI,,Cancelled,
ORD000622,2023-03-12,17:38:45,CUST5783,Restaurant_18,Healthy Food,Jaipur,946.73,47.68,0.0,994.41,Debit Card,64,Delivered,2
ORD000623,2023-01-29,12:04:57,CUST6815,Restaurant_69,Chinese,Pune,1119.45,26.47,0.0,1145.92,Cash on Delivery,53,Delivered,4
ORD000624,2023-07-12,04:40:03,CUST8295,Restaurant_55,Healthy Food,Bengaluru,918.64,70.15,85.25,903.54,Cash on Delivery,50,Delivered,3
ORD000625,2023-12-19,14:51:29,CUST5560,Restaurant_47,Street Food,Pune,730.21,86.32,109.44,707.09,Cash on Delivery,17,Delivered,
ORD000626,2023-03-03,18:11:22,CUST8424,Restaurant_91,Italian,Delhi,1037.14,90.85,0.0,1127.99,Credit Card,52,Delivered,3
ORD000627,2023-05-26,05:14:42,CUST5255,Restaurant_46,North Indian,Ahmedabad,1084.0,62.71,102.84,1043.87,Cash on Delivery,49,Delivered,5
ORD000628,2023-01-07,23:20:24,CUST6594,Restaurant_71,South Indian,Delhi,482.93,47.21,0.0,530.14,Wallet,49,Delivered,1
ORD000629,2023-01-31,04:54:10,CUST7865,Restaurant_36,Desserts,Chennai,445.09,60.0,0.0,505.09,Debit Card,64,Delivered,4
ORD000630,2023-04-17,07:43:18,CUST7946,Restaurant_36,Chinese,Delhi,1367.12,71.4,50.44,1388.08,Cash on Delivery,,Cancelled,
ORD000631,2023-02-22,15:59:23,CUST2763,Restaurant_39,North Indian,Delhi,1442.76,20.27,10.13,1452.9,UPI,55,Delivered,3
ORD000632,2023-06-18,21:48:09,CUST7496,Restaurant_18,Fast Food,Lucknow,823.67,62.54,40.5,845.71,Cash on Delivery,,Cancelled,
ORD000633,2023-03-23,06:31:16,CUST6702,Restaurant_41,Beverages,Bengaluru,279.55,70.45,0.0,350.0,Debit Card,,Cancelled,
ORD000634,2023-11-14,15:57:26,CUST2163,Restaurant_97,Fast Food,Mumbai,1401.53,38.78,0.0,1440.31,Credit Card,19,Delivered,
ORD000635,2023-04-24,18:39:39,CUST2061,Restaurant_72,Street Food,Mumbai,1416.38,54.09,0.0,1470.47,Debit Card,59,Delivered,5
ORD000636,2023-05-01,12:26:55,CUST6486,Restaurant_57,South Indian,Chennai,156.24,80.98,0.0,237.22,Wallet,53,Delivered,
ORD000637,2023-11-25,08:58:10,CUST5744,Restaurant_72,Chinese,Ahmedabad,384.34,47.53,0.0,431.87,Credit Card,18,Delivered,2
ORD000638,2023-08-11,19:55:49,CUST9344,Restaurant_10,Street Food,Mumbai,531.22,39.86,0.0,571.08,Cash on Delivery,61,Delivered,3
ORD000639,2023-03-05,16:48:56,CUST7661,Restaurant_99,Healthy Food,Chennai,277.04,57.98,134.14,200.88,Wallet,58,Delivered,4
ORD000640,2023-05-17,06:27:52,CUST4211,Restaurant_6,Italian,Delhi,882.03,74.82,0.0,956.85,Debit Card,39,Delivered,4
ORD000641,2023-07-21,17:01:07,CUST7538,Restaurant_89,Biryani,Mumbai,1290.51,40.42,0.0,1330.93,UPI,16,Delivered,
ORD000642,2023-09-08,00:32:03,CUST9461,Restaurant_67,Street Food,Kolkata,942.76,23.51,0.0,966.27,Wallet,29,Delivered,3
ORD000643,2023-07-26,22:58:37,CUST2781,Restaurant_26,Street Food,Bengaluru,649.78,35.06,0.0,684.84,Cash on Delivery,,Cancelled,
ORD000644,2023-11-17,03:57:40,CUST7628,Restaurant_71,Biryani,Mumbai,551.13,66.07,0.0,617.2,Wallet,43,Delivered,4
ORD000645,2023-11-30,18:24:01,CUST9124,Restaurant_65,Desserts,Hyderabad,924.69,61.07,0.0,985.76,Wallet,,Cancelled,
ORD000646,2023-04-15,21:36:43,CUST3325,Restaurant_46,Italian,Bengaluru,385.61,83.96,0.0,469.57,Wallet,21,Delivered,4
ORD000647,2023-10-02,13:35:53,CUST4501,Restaurant_40,Street Food,Delhi,315.58,50.86,0.0,366.44,Debit Card,57,Delivered,1
ORD000648,2023-09-27,23:05:46,CUST8201,Restaurant_97,Beverages,Kolkata,492.43,57.56,0.0,549.99,Credit Card,56,Delivered,2
ORD000649,2023-09-15,03:19:12,CUST8083,Restaurant_63,North Indian,Pune,1334.21,88.84,0.0,1423.05,Debit Card,,Cancelled,
ORD000650,2023-08-31,20:58:57,CUST9450,Restaurant_94,Desserts,Chennai,993.81,81.16,116.4,958.57,Debit Card,,Cancelled,
ORD000651,2023-07-26,22:22:04,CUST6615,Restaurant_31,Italian,Pune,1056.14,66.05,0.0,1122.19,Credit Card,18,Delivered,2
ORD000652,2023-07-02,22:30:52,CUST3049,Restaurant_3,Fast Food,Bengaluru,322.79,88.2,0.0,410.99,UPI,49,Delivered,2
ORD000653,2023-11-13,16:27:33,CUST1250,Restaurant_2,Beverages,Bengaluru,1436.82,48.38,131.58,1353.62,Debit Card,54,Delivered,
ORD000654,2023-10-08,03:49:43,CUST5251,Restaurant_34,Italian,Delhi,1410.66,73.93,63.28,1421.31,UPI,55,Delivered,4
ORD000655,2023-04-14,00:27:20,CUST1190,Restaurant_85,North Indian,Kolkata,443.95,25.54,0.0,469.49,Cash on Delivery,34,Delivered,1
ORD000656,2023-08-08,21:24:19,CUST8749,Restaurant_72,Desserts,Mumbai,1436.86,47.27,0.0,1484.13,Cash on Delivery,,Refunded,
ORD000657,2023-05-26,03:31:39,CUST8110,Restaurant_22,Beverages,Delhi,692.31,80.12,0.0,772.43,UPI,19,Delivered,3
ORD000658,2023-07-22,20:22:47,CUST7898,Restaurant_62,North Indian,Chennai,1150.49,72.71,138.72,1084.48,Wallet,,Refunded,
ORD000659,2023-10-31,14:46:29,CUST2181,Restaurant_13,Beverages,Kolkata,835.89,60.5,0.0,896.39,Cash on Delivery,29,Delivered,3
ORD000660,2023-11-08,05:51:56,CUST2389,Restaurant_86,South Indian,Kolkata,556.34,64.82,0.0,621.16,UPI,38,Delivered,
ORD000661,2023-02-08,15:10:07,CUST8647,Restaurant_5,Beverages,Mumbai,1362.89,92.36,0.0,1455.25,Wallet,59,Delivered,
ORD000662,2023-06-25,21:54:39,CUST1090,Restaurant_65,Italian,Hyderabad,537.34,83.13,0.0,620.47,Cash on Delivery,,Refunded,
ORD000663,2023-03-23,13:02:02,CUST1390,Restaurant_87,Italian,Mumbai,1173.56,42.94,0.0,1216.5,UPI,19,Delivered,1
ORD000664,2023-02-18,05:15:03,CUST8223,Restaurant_64,South Indian,Jaipur,768.5,62.11,0.0,830.61,UPI,54,Delivered,
ORD000665,2023-07-30,08:13:48,CUST9322,Restaurant_73,Healthy Food,Lucknow,1375.83,28.68,0.0,1404.51,Wallet,48,Delivered,
ORD000666,2023-02-03,23:04:52,CUST3917,Restaurant_53,Beverages,Jaipur,495.62,71.79,0.0,567.41,UPI,42,Delivered,4
ORD000667,2023-05-16,09:44:08,CUST6406,Restaurant_2,Healthy Food,Bengaluru,605.67,94.33,0.0,700.0,Debit Card,,Cancelled,
ORD000668,2023-07-16,04:41:50,CUST5514,Restaurant_50,Fast Food,Jaipur,933.49,80.2,0.0,1013.69,Credit Card,59,Delivered,2
ORD000669,2023-09-23,12:15:09,CUST1240,Restaurant_22,North Indian,Mumbai,174.04,95.02,119.56,149.5,UPI,36,Delivered,1
ORD000670,2023-10-21,03:12:05,CUST4697,Restaurant_99,Chinese,Hyderabad,996.71,30.15,0.0,1026.86,Debit Card,56,Delivered,3
ORD000671,2023-12-07,06:40:16,CUST4559,Restaurant_6,Street Food,Hyderabad,683.51,47.9,0.0,731.41,Wallet,,Refunded,
ORD000672,2023-04-06,18:49:09,CUST2155,Restaurant_24,Italian,Pune,1478.28,66.79,0.0,1545.07,UPI,18,Delivered,4
ORD000673,2023-11-17,10:57:53,CUST9083,Restaurant_37,Biryani,Ahmedabad,1165.81,80.54,0.0,1246.35,UPI,32,Delivered,4
ORD000674,2023-09-27,15:24:53,CUST6340,Restaurant_71,South Indian,Delhi,592.09,25.21,0.0,617.3,Cash on Delivery,54,Delivered,3
ORD000675,2023-05-22,16:50:13,CUST2945,Restaurant_32,Biryani,Chennai,789.88,66.91,0.0,856.79,Debit Card,,Refunded,
ORD000676,2023-02-06,23:20:06,CUST3638,Restaurant_5,Chinese,Pune,664.51,53.09,0.0,717.6,Credit Card,64,Delivered,3
ORD000677,2023-05-14,12:34:58,CUST8963,Restaurant_60,South Indian,Bengaluru,1042.68,92.04,0.0,1134.72,UPI,52,Delivered,4
ORD000678,2023-12-25,13:49:29,CUST5456,Restaurant_42,Italian,Hyderabad,537.3,78.91,0.0,616.21,Debit Card,16,Delivered,
ORD000679,2023-05-21,07:42:14,CUST1345,Restaurant_32,Italian,Mumbai,758.22,71.92,0.0,830.14,Debit Card,40,Delivered,5
ORD000680,2023-07-14,01:08:18,CUST2094,Restaurant_18,Fast Food,Pune,746.62,51.52,70.25,727.89,Cash on Delivery,49,Delivered,1
ORD000681,2023-11-02,10:33:56,CUST9322,Restaurant_41,Biryani,Kolkata,421.24,81.3,0.0,502.54,Cash on Delivery,,Refunded,
ORD000682,2023-07-04,07:25:49,CUST7510,Restaurant_88,South Indian,Chennai,1066.78,49.95,0.0,1116.73,Credit Card,64,Delivered,3
ORD000683,2023-05-15,06:13:05,CUST7236,Restaurant_82,Fast Food,Hyderabad,1164.26,21.12,0.0,1185.38,Wallet,41,Delivered,1
ORD000684,2023-12-25,12:48:20,CUST1396,Restaurant_13,North Indian,Pune,1192.42,35.36,0.0,1227.78,Credit Card,60,Delivered,
ORD000685,2023-11-23,04:39:06,CUST9592,Restaurant_54,Biryani,Pune,1328.71,29.01,0.0,1357.72,Credit Card,,Cancelled,
ORD000686,2023-10-14,00:52:16,CUST4917,Restaurant_84,Italian,Hyderabad,235.05,94.0,0.0,329.05,Credit Card,,Refunded,
ORD000687,2023-11-22,19:20:57,CUST2824,Restaurant_95,Street Food,Jaipur,1317.13,44.43,0.0,1361.56,Credit Card,,Cancelled,
ORD000688,2023-07-26,16:02:55,CUST7150,Restaurant_28,Biryani,Delhi,892.44,72.2,71.92,892.72,UPI,,Refunded,
ORD000689,2023-02-06,17:19:02,CUST3782,Restaurant_100,Healthy Food,Chennai,1209.74,65.98,122.0,1153.72,Cash on Delivery,41,Delivered,
ORD000690,2023-06-10,02:02:26,CUST7874,Restaurant_41,Biryani,Ahmedabad,762.22,79.66,0.0,841.88,Debit Card,53,Delivered,
ORD000691,2023-08-06,01:15:35,CUST5264,Restaurant_25,Desserts,Jaipur,969.15,68.24,0.0,1037.39,Wallet,54,Delivered,
ORD000692,2023-04-23,18:25:05,CUST7192,Restaurant_99,North Indian,Jaipur,188.83,97.7,0.0,286.53,Debit Card,60,Delivered,5
ORD000693,2023-08-20,17:15:42,CUST6222,Restaurant_57,South Indian,Pune,267.15,96.04,0.0,363.19,Cash on Delivery,22,Delivered,4
ORD000694,2023-12-16,17:33:28,CUST6209,Restaurant_88,Chinese,Bengaluru,303.65,77.92,0.0,381.57,Cash on Delivery,,Cancelled,
ORD000695,2023-02-06,03:18:30,CUST2111,Restaurant_78,Beverages,Delhi,346.76,21.87,65.14,303.49,Credit Card,62,Delivered,1
ORD000696,2023-04-09,23:30:28,CUST3065,Restaurant_88,Biryani,Kolkata,412.55,73.22,0.0,485.77,Credit Card,41,Delivered,2
ORD000697,2023-04-29,15:32:40,CUST3602,Restaurant_64,Biryani,Delhi,1037.38,60.46,0.0,1097.84,Cash on Delivery,46,Delivered,3
ORD000698,2023-06-08,10:58:28,CUST2605,Restaurant_80,North Indian,Mumbai,660.79,47.33,119.45,588.67,Debit Card,50,Delivered,5
ORD000699,2023-10-18,08:55:32,CUST8331,Restaurant_9,Italian,Jaipur,1018.14,74.19,0.0,1092.33,UPI,24,Delivered,5
ORD000700,2023-05-18,18:37:29,CUST2942,Restaurant_20,South Indian,Kolkata,330.6,85.77,0.0,416.37,Credit Card,,Refunded,
ORD000701,2023-06-30,02:20:37,CUST4216,Restaurant_31,North Indian,Bengaluru,1447.92,96.71,0.0,1544.63,UPI,47,Delivered,2
ORD000702,2023-06-18,06:18:34,CUST4448,Restaurant_37,Beverages,Pune,1166.62,32.19,0.0,1198.81,UPI,,Cancelled,
ORD000703,2023-03-18,02:18:00,CUST5788,Restaurant_49,South Indian,Pune,345.51,97.88,0.0,443.39,Debit Card,57,Delivered,3
ORD000704,2023-06-25,09:03:39,CUST6314,Restaurant_37,Biryani,Mumbai,799.29,96.85,0.0,896.14,Cash on Delivery,30,Delivered,5
ORD000705,2023-03-19,12:17:15,CUST6000,Restaurant_1,Beverages,Hyderabad,471.75,82.94,0.0,554.69,Debit Card,52,Delivered,4
ORD000706,2023-05-18,15:37:10,CUST4109,Restaurant_42,Biryani,Kolkata,948.84,42.55,0.0,991.39,UPI,33,Delivered,4
ORD000707,2023-07-11,00:06:46,CUST7048,Restaurant_84,Chinese,Delhi,1460.22,49.22,0.0,1509.44,Cash on Delivery,,Refunded,
ORD000708,2023-06-17,09:20:36,CUST1858,Restaurant_62,Italian,Ahmedabad,1085.63,81.6,0.0,1167.23,Wallet,63,Delivered,2
ORD000709,2023-04-07,09:34:26,CUST9820,Restaurant_43,Italian,Delhi,229.99,78.48,124.93,183.54,Debit Card,54,Delivered,2
ORD000710,2023-09-17,21:22:17,CUST1759,Restaurant_84,South Indian,Delhi,320.72,82.4,0.0,403.12,Cash on Delivery,26,Delivered,
ORD000711,2023-12-30,21:11:14,CUST1684,Restaurant_71,Street Food,Hyderabad,1215.1,51.92,0.0,1267.02,Wallet,19,Delivered,3
ORD000712,2023-07-24,19:23:30,CUST7698,Restaurant_59,Street Food,Jaipur,540.16,28.88,0.0,569.04,Cash on Delivery,19,Delivered,3
ORD000713,2023-05-26,13:51:23,CUST8675,Restaurant_54,Chinese,Chennai,566.38,39.98,145.11,461.25,UPI,27,Delivered,4
ORD000714,2023-07-08,15:38:54,CUST9068,Restaurant_74,Beverages,Jaipur,1252.74,97.11,71.02,1278.83,Wallet,,Refunded,
ORD000715,2023-03-15,12:40:33,CUST9627,Restaurant_59,Healthy Food,Mumbai,1335.81,45.78,0.0,1381.59,UPI,59,Delivered,1
ORD000716,2023-01-20,19:31:37,CUST2413,Restaurant_13,Fast Food,Bengaluru,1231.95,92.86,0.0,1324.81,Wallet,,Refunded,
ORD000717,2023-07-19,01:22:26,CUST1730,Restaurant_49,South Indian,Hyderabad,1088.94,93.28,0.0,1182.22,Debit Card,54,Delivered,3
ORD000718,2023-07-01,03:38:13,CUST7813,Restaurant_62,South Indian,Lucknow,784.25,96.43,14.56,866.12,Credit Card,29,Delivered,4
ORD000719,2023-11-26,03:04:05,CUST5141,Restaurant_43,Beverages,Delhi,815.5,47.09,0.0,862.59,Wallet,,Refunded,
ORD000720,2023-02-12,14:30:08,CUST6180,Restaurant_36,Beverages,Pune,476.01,98.13,0.0,574.14,Cash on Delivery,,Refunded,
ORD000721,2023-07-25,22:46:36,CUST2253,Restaurant_37,Street Food,Hyderabad,586.63,62.07,0.0,648.7,Credit Card,32,Delivered,4
ORD000722,2023-04-12,23:36:03,CUST7673,Restaurant_65,Street Food,Lucknow,549.26,45.6,125.0,469.86,Debit Card,50,Delivered,4
ORD000723,2023-06-24,07:01:04,CUST7000,Restaurant_83,Beverages,Mumbai,237.23,47.72,0.0,284.95,Cash on Delivery,54,Delivered,3
ORD000724,2023-11-04,05:53:16,CUST6438,Restaurant_90,Biryani,Bengaluru,214.14,26.02,52.83,187.33,Wallet,57,Delivered,3
ORD000725,2023-12-21,18:42:04,CUST5638,Restaurant_39,Healthy Food,Kolkata,257.53,55.9,77.35,236.08,Cash on Delivery,32,Delivered,2
ORD000726,2023-08-05,17:26:12,CUST8414,Restaurant_66,Italian,Chennai,704.57,30.81,0.0,735.38,Debit Card,27,Delivered,4
ORD000727,2023-07-23,21:34:59,CUST9830,Restaurant_23,Desserts,Ahmedabad,804.76,35.8,18.23,822.33,Credit Card,38,Delivered,1
ORD000728,2023-10-21,09:56:53,CUST1354,Restaurant_74,South Indian,Bengaluru,1173.02,64.31,0.0,1237.33,Cash on Delivery,,Cancelled,
ORD000729,2023-01-17,09:50:07,CUST8189,Restaurant_61,Healthy Food,Mumbai,318.18,33.65,0.0,351.83,Debit Card,61,Delivered,3
ORD000730,2023-12-12,23:46:42,CUST4014,Restaurant_93,Street Food,Jaipur,698.28,92.24,0.0,790.52,Wallet,,Refunded,
ORD000731,2023-07-08,18:27:25,CUST7160,Restaurant_49,Beverages,Kolkata,214.89,70.59,0.0,285.48,Credit Card,22,Delivered,1
ORD000732,2023-11-19,12:00:38,CUST3952,Restaurant_65,Chinese,Chennai,554.8,31.6,0.0,586.4,Wallet,22,Delivered,
ORD000733,2023-08-11,00:53:23,CUST1289,Restaurant_32,Chinese,Ahmedabad,453.95,72.32,0.0,526.27,Debit Card,63,Delivered,4
ORD000734,2023-05-11,23:16:35,CUST2692,Restaurant_58,Italian,Delhi,1120.49,32.37,0.0,1152.86,Wallet,46,Delivered,2
ORD000735,2023-12-07,02:53:30,CUST4686,Restaurant_7,North Indian,Chennai,1235.16,26.11,0.0,1261.27,Credit Card,21,Delivered,
ORD000736,2023-04-16,15:36:07,CUST8525,Restaurant_32,Street Food,Ahmedabad,866.79,44.3,0.0,911.09,Wallet,,Cancelled,
ORD000737,2023-08-27,12:33:26,CUST3054,Restaurant_87,Beverages,Ahmedabad,1096.77,62.36,0.0,1159.13,Debit Card,30,Delivered,
ORD000738,2023-07-03,08:52:27,CUST1677,Restaurant_38,Fast Food,Delhi,719.2,42.96,0.0,762.16,Wallet,29,Delivered,
ORD000739,2023-12-08,08:36:13,CUST6202,Restaurant_10,South Indian,Kolkata,1169.19,57.45,0.0,1226.64,UPI,33,Delivered,
ORD000740,2023-05-28,22:32:05,CUST8085,Restaurant_12,Street Food,Pune,498.27,51.99,0.0,550.26,Wallet,47,Delivered,
ORD000741,2023-08-17,06:30:45,CUST8787,Restaurant_48,Biryani,Kolkata,194.26,48.69,0.0,242.95,Credit Card,,Refunded,
ORD000742,2023-02-08,14:53:43,CUST8216,Restaurant_70,Fast Food,Hyderabad,917.86,68.72,138.19,848.39,UPI,61,Delivered,2
ORD000743,2023-02-09,17:07:46,CUST3649,Restaurant_63,Fast Food,Ahmedabad,979.24,31.47,0.0,1010.71,Debit Card,,Cancelled,
ORD000744,2023-05-09,22:02:11,CUST4663,Restaurant_52,North Indian,Hyderabad,1157.95,34.19,0.0,1192.14,UPI,26,Delivered,
ORD000745,2023-06-09,15:10:34,CUST9174,Restaurant_45,South Indian,Mumbai,1168.39,23.02,0.0,1191.41,Credit Card,,Cancelled,
ORD000746,2023-08-18,15:54:41,CUST2380,Restaurant_12,Chinese,Lucknow,1487.81,91.14,0.0,1578.95,Credit Card,,Refunded,
ORD000747,2023-05-31,23:09:58,CUST3682,Restaurant_30,North Indian,Mumbai,741.49,30.83,26.51,745.81,UPI,22,Delivered,
ORD000748,2023-02-22,08:23:08,CUST8565,Restaurant_30,Beverages,Mumbai,531.72,61.51,0.0,593.23,Cash on Delivery,24,Delivered,1
ORD000749,2023-10-31,11:24:04,CUST1913,Restaurant_76,Healthy Food,Ahmedabad,1270.59,29.55,0.0,1300.14,UPI,26,Delivered,2
ORD000750,2023-07-19,01:07:49,CUST9719,Restaurant_38,South Indian,Bengaluru,164.51,36.19,125.83,74.87,Wallet,56,Delivered,3
ORD000751,2023-03-31,07:25:24,CUST8516,Restaurant_97,Desserts,Bengaluru,645.11,90.01,0.0,735.12,Wallet,,Cancelled,
ORD000752,2023-02-08,06:23:38,CUST5301,Restaurant_58,Chinese,Chennai,793.48,39.58,0.0,833.06,Cash on Delivery,,Cancelled,
ORD000753,2023-08-12,18:33:13,CUST9518,Restaurant_10,Biryani,Mumbai,985.02,79.4,86.08,978.34,Wallet,,Cancelled,
ORD000754,2023-08-05,03:20:05,CUST9096,Restaurant_96,Italian,Hyderabad,1473.9,66.2,92.92,1447.18,Wallet,39,Delivered,3
ORD000755,2023-12-07,16:03:41,CUST5393,Restaurant_59,Italian,Jaipur,160.27,52.26,0.0,212.53,Cash on Delivery,48,Delivered,
ORD000756,2023-08-24,23:43:10,CUST1781,Restaurant_67,North Indian,Lucknow,1213.76,56.21,0.0,1269.97,Credit Card,,Cancelled,
ORD000757,2023-02-12,11:13:06,CUST3068,Restaurant_48,North Indian,Delhi,496.93,83.77,0.0,580.7,Wallet,,Refunded,
ORD000758,2023-05-21,12:40:28,CUST9217,Restaurant_60,Biryani,Pune,642.38,85.57,113.33,614.62,Wallet,,Refunded,
ORD000759,2023-07-09,04:58:23,CUST2309,Restaurant_48,Chinese,Ahmedabad,1363.56,67.42,0.0,1430.98,Wallet,52,Delivered,2
ORD000760,2023-10-07,15:18:23,CUST4010,Restaurant_43,Desserts,Ahmedabad,303.22,85.88,16.33,372.77,Credit Card,,Cancelled,
ORD000761,2023-10-17,01:57:12,CUST8861,Restaurant_83,Beverages,Jaipur,465.16,79.0,0.0,544.16,Credit Card,58,Delivered,1
ORD000762,2023-01-06,09:47:59,CUST9716,Restaurant_88,Beverages,Jaipur,1246.69,87.04,0.0,1333.73,Credit Card,48,Delivered,4
ORD000763,2023-04-24,18:46:26,CUST3463,Restaurant_47,Biryani,Lucknow,176.3,45.88,0.0,222.18,Credit Card,61,Delivered,1
ORD000764,2023-08-03,02:50:14,CUST9156,Restaurant_72,Italian,Lucknow,676.94,74.42,0.0,751.36,Debit Card,,Refunded,
ORD000765,2023-01-22,16:07:41,CUST3192,Restaurant_91,Street Food,Lucknow,201.25,41.59,0.0,242.84,Cash on Delivery,30,Delivered,
ORD000766,2023-07-16,03:27:04,CUST2884,Restaurant_84,Fast Food,Jaipur,1462.68,25.4,0.0,1488.08,Debit Card,,Refunded,
ORD000767,2023-06-16,08:19:18,CUST9337,Restaurant_79,Fast Food,Chennai,452.15,42.24,97.78,396.61,Cash on Delivery,,Refunded,
ORD000768,2023-10-18,09:54:05,CUST9882,Restaurant_14,Fast Food,Jaipur,450.84,84.88,53.73,481.99,Cash on Delivery,33,Delivered,5
ORD000769,2023-08-02,03:44:13,CUST6979,Restaurant_38,Desserts,Lucknow,628.04,66.88,86.82,608.1,Debit Card,26,Delivered,1
ORD000770,2023-09-20,06:03:43,CUST2341,Restaurant_61,South Indian,Jaipur,473.68,93.14,135.11,431.71,Debit Card,21,Delivered,1
ORD000771,2023-06-20,17:28:25,CUST7667,Restaurant_51,Street Food,Pune,1326.95,53.11,22.26,1357.8,Credit Card,62,Delivered,1
ORD000772,2023-08-10,05:40:59,CUST8160,Restaurant_70,Italian,Pune,233.37,31.88,0.0,265.25,Cash on Delivery,,Cancelled,
ORD000773,2023-04-02,14:48:05,CUST9903,Restaurant_79,Biryani,Jaipur,1016.27,49.83,119.06,947.04,Debit Card,63,Delivered,4
ORD000774,2023-06-14,12:41:25,CUST7022,Restaurant_11,Fast Food,Kolkata,1490.75,94.6,0.0,1585.35,Debit Card,26,Delivered,
ORD000775,2023-10-18,23:01:07,CUST7920,Restaurant_58,Healthy Food,Kolkata,1092.79,89.66,29.22,1153.23,UPI,15,Delivered,3
ORD000776,2023-05-09,20:20:29,CUST4697,Restaurant_19,South Indian,Delhi,794.97,36.09,0.0,831.06,Debit Card,,Refunded,
ORD000777,2023-12-10,13:53:29,CUST4161,Restaurant_66,South Indian,Pune,517.18,63.07,0.0,580.25,Credit Card,48,Delivered,1
ORD000778,2023-07-01,13:18:26,CUST9691,Restaurant_79,Italian,Chennai,524.81,74.43,0.0,599.24,Debit Card,57,Delivered,1
ORD000779,2023-02-21,12:05:54,CUST5116,Restaurant_97,Beverages,Lucknow,705.6,29.93,46.19,689.34,Wallet,26,Delivered,3
ORD000780,2023-04-23,10:15:19,CUST3416,Restaurant_8,Italian,Bengaluru,759.48,45.79,115.23,690.04,Cash on Delivery,34,Delivered,3
ORD000781,2023-03-23,01:08:18,CUST2310,Restaurant_92,Fast Food,Kolkata,1428.84,34.18,0.0,1463.02,Cash on Delivery,59,Delivered,2
ORD000782,2023-08-23,09:10:06,CUST9205,Restaurant_3,Italian,Delhi,1044.81,95.96,0.0,1140.77,Cash on Delivery,21,Delivered,5
ORD000783,2023-04-23,15:14:31,CUST1364,Restaurant_24,South Indian,Ahmedabad,1381.77,62.2,0.0,1443.97,Debit Card,20,Delivered,2
ORD000784,2023-11-22,01:06:26,CUST2444,Restaurant_14,South Indian,Pune,1057.45,24.94,0.0,1082.39,UPI,36,Delivered,4
ORD000785,2023-05-07,04:06:55,CUST3975,Restaurant_48,Chinese,Hyderabad,1305.28,91.82,0.0,1397.1,UPI,60,Delivered,5
ORD000786,2023-06-15,22:41:36,CUST6110,Restaurant_82,Italian,Jaipur,1442.93,58.88,125.59,1376.22,Cash on Delivery,,Refunded,
ORD000787,2023-09-05,22:44:36,CUST7787,Restaurant_78,Chinese,Bengaluru,374.62,96.48,13.33,457.77,Cash on Delivery,27,Delivered,5
ORD000788,2023-09-10,16:54:57,CUST1107,Restaurant_61,Street Food,Hyderabad,481.62,24.2,0.0,505.82,Cash on Delivery,39,Delivered,4
ORD000789,2023-09-28,15:31:02,CUST3967,Restaurant_27,South Indian,Delhi,272.42,91.48,142.78,221.12,Cash on Delivery,,Cancelled,
ORD000790,2023-05-01,06:47:52,CUST9628,Restaurant_83,Healthy Food,Ahmedabad,384.19,26.98,21.6,389.57,Credit Card,53,Delivered,
ORD000791,2023-07-28,20:51:43,CUST1067,Restaurant_63,Fast Food,Chennai,413.29,29.68,0.0,442.97,Credit Card,33,Delivered,3
ORD000792,2023-06-25,14:04:03,CUST1018,Restaurant_84,Italian,Pune,643.54,54.65,66.4,631.79,Wallet,62,Delivered,1
ORD000793,2023-07-24,21:55:02,CUST1343,Restaurant_76,Italian,Mumbai,1228.3,28.03,0.0,1256.33,UPI,,Cancelled,
ORD000794,2023-11-04,02:45:15,CUST3815,Restaurant_89,Chinese,Jaipur,1057.12,90.62,24.27,1123.47,UPI,31,Delivered,1
ORD000795,2023-06-26,00:31:49,CUST8271,Restaurant_94,Biryani,Pune,1096.96,72.65,17.73,1151.88,UPI,62,Delivered,1
ORD000796,2023-12-28,21:19:43,CUST2465,Restaurant_96,North Indian,Delhi,1051.15,60.94,0.0,1112.09,Debit Card,43,Delivered,2
ORD000797,2023-12-18,07:28:20,CUST4960,Restaurant_50,South Indian,Bengaluru,209.78,81.36,0.0,291.14,Credit Card,,Cancelled,
ORD000798,2023-05-18,12:58:34,CUST3570,Restaurant_59,Italian,Lucknow,1202.95,84.58,0.0,1287.53,Debit Card,28,Delivered,
ORD000799,2023-02-18,15:52:02,CUST6490,Restaurant_26,South Indian,Pune,1355.7,74.53,0.0,1430.23,Wallet,36,Delivered,5
ORD000800,2023-02-12,14:50:07,CUST8271,Restaurant_30,Street Food,Mumbai,1326.76,30.0,0.0,1356.76,Credit Card,,Cancelled,
ORD000801,2023-01-09,02:06:35,CUST2202,Restaurant_53,Fast Food,Mumbai,1302.62,87.13,0.0,1389.75,Cash on Delivery,18,Delivered,
ORD000802,2023-02-27,08:44:19,CUST5598,Restaurant_100,Beverages,Hyderabad,1183.69,87.02,44.09,1226.62,UPI,,Refunded,
ORD000803,2023-05-28,19:07:24,CUST4604,Restaurant_89,Italian,Jaipur,763.69,63.4,0.0,827.09,Debit Card,20,Delivered,2
ORD000804,2023-05-13,21:20:05,CUST1175,Restaurant_18,Desserts,Pune,463.15,39.64,122.38,380.41,UPI,30,Delivered,5
ORD000805,2023-01-30,18:11:17,CUST4566,Restaurant_90,Beverages,Bengaluru,410.21,88.06,0.0,498.27,Wallet,48,Delivered,
ORD000806,2023-10-21,11:33:01,CUST9278,Restaurant_20,Street Food,Pune,481.51,68.08,83.84,465.75,Wallet,,Cancelled,
ORD000807,2023-04-10,02:51:18,CUST4341,Restaurant_18,Fast Food,Jaipur,1419.29,61.41,0.0,1480.7,Debit Card,17,Delivered,2
ORD000808,2023-09-30,07:41:53,CUST1825,Restaurant_3,Biryani,Mumbai,559.3,98.37,0.0,657.67,Debit Card,37,Delivered,4
ORD000809,2023-07-28,04:31:15,CUST6874,Restaurant_52,Beverages,Lucknow,922.83,60.9,12.09,971.64,Cash on Delivery,,Refunded,
ORD000810,2023-07-02,11:51:20,CUST9085,Restaurant_6,Biryani,Pune,639.35,58.86,0.0,698.21,Credit Card,,Refunded,
ORD000811,2023-07-02,19:44:58,CUST1695,Restaurant_100,Street Food,Ahmedabad,782.07,85.52,28.83,838.76,Cash on Delivery,45,Delivered,
ORD000812,2023-04-09,07:12:55,CUST7812,Restaurant_55,Fast Food,Pune,815.25,58.0,141.08,732.17,UPI,38,Delivered,4
ORD000813,2023-12-05,15:36:21,CUST1408,Restaurant_98,North Indian,Jaipur,1185.0,98.8,0.0,1283.8,Cash on Delivery,54,Delivered,2
ORD000814,2023-04-06,22:20:04,CUST8620,Restaurant_88,Healthy Food,Ahmedabad,853.13,50.62,0.0,903.75,Credit Card,58,Delivered,1
ORD000815,2023-11-01,12:25:54,CUST8221,Restaurant_66,South Indian,Pune,350.68,51.31,0.0,401.99,Wallet,38,Delivered,5
ORD000816,2023-12-08,02:37:49,CUST9280,Restaurant_21,South Indian,Lucknow,1492.9,86.23,72.87,1506.26,Debit Card,50,Delivered,3
ORD000817,2023-08-30,04:25:15,CUST6299,Restaurant_40,Italian,Lucknow,936.29,89.0,0.0,1025.29,UPI,,Refunded,
ORD000818,2023-02-10,04:15:26,CUST3315,Restaurant_12,Street Food,Ahmedabad,994.08,58.26,0.0,1052.34,Wallet,38,Delivered,2
ORD000819,2023-05-10,22:33:54,CUST6271,Restaurant_9,North Indian,Ahmedabad,1178.61,83.27,51.48,1210.4,Wallet,59,Delivered,3
ORD000820,2023-12-25,01:54:46,CUST8446,Restaurant_39,Chinese,Hyderabad,1000.51,58.8,0.0,1059.31,Credit Card,,Refunded,
ORD000821,2023-11-09,15:05:05,CUST3996,Restaurant_88,Street Food,Lucknow,704.79,20.64,0.0,725.43,Cash on Delivery,53,Delivered,
ORD000822,2023-09-28,09:10:07,CUST1250,Restaurant_41,Biryani,Jaipur,511.95,99.69,0.0,611.64,Cash on Delivery,,Cancelled,
ORD000823,2023-04-11,10:32:45,CUST8258,Restaurant_64,Chinese,Lucknow,941.12,68.67,15.83,993.96,Cash on Delivery,17,Delivered,4
ORD000824,2023-09-21,07:40:42,CUST2357,Restaurant_98,Biryani,Delhi,1343.47,26.89,0.0,1370.36,Wallet,,Cancelled,
ORD000825,2023-09-16,23:08:54,CUST4113,Restaurant_35,Chinese,Ahmedabad,860.22,36.66,0.0,896.88,UPI,46,Delivered,1
ORD000826,2023-05-21,01:47:56,CUST5688,Restaurant_31,North Indian,Hyderabad,360.13,91.98,0.0,452.11,Wallet,55,Delivered,5
ORD000827,2023-07-08,13:41:06,CUST3181,Restaurant_5,Healthy Food,Chennai,1266.35,51.1,0.0,1317.45,UPI,36,Delivered,4
ORD000828,2023-01-02,23:38:28,CUST1768,Restaurant_39,North Indian,Bengaluru,943.4,33.8,117.2,860.0,UPI,17,Delivered,2
ORD000829,2023-10-04,23:19:00,CUST8626,Restaurant_76,North Indian,Hyderabad,1339.49,27.58,0.0,1367.07,Cash on Delivery,,Refunded,
ORD000830,2023-05-12,11:32:46,CUST9252,Restaurant_91,Biryani,Lucknow,296.3,48.88,0.0,345.18,Credit Card,32,Delivered,3
ORD000831,2023-07-03,02:22:16,CUST2378,Restaurant_12,North Indian,Lucknow,774.56,91.12,0.0,865.68,Wallet,,Refunded,
ORD000832,2023-04-23,17:52:16,CUST5993,Restaurant_6,Chinese,Bengaluru,893.1,88.82,0.0,981.92,Cash on Delivery,43,Delivered,2
ORD000833,2023-05-29,03:14:05,CUST8437,Restaurant_89,Desserts,Mumbai,1457.7,77.78,0.0,1535.48,Credit Card,19,Delivered,5
ORD000834,2023-07-28,07:05:22,CUST9010,Restaurant_40,Desserts,Ahmedabad,870.01,96.91,0.0,966.92,Debit Card,,Refunded,
ORD000835,2023-05-31,01:54:23,CUST7007,Restaurant_19,Biryani,Delhi,953.88,49.57,0.0,1003.45,UPI,56,Delivered,2
ORD000836,2023-05-17,16:36:59,CUST5984,Restaurant_38,Healthy Food,Ahmedabad,1001.28,75.04,0.0,1076.32,Wallet,20,Delivered,5
ORD000837,2023-09-11,12:36:11,CUST1491,Restaurant_54,Italian,Bengaluru,501.21,94.82,0.0,596.03,Cash on Delivery,65,Delivered,4
ORD000838,2023-06-01,13:00:41,CUST6601,Restaurant_75,Desserts,Jaipur,1347.0,71.29,0.0,1418.29,UPI,51,Delivered,5
ORD000839,2023-11-14,15:50:24,CUST2040,Restaurant_73,North Indian,Delhi,634.71,54.01,0.0,688.72,Debit Card,,Refunded,
ORD000840,2023-12-20,10:02:34,CUST7702,Restaurant_74,Street Food,Mumbai,1214.68,28.95,0.0,1243.63,UPI,52,Delivered,2
ORD000841,2023-11-21,00:16:32,CUST6799,Restaurant_77,Fast Food,Lucknow,1407.77,52.76,0.0,1460.53,Credit Card,49,Delivered,3
ORD000842,2023-11-13,08:16:26,CUST6619,Restaurant_79,Street Food,Chennai,1467.84,89.26,0.0,1557.1,Debit Card,51,Delivered,
ORD000843,2023-07-17,05:25:35,CUST4044,Restaurant_11,Healthy Food,Jaipur,1425.32,98.1,0.0,1523.42,Wallet,19,Delivered,
ORD000844,2023-10-02,20:05:28,CUST1784,Restaurant_45,Healthy Food,Delhi,336.9,76.16,0.0,413.06,Credit Card,46,Delivered,2
ORD000845,2023-05-15,19:38:23,CUST1617,Restaurant_35,Italian,Pune,571.7,50.68,0.0,622.38,Debit Card,28,Delivered,3
ORD000846,2023-03-22,18:34:09,CUST3257,Restaurant_27,Healthy Food,Bengaluru,1486.63,22.83,10.99,1498.47,Cash on Delivery,27,Delivered,4
ORD000847,2023-06-09,10:28:22,CUST5678,Restaurant_42,Biryani,Jaipur,475.74,85.25,0.0,560.99,Cash on Delivery,26,Delivered,2
ORD000848,2023-01-02,04:06:36,CUST5574,Restaurant_41,Street Food,Mumbai,306.66,39.21,0.0,345.87,Wallet,36,Delivered,1
ORD000849,2023-04-24,18:12:53,CUST1514,Restaurant_89,Desserts,Jaipur,702.04,97.95,56.92,743.07,Debit Card,48,Delivered,3
ORD000850,2023-09-30,13:11:01,CUST8140,Restaurant_28,Chinese,Jaipur,1038.74,47.03,0.0,1085.77,Cash on Delivery,33,Delivered,
ORD000851,2023-05-23,19:28:04,CUST3990,Restaurant_1,Biryani,Mumbai,1425.69,66.66,0.0,1492.35,Cash on Delivery,25,Delivered,2
ORD000852,2023-07-13,10:09:59,CUST1863,Restaurant_2,Street Food,Mumbai,682.08,95.38,133.16,644.3,Debit Card,44,Delivered,
ORD000853,2023-02-23,18:30:35,CUST7860,Restaurant_6,Healthy Food,Delhi,1276.83,89.37,31.55,1334.65,UPI,,Cancelled,
ORD000854,2023-11-28,11:18:45,CUST5896,Restaurant_15,South Indian,Pune,426.8,97.13,0.0,523.93,Debit Card,58,Delivered,3
ORD000855,2023-10-09,00:31:37,CUST9757,Restaurant_69,Fast Food,Pune,991.0,34.74,0.0,1025.74,Credit Card,50,Delivered,1
ORD000856,2023-05-23,05:04:46,CUST4921,Restaurant_70,Italian,Ahmedabad,1143.86,38.48,61.93,1120.41,Credit Card,,Cancelled,
ORD000857,2023-02-02,02:26:23,CUST8960,Restaurant_42,Italian,Lucknow,392.27,63.78,0.0,456.05,UPI,,Cancelled,
ORD000858,2023-09-27,19:53:40,CUST7609,Restaurant_91,Healthy Food,Delhi,802.39,69.23,0.0,871.62,Wallet,28,Delivered,5
ORD000859,2023-01-16,09:45:45,CUST9658,Restaurant_40,Beverages,Jaipur,1460.26,83.08,0.0,1543.34,UPI,41,Delivered,5
ORD000860,2023-01-14,12:48:37,CUST6493,Restaurant_67,Italian,Chennai,295.73,29.84,0.0,325.57,Credit Card,41,Delivered,1
ORD000861,2023-11-19,15:13:54,CUST4204,Restaurant_3,Italian,Kolkata,150.07,22.37,0.0,172.44,UPI,,Refunded,
ORD000862,2023-05-14,05:54:05,CUST3688,Restaurant_53,South Indian,Ahmedabad,400.35,95.16,0.0,495.51,Credit Card,34,Delivered,4
ORD000863,2023-10-31,11:33:51,CUST9049,Restaurant_60,Healthy Food,Ahmedabad,1489.1,61.25,65.39,1484.96,Wallet,54,Delivered,1
ORD000864,2023-11-01,23:32:11,CUST6572,Restaurant_78,Beverages,Mumbai,740.0,29.49,0.0,769.49,UPI,62,Delivered,3
ORD000865,2023-08-18,04:45:33,CUST4401,Restaurant_88,Street Food,Jaipur,1486.21,23.3,0.0,1509.51,Cash on Delivery,21,Delivered,3
ORD000866,2023-12-08,22:51:56,CUST9374,Restaurant_67,South Indian,Bengaluru,1112.87,69.71,0.0,1182.58,Cash on Delivery,52,Delivered,1
ORD000867,2023-06-22,16:32:08,CUST1674,Restaurant_18,Healthy Food,Ahmedabad,554.92,20.57,109.93,465.56,Debit Card,,Cancelled,
ORD000868,2023-09-04,09:44:34,CUST7831,Restaurant_9,Healthy Food,Kolkata,352.76,24.96,0.0,377.72,Cash on Delivery,,Refunded,
ORD000869,2023-03-10,21:29:10,CUST3182,Restaurant_54,Chinese,Ahmedabad,1109.74,74.32,0.0,1184.06,Wallet,16,Delivered,3
ORD000870,2023-10-08,17:44:46,CUST9512,Restaurant_89,Street Food,Mumbai,304.76,84.1,0.0,388.86,Wallet,59,Delivered,2
ORD000871,2023-11-20,22:28:39,CUST7517,Restaurant_98,South Indian,Delhi,184.79,56.91,63.85,177.85,Wallet,47,Delivered,2
ORD000872,2023-05-22,10:10:46,CUST1381,Restaurant_100,Biryani,Pune,1374.81,98.59,137.91,1335.49,Wallet,,Cancelled,
ORD000873,2023-04-11,14:06:10,CUST2110,Restaurant_68,Beverages,Pune,1170.93,45.71,0.0,1216.64,Debit Card,,Refunded,
ORD000874,2023-12-05,13:15:28,CUST8657,Restaurant_88,Biryani,Bengaluru,433.27,41.82,0.0,475.09,Wallet,,Refunded,
ORD000875,2023-02-18,09:45:25,CUST1290,Restaurant_55,South Indian,Jaipur,917.25,74.19,0.0,991.44,UPI,21,Delivered,
ORD000876,2023-06-27,19:16:59,CUST7266,Restaurant_34,Beverages,Ahmedabad,692.32,24.72,0.0,717.04,Cash on Delivery,41,Delivered,1
ORD000877,2023-03-19,16:44:53,CUST6013,Restaurant_13,South Indian,Jaipur,246.42,26.12,0.0,272.54,UPI,19,Delivered,5
ORD000878,2023-11-18,01:53:43,CUST8160,Restaurant_22,Biryani,Mumbai,935.74,55.7,0.0,991.44,UPI,,Refunded,
ORD000879,2023-09-04,06:25:23,CUST4528,Restaurant_61,Desserts,Pune,1288.14,88.26,17.52,1358.88,Debit Card,48,Delivered,5
ORD000880,2023-07-14,06:01:15,CUST2595,Restaurant_11,North Indian,Jaipur,615.99,77.57,0.0,693.56,Wallet,22,Delivered,2
ORD000881,2023-03-17,03:58:32,CUST6075,Restaurant_14,Italian,Delhi,1317.67,50.02,0.0,1367.69,Wallet,22,Delivered,4
ORD000882,2023-02-08,00:32:31,CUST6116,Restaurant_45,Beverages,Delhi,1122.44,78.06,0.0,1200.5,UPI,26,Delivered,
ORD000883,2023-04-04,19:04:42,CUST5699,Restaurant_72,Beverages,Hyderabad,605.77,32.91,0.0,638.68,Wallet,30,Delivered,5
ORD000884,2023-10-15,20:17:11,CUST3396,Restaurant_54,South Indian,Delhi,1343.04,95.84,0.0,1438.88,Debit Card,50,Delivered,4
ORD000885,2023-05-07,16:43:14,CUST3095,Restaurant_98,Biryani,Delhi,836.2,36.02,0.0,872.22,Cash on Delivery,35,Delivered,4
ORD000886,2023-06-08,03:12:19,CUST7480,Restaurant_14,Desserts,Kolkata,1341.65,70.72,87.58,1324.79,Credit Card,,Cancelled,
ORD000887,2023-04-20,19:58:46,CUST7776,Restaurant_20,Healthy Food,Lucknow,1334.88,58.0,0.0,1392.88,Wallet,31,Delivered,3
ORD000888,2023-11-30,04:12:15,CUST6257,Restaurant_70,Healthy Food,Chennai,829.11,72.11,0.0,901.22,Wallet,23,Delivered,2
ORD000889,2023-10-03,09:03:39,CUST4790,Restaurant_69,North Indian,Pune,1426.83,39.11,0.0,1465.94,Credit Card,,Refunded,
ORD000890,2023-06-01,06:54:22,CUST4926,Restaurant_18,Desserts,Pune,221.4,42.75,0.0,264.15,UPI,23,Delivered,4
ORD000891,2023-03-17,23:16:22,CUST8304,Restaurant_49,Desserts,Jaipur,680.94,45.35,0.0,726.29,UPI,26,Delivered,2
ORD000892,2023-10-31,00:53:29,CUST2155,Restaurant_69,North Indian,Chennai,384.06,27.4,0.0,411.46,Wallet,59,Delivered,3
ORD000893,2023-04-06,09:25:33,CUST6483,Restaurant_90,Healthy Food,Pune,242.63,59.53,0.0,302.16,Debit Card,61,Delivered,3
ORD000894,2023-09-21,01:12:27,CUST8598,Restaurant_92,Chinese,Bengaluru,719.52,92.01,0.0,811.53,Wallet,54,Delivered,1
ORD000895,2023-09-02,02:00:25,CUST8342,Restaurant_50,South Indian,Chennai,524.48,44.25,0.0,568.73,Credit Card,27,Delivered,4
ORD000896,2023-04-24,10:19:01,CUST5183,Restaurant_2,Healthy Food,Chennai,668.52,23.51,124.0,568.03,Credit Card,,Refunded,
ORD000897,2023-01-30,06:22:57,CUST9179,Restaurant_40,Chinese,Hyderabad,222.07,62.99,75.13,209.93,Cash on Delivery,,Refunded,
ORD000898,2023-06-30,14:10:47,CUST2287,Restaurant_2,Street Food,Pune,384.14,78.83,0.0,462.97,Debit Card,34,Delivered,
ORD000899,2023-09-15,11:48:11,CUST1716,Restaurant_66,Street Food,Bengaluru,197.42,46.88,0.0,244.3,UPI,21,Delivered,2
ORD000900,2023-06-17,03:46:54,CUST6935,Restaurant_68,Italian,Mumbai,974.97,46.04,0.0,1021.01,Credit Card,53,Delivered,5
ORD000901,2023-05-02,03:33:51,CUST5017,Restaurant_99,South Indian,Jaipur,902.1,53.72,0.0,955.82,UPI,16,Delivered,4
ORD000902,2023-10-20,18:41:16,CUST8622,Restaurant_95,Biryani,Jaipur,253.57,90.29,34.36,309.5,UPI,,Refunded,
ORD000903,2023-09-18,11:39:38,CUST5593,Restaurant_40,North Indian,Chennai,491.88,94.86,43.84,542.9,UPI,33,Delivered,1
ORD000904,2023-03-11,11:25:52,CUST5380,Restaurant_52,Biryani,Chennai,1139.0,61.86,61.89,1138.97,Credit Card,62,Delivered,3
ORD000905,2023-01-09,09:38:02,CUST5040,Restaurant_40,North Indian,Bengaluru,1185.34,49.3,0.0,1234.64,Credit Card,,Cancelled,
ORD000906,2023-01-02,04:18:34,CUST7672,Restaurant_85,Desserts,Bengaluru,683.53,86.59,0.0,770.12,UPI,,Refunded,
ORD000907,2023-10-01,10:17:30,CUST6244,Restaurant_8,Italian,Ahmedabad,462.02,24.46,0.0,486.48,Credit Card,53,Delivered,4
ORD000908,2023-07-10,22:58:48,CUST9816,Restaurant_45,Fast Food,Hyderabad,264.53,80.48,0.0,345.01,Debit Card,56,Delivered,1
ORD000909,2023-05-18,11:15:35,CUST1383,Restaurant_29,Italian,Kolkata,293.6,71.88,0.0,365.48,Credit Card,39,Delivered,4
ORD000910,2023-05-06,08:04:56,CUST2354,Restaurant_77,North Indian,Ahmedabad,618.74,60.21,0.0,678.95,Cash on Delivery,48,Delivered,3
ORD000911,2023-05-03,04:02:50,CUST3145,Restaurant_29,Healthy Food,Bengaluru,1348.75,94.17,0.0,1442.92,Debit Card,58,Delivered,2
ORD000912,2023-09-21,08:51:22,CUST7713,Restaurant_60,Italian,Jaipur,1064.06,31.23,34.27,1061.02,Cash on Delivery,29,Delivered,
ORD000913,2023-05-19,18:57:01,CUST5407,Restaurant_20,North Indian,Bengaluru,446.77,49.14,0.0,495.91,Wallet,35,Delivered,
ORD000914,2023-08-15,12:01:42,CUST9545,Restaurant_30,North Indian,Kolkata,760.21,95.27,51.9,803.58,Wallet,21,Delivered,
ORD000915,2023-12-12,13:49:09,CUST1913,Restaurant_57,Biryani,Mumbai,556.66,86.18,0.0,642.84,Debit Card,56,Delivered,5
ORD000916,2023-11-01,19:41:21,CUST9889,Restaurant_68,Street Food,Lucknow,1172.82,52.98,0.0,1225.8,Wallet,65,Delivered,
ORD000917,2023-09-17,22:46:15,CUST1016,Restaurant_75,Healthy Food,Chennai,1409.09,91.74,0.0,1500.83,Wallet,33,Delivered,2
ORD000918,2023-03-30,11:14:15,CUST9775,Restaurant_36,Fast Food,Lucknow,351.29,73.8,0.0,425.09,Credit Card,41,Delivered,2
ORD000919,2023-05-17,13:08:46,CUST6393,Restaurant_46,Fast Food,Bengaluru,844.15,23.83,0.0,867.98,UPI,49,Delivered,4
ORD000920,2023-11-14,11:35:46,CUST5221,Restaurant_51,Beverages,Kolkata,416.46,70.41,0.0,486.87,Credit Card,40,Delivered,3
ORD000921,2023-02-22,11:25:28,CUST8571,Restaurant_19,South Indian,Bengaluru,469.77,90.93,0.0,560.7,Credit Card,15,Delivered,
ORD000922,2023-06-24,05:22:58,CUST7822,Restaurant_63,Street Food,Hyderabad,1158.05,81.11,0.0,1239.16,Debit Card,34,Delivered,5
ORD000923,2023-07-18,12:18:50,CUST9042,Restaurant_25,Street Food,Bengaluru,455.49,80.35,0.0,535.84,Debit Card,26,Delivered,3
ORD000924,2023-03-01,13:44:40,CUST3767,Restaurant_50,Chinese,Ahmedabad,465.55,64.49,0.0,530.04,Debit Card,,Refunded,
ORD000925,2023-10-29,08:07:53,CUST6067,Restaurant_10,Healthy Food,Jaipur,515.25,45.91,126.98,434.18,Debit Card,22,Delivered,
ORD000926,2023-04-15,15:34:00,CUST3735,Restaurant_64,South Indian,Lucknow,479.96,45.7,0.0,525.66,Wallet,16,Delivered,4
ORD000927,2023-07-24,07:44:59,CUST4535,Restaurant_54,Fast Food,Mumbai,673.96,60.1,0.0,734.06,Credit Card,62,Delivered,4
ORD000928,2023-07-26,21:28:34,CUST8663,Restaurant_83,Beverages,Ahmedabad,569.02,58.06,0.0,627.08,Debit Card,30,Delivered,2
ORD000929,2023-03-19,21:42:51,CUST1091,Restaurant_95,Fast Food,Mumbai,719.94,69.45,0.0,789.39,Cash on Delivery,39,Delivered,
ORD000930,2023-10-01,19:44:09,CUST9250,Restaurant_54,Street Food,Hyderabad,1309.19,64.55,140.31,1233.43,UPI,56,Delivered,5
ORD000931,2023-02-28,02:46:44,CUST8722,Restaurant_12,Italian,Pune,757.89,60.4,0.0,818.29,Credit Card,,Refunded,
ORD000932,2023-06-01,14:07:51,CUST5163,Restaurant_98,South Indian,Ahmedabad,1178.51,28.76,0.0,1207.27,Cash on Delivery,,Cancelled,
ORD000933,2023-06-17,23:15:41,CUST2010,Restaurant_48,Fast Food,Kolkata,713.12,90.12,0.0,803.24,Wallet,52,Delivered,3
ORD000934,2023-04-13,20:42:47,CUST5206,Restaurant_86,Chinese,Chennai,1412.76,27.3,83.96,1356.1,UPI,31,Delivered,5
ORD000935,2023-03-24,14:37:58,CUST4207,Restaurant_50,South Indian,Lucknow,997.61,89.55,0.0,1087.16,Cash on Delivery,21,Delivered,5
ORD000936,2023-11-28,05:25:58,CUST5188,Restaurant_4,Italian,Delhi,1208.7,94.05,0.0,1302.75,UPI,35,Delivered,
ORD000937,2023-02-22,08:45:31,CUST5030,Restaurant_57,Desserts,Kolkata,296.53,92.68,0.0,389.21,Debit Card,44,Delivered,5
ORD000938,2023-01-13,04:37:48,CUST2121,Restaurant_47,North Indian,Mumbai,925.12,46.38,0.0,971.5,Credit Card,56,Delivered,4
ORD000939,2023-02-21,16:07:27,CUST1078,Restaurant_45,Street Food,Hyderabad,614.16,38.92,0.0,653.08,Debit Card,52,Delivered,5
ORD000940,2023-01-27,07:47:11,CUST5268,Restaurant_20,Desserts,Delhi,1262.1,97.28,0.0,1359.38,Credit Card,17,Delivered,2
ORD000941,2023-02-16,00:46:23,CUST6542,Restaurant_5,North Indian,Mumbai,495.01,61.11,0.0,556.12,Debit Card,,Cancelled,
ORD000942,2023-12-14,19:33:22,CUST3297,Restaurant_19,North Indian,Hyderabad,1375.98,25.43,0.0,1401.41,Wallet,,Cancelled,
ORD000943,2023-11-29,12:53:19,CUST8521,Restaurant_31,Chinese,Hyderabad,303.58,88.37,0.0,391.95,Wallet,,Cancelled,
ORD000944,2023-03-06,22:01:09,CUST7889,Restaurant_87,Beverages,Jaipur,897.98,39.26,0.0,937.24,UPI,27,Delivered,3
ORD000945,2023-07-02,10:03:51,CUST6812,Restaurant_96,North Indian,Ahmedabad,1006.41,30.66,0.0,1037.07,Wallet,39,Delivered,4
ORD000946,2023-08-09,20:40:21,CUST1095,Restaurant_61,Street Food,Pune,1291.99,75.51,0.0,1367.5,Credit Card,46,Delivered,5
ORD000947,2023-03-30,01:59:11,CUST4288,Restaurant_22,Biryani,Ahmedabad,1248.08,25.28,0.0,1273.36,Debit Card,,Cancelled,
ORD000948,2023-12-26,12:25:40,CUST7271,Restaurant_30,Desserts,Jaipur,694.04,80.18,0.0,774.22,UPI,38,Delivered,5
ORD000949,2023-05-23,05:38:33,CUST7022,Restaurant_51,Beverages,Kolkata,1108.02,39.12,0.0,1147.14,Credit Card,35,Delivered,1
ORD000950,2023-06-02,17:40:30,CUST4452,Restaurant_73,Beverages,Delhi,839.08,38.53,0.0,877.61,Wallet,58,Delivered,3
ORD000951,2023-12-18,22:41:18,CUST6123,Restaurant_57,Desserts,Lucknow,186.23,87.88,0.0,274.11,UPI,49,Delivered,1
ORD000952,2023-07-12,23:45:09,CUST8924,Restaurant_27,South Indian,Bengaluru,434.69,95.16,0.0,529.85,Credit Card,23,Delivered,
ORD000953,2023-08-23,00:39:45,CUST1309,Restaurant_54,Desserts,Hyderabad,810.55,87.07,31.75,865.87,Debit Card,,Refunded,
ORD000954,2023-03-04,09:10:47,CUST3393,Restaurant_90,South Indian,Delhi,1383.28,69.96,0.0,1453.24,Wallet,54,Delivered,4
ORD000955,2023-07-06,06:13:22,CUST4001,Restaurant_26,South Indian,Ahmedabad,1448.57,55.95,76.85,1427.67,Wallet,,Cancelled,
ORD000956,2023-05-16,18:42:45,CUST3040,Restaurant_80,Beverages,Chennai,750.92,79.25,0.0,830.17,Cash on Delivery,39,Delivered,3
ORD000957,2023-02-16,13:43:31,CUST5711,Restaurant_88,Healthy Food,Bengaluru,1071.1,99.03,0.0,1170.13,Wallet,,Cancelled,
ORD000958,2023-11-14,19:09:19,CUST6512,Restaurant_44,Beverages,Jaipur,420.1,95.87,0.0,515.97,Credit Card,18,Delivered,3
ORD000959,2023-02-02,15:50:55,CUST6941,Restaurant_9,Italian,Ahmedabad,1206.11,60.58,35.0,1231.69,Credit Card,,Cancelled,
ORD000960,2023-03-22,11:56:21,CUST2548,Restaurant_82,Italian,Kolkata,278.79,52.16,70.71,260.24,Cash on Delivery,,Cancelled,
ORD000961,2023-03-04,22:26:04,CUST4416,Restaurant_39,Beverages,Pune,863.38,66.69,0.0,930.07,Credit Card,28,Delivered,1
ORD000962,2023-11-07,13:21:44,CUST4126,Restaurant_24,Desserts,Delhi,992.21,45.21,0.0,1037.42,Wallet,58,Delivered,5
ORD000963,2023-10-21,18:29:52,CUST2600,Restaurant_39,Chinese,Jaipur,735.93,46.17,0.0,782.1,Debit Card,42,Delivered,
ORD000964,2023-09-24,21:20:58,CUST8400,Restaurant_75,North Indian,Pune,324.17,31.13,65.14,290.16,Credit Card,,Refunded,
ORD000965,2023-12-08,12:08:16,CUST1041,Restaurant_73,Desserts,Lucknow,1460.61,60.9,34.96,1486.55,Credit Card,,Refunded,
ORD000966,2023-12-16,07:32:37,CUST8009,Restaurant_8,Italian,Mumbai,199.83,82.65,44.43,238.05,Credit Card,38,Delivered,
ORD000967,2023-06-18,03:06:22,CUST3277,Restaurant_75,Street Food,Chennai,992.71,76.26,0.0,1068.97,Credit Card,,Cancelled,
ORD000968,2023-12-13,17:47:34,CUST6843,Restaurant_44,Chinese,Ahmedabad,1181.06,90.05,0.0,1271.11,UPI,,Refunded,
ORD000969,2023-08-15,23:13:34,CUST3211,Restaurant_7,Biryani,Kolkata,1362.45,72.01,0.0,1434.46,Credit Card,62,Delivered,5
ORD000970,2023-04-09,14:06:16,CUST4409,Restaurant_84,Street Food,Ahmedabad,558.61,76.96,124.4,511.17,Credit Card,21,Delivered,4
ORD000971,2023-02-05,02:18:58,CUST9487,Restaurant_25,Fast Food,Hyderabad,338.94,68.42,124.6,282.76,Wallet,,Refunded,
ORD000972,2023-11-03,19:00:35,CUST3146,Restaurant_56,Beverages,Ahmedabad,305.22,45.75,0.0,350.97,Credit Card,51,Delivered,2
ORD000973,2023-06-15,15:14:45,CUST8214,Restaurant_45,Beverages,Hyderabad,837.87,98.45,0.0,936.32,Debit Card,33,Delivered,4
ORD000974,2023-12-15,15:22:13,CUST4326,Restaurant_30,Healthy Food,Bengaluru,658.65,44.91,0.0,703.56,UPI,55,Delivered,
ORD000975,2023-04-22,22:35:06,CUST6480,Restaurant_58,Desserts,Bengaluru,771.55,76.8,0.0,848.35,Cash on Delivery,57,Delivered,2
ORD000976,2023-07-06,05:10:07,CUST1596,Restaurant_29,North Indian,Hyderabad,490.53,76.59,0.0,567.12,Debit Card,42,Delivered,5
ORD000977,2023-10-08,14:43:21,CUST9506,Restaurant_52,Fast Food,Lucknow,515.49,74.57,0.0,590.06,UPI,16,Delivered,5
ORD000978,2023-08-14,04:58:45,CUST7657,Restaurant_51,Biryani,Lucknow,502.86,58.56,100.61,460.81,UPI,20,Delivered,2
ORD000979,2023-05-04,04:37:08,CUST6824,Restaurant_6,South Indian,Jaipur,340.96,88.84,46.25,383.55,Debit Card,47,Delivered,3
ORD000980,2023-05-16,17:32:27,CUST6928,Restaurant_67,Italian,Delhi,908.4,97.3,0.0,1005.7,UPI,62,Delivered,1
ORD000981,2023-02-06,07:22:03,CUST2921,Restaurant_72,Beverages,Bengaluru,841.17,81.8,0.0,922.97,Debit Card,24,Delivered,
ORD000982,2023-11-09,03:58:45,CUST9582,Restaurant_33,Desserts,Hyderabad,1396.82,22.13,0.0,1418.95,UPI,,Refunded,
ORD000983,2023-09-05,10:19:19,CUST2886,Restaurant_91,Italian,Chennai,233.66,61.09,129.56,165.19,Cash on Delivery,26,Delivered,
ORD000984,2023-05-24,11:51:11,CUST7666,Restaurant_8,Desserts,Ahmedabad,334.73,94.06,92.61,336.18,Wallet,,Cancelled,
ORD000985,2023-05-21,09:13:46,CUST8540,Restaurant_8,Desserts,Pune,404.43,78.18,0.0,482.61,Wallet,,Refunded,
ORD000986,2023-04-20,08:08:24,CUST2390,Restaurant_25,South Indian,Pune,1451.26,76.4,0.0,1527.66,UPI,53,Delivered,4
ORD000987,2023-02-10,16:49:17,CUST3590,Restaurant_93,Italian,Mumbai,796.59,37.15,0.0,833.74,UPI,46,Delivered,1
ORD000988,2023-04-14,08:05:35,CUST7409,Restaurant_51,Chinese,Bengaluru,548.75,53.36,0.0,602.11,Cash on Delivery,34,Delivered,2
ORD000989,2023-07-16,01:07:13,CUST9675,Restaurant_100,Biryani,Hyderabad,1120.56,74.72,85.0,1110.28,Debit Card,,Cancelled,
ORD000990,2023-01-14,11:03:19,CUST1167,Restaurant_77,Street Food,Lucknow,1304.02,54.81,0.0,1358.83,UPI,35,Delivered,4
ORD000991,2023-06-14,03:23:21,CUST4160,Restaurant_18,North Indian,Kolkata,775.85,97.66,0.0,873.51,Credit Card,32,Delivered,5
ORD000992,2023-02-21,23:00:53,CUST2946,Restaurant_76,Beverages,Ahmedabad,1338.42,55.92,0.0,1394.34,Debit Card,31,Delivered,3
ORD000993,2023-04-21,05:31:46,CUST6617,Restaurant_1,Biryani,Hyderabad,521.15,30.73,0.0,551.88,Wallet,65,Delivered,4
ORD000994,2023-08-18,11:01:59,CUST8659,Restaurant_16,North Indian,Bengaluru,1092.9,29.86,0.0,1122.76,Debit Card,29,Delivered,3
ORD000995,2023-05-07,15:31:36,CUST7251,Restaurant_15,Desserts,Ahmedabad,1129.41,38.38,0.0,1167.79,Wallet,37,Delivered,3
ORD000996,2023-02-03,18:45:32,CUST4229,Restaurant_38,Biryani,Pune,483.73,84.58,0.0,568.31,Credit Card,,Cancelled,
ORD000997,2023-01-23,06:29:42,CUST9892,Restaurant_100,Chinese,Lucknow,931.99,51.5,13.61,969.88,UPI,,Refunded,
ORD000998,2023-10-28,01:39:00,CUST2345,Restaurant_81,North Indian,Pune,474.8,57.3,0.0,532.1,Debit Card,21,Delivered,2
ORD000999,2023-03-16,06:32:15,CUST1401,Restaurant_18,Chinese,Delhi,835.97,49.17,46.99,838.15,UPI,30,Delivered,
ORD001000,2023-07-10,21:39:36,CUST3244,Restaurant_2,Healthy Food,Jaipur,1323.42,50.62,0.0,1374.04,UPI,31,Delivered,2
ORD001001,2023-09-08,10:13:38,CUST1403,Restaurant_22,Italian,Lucknow,174.05,75.83,0.0,249.88,Debit Card,54,Delivered,2
ORD001002,2023-05-10,20:17:02,CUST9070,Restaurant_40,Fast Food,Chennai,984.41,60.04,0.0,1044.45,Credit Card,23,Delivered,3
ORD001003,2023-11-28,07:46:49,CUST1973,Restaurant_25,Healthy Food,Bengaluru,749.91,56.61,0.0,806.52,Wallet,39,Delivered,5
ORD001004,2023-09-14,22:57:07,CUST4520,Restaurant_72,Chinese,Hyderabad,779.88,28.13,0.0,808.01,Credit Card,,Refunded,
ORD001005,2023-06-18,15:46:27,CUST8241,Restaurant_10,Fast Food,Jaipur,1087.9,42.86,0.0,1130.76,Wallet,,Refunded,
ORD001006,2023-12-14,00:14:29,CUST1660,Restaurant_95,Beverages,Jaipur,459.66,59.94,0.0,519.6,Debit Card,,Refunded,
ORD001007,2023-05-10,03:29:01,CUST4151,Restaurant_39,Italian,Mumbai,1016.79,91.46,117.61,990.64,Wallet,38,Delivered,5
ORD001008,2023-11-20,08:17:21,CUST5918,Restaurant_71,Biryani,Jaipur,615.61,93.77,88.02,621.36,Cash on Delivery,16,Delivered,
ORD001009,2023-08-28,22:20:09,CUST6434,Restaurant_85,Healthy Food,Hyderabad,1493.79,49.49,110.87,1432.41,Cash on Delivery,15,Delivered,4
ORD001010,2023-07-30,12:00:56,CUST4429,Restaurant_45,Italian,Chennai,330.98,58.06,0.0,389.04,Debit Card,41,Delivered,3
ORD001011,2023-11-27,12:26:25,CUST2544,Restaurant_32,South Indian,Kolkata,335.11,78.94,0.0,414.05,Wallet,,Cancelled,
ORD001012,2023-04-28,23:00:02,CUST2962,Restaurant_51,Chinese,Mumbai,1014.75,71.25,0.0,1086.0,Cash on Delivery,,Cancelled,
ORD001013,2023-11-11,02:05:00,CUST1482,Restaurant_56,Beverages,Jaipur,1448.04,31.31,0.0,1479.35,Cash on Delivery,47,Delivered,2
ORD001014,2023-12-04,06:30:13,CUST4875,Restaurant_53,Biryani,Lucknow,1128.56,94.12,0.0,1222.68,Wallet,38,Delivered,
ORD001015,2023-03-26,01:54:47,CUST1193,Restaurant_74,Beverages,Ahmedabad,279.52,98.69,0.0,378.21,Cash on Delivery,21,Delivered,1
ORD001016,2023-11-05,18:18:15,CUST6865,Restaurant_88,Healthy Food,Chennai,566.58,98.2,40.22,624.56,Debit Card,34,Delivered,2
ORD001017,2023-05-19,02:34:46,CUST7146,Restaurant_49,Healthy Food,Jaipur,960.71,95.48,31.82,1024.37,Credit Card,46,Delivered,4
ORD001018,2023-03-22,08:29:13,CUST9231,Restaurant_86,Biryani,Kolkata,1404.8,49.75,0.0,1454.55,UPI,57,Delivered,4
ORD001019,2023-03-09,17:52:46,CUST1731,Restaurant_86,Desserts,Chennai,320.4,55.27,0.0,375.67,Wallet,57,Delivered,
ORD001020,2023-04-16,02:44:00,CUST4932,Restaurant_96,Chinese,Delhi,1316.15,65.19,0.0,1381.34,Cash on Delivery,50,Delivered,4
ORD001021,2023-07-11,15:12:49,CUST6575,Restaurant_66,Italian,Bengaluru,759.4,96.38,0.0,855.78,UPI,39,Delivered,3
ORD001022,2023-02-12,10:11:07,CUST4152,Restaurant_15,South Indian,Jaipur,1164.48,55.07,116.12,1103.43,Credit Card,,Cancelled,
ORD001023,2023-01-15,11:42:06,CUST3569,Restaurant_45,Chinese,Chennai,968.56,92.29,104.48,956.37,Credit Card,,Cancelled,
ORD001024,2023-04-24,22:44:17,CUST7094,Restaurant_11,Desserts,Hyderabad,1195.78,30.12,0.0,1225.9,Wallet,16,Delivered,1
ORD001025,2023-04-13,18:48:35,CUST1286,Restaurant_5,Italian,Kolkata,224.7,75.75,0.0,300.45,Wallet,58,Delivered,4
ORD001026,2023-01-09,15:20:23,CUST7181,Restaurant_76,Chinese,Delhi,484.08,80.64,0.0,564.72,Credit Card,50,Delivered,2
ORD001027,2023-11-17,17:44:11,CUST1069,Restaurant_86,Desserts,Mumbai,1190.2,73.77,0.0,1263.97,Debit Card,,Refunded,
ORD001028,2023-07-09,22:06:26,CUST1572,Restaurant_42,Beverages,Delhi,887.46,93.95,149.52,831.89,Debit Card,,Cancelled,
ORD001029,2023-11-22,16:49:23,CUST1317,Restaurant_18,Street Food,Mumbai,362.66,85.13,0.0,447.79,Debit Card,,Cancelled,
ORD001030,2023-01-11,09:06:25,CUST9901,Restaurant_32,Healthy Food,Delhi,736.76,51.48,0.0,788.24,Credit Card,15,Delivered,4
ORD001031,2023-08-22,07:33:26,CUST4145,Restaurant_24,Biryani,Ahmedabad,857.34,92.69,0.0,950.03,Wallet,55,Delivered,5
ORD001032,2023-08-18,09:30:19,CUST4548,Restaurant_41,Street Food,Mumbai,985.44,63.95,0.0,1049.39,Cash on Delivery,,Cancelled,
ORD001033,2023-10-05,09:39:48,CUST8933,Restaurant_14,Chinese,Pune,1443.83,43.77,0.0,1487.6,Cash on Delivery,,Refunded,
ORD001034,2023-11-02,02:28:22,CUST6814,Restaurant_74,Fast Food,Bengaluru,1400.73,90.34,0.0,1491.07,Credit Card,,Refunded,
ORD001035,2023-12-04,21:44:36,CUST8410,Restaurant_12,Healthy Food,Jaipur,988.3,69.33,0.0,1057.63,Cash on Delivery,56,Delivered,1
ORD001036,2023-05-16,23:15:17,CUST2380,Restaurant_51,Healthy Food,Lucknow,411.13,90.05,0.0,501.18,Cash on Delivery,51,Delivered,4
ORD001037,2023-07-28,20:52:44,CUST5576,Restaurant_90,Chinese,Kolkata,861.8,24.74,132.36,754.18,Debit Card,44,Delivered,3
ORD001038,2023-08-07,23:48:49,CUST2081,Restaurant_67,South Indian,Pune,1262.99,57.04,19.7,1300.33,Debit Card,25,Delivered,3
ORD001039,2023-11-23,03:33:56,CUST5741,Restaurant_73,Desserts,Pune,567.89,87.41,19.45,635.85,Debit Card,30,Delivered,4
ORD001040,2023-11-08,15:47:06,CUST7329,Restaurant_67,Healthy Food,Bengaluru,1288.35,87.02,51.48,1323.89,Debit Card,17,Delivered,2
ORD001041,2023-01-16,22:14:23,CUST2045,Restaurant_2,Fast Food,Lucknow,193.01,20.79,0.0,213.8,Debit Card,32,Delivered,1
ORD001042,2023-07-14,00:17:56,CUST6148,Restaurant_58,Beverages,Bengaluru,359.7,37.14,0.0,396.84,Cash on Delivery,56,Delivered,4
ORD001043,2023-05-04,19:30:07,CUST1760,Restaurant_81,South Indian,Bengaluru,1068.35,21.84,79.49,1010.7,Wallet,55,Delivered,1
ORD001044,2023-09-18,09:42:08,CUST8204,Restaurant_11,Chinese,Jaipur,653.27,23.43,0.0,676.7,Credit Card,59,Delivered,2
ORD001045,2023-11-22,08:49:13,CUST6414,Restaurant_41,Chinese,Bengaluru,1091.28,56.81,0.0,1148.09,Debit Card,37,Delivered,4
ORD001046,2023-01-05,09:34:59,CUST3410,Restaurant_38,Chinese,Bengaluru,1473.05,69.84,0.0,1542.89,Credit Card,26,Delivered,5
ORD001047,2023-10-05,11:36:20,CUST9245,Restaurant_66,Desserts,Chennai,178.37,90.56,0.0,268.93,Wallet,28,Delivered,2
ORD001048,2023-10-14,19:24:36,CUST5668,Restaurant_25,Desserts,Ahmedabad,1132.16,83.48,0.0,1215.64,UPI,56,Delivered,
ORD001049,2023-01-06,05:23:09,CUST2443,Restaurant_13,Street Food,Mumbai,1429.87,24.99,0.0,1454.86,Cash on Delivery,,Cancelled,
ORD001050,2023-11-28,20:37:20,CUST1318,Restaurant_51,North Indian,Chennai,417.2,75.61,0.0,492.81,Credit Card,54,Delivered,4
ORD001051,2023-05-30,22:38:58,CUST5732,Restaurant_6,Chinese,Hyderabad,375.84,63.34,0.0,439.18,UPI,65,Delivered,2
ORD001052,2023-08-02,09:35:07,CUST3174,Restaurant_21,Biryani,Chennai,766.1,74.76,0.0,840.86,Cash on Delivery,27,Delivered,5
ORD001053,2023-03-07,14:52:19,CUST5805,Restaurant_62,South Indian,Pune,978.09,67.11,0.0,1045.2,Wallet,59,Delivered,3
ORD001054,2023-07-20,22:44:54,CUST8557,Restaurant_99,Beverages,Kolkata,279.97,70.0,0.0,349.97,Cash on Delivery,,Refunded,
ORD001055,2023-10-06,11:06:27,CUST1220,Restaurant_39,Desserts,Pune,678.07,81.35,0.0,759.42,Debit Card,48,Delivered,3
ORD001056,2023-05-02,19:34:55,CUST4184,Restaurant_17,Biryani,Bengaluru,518.78,87.59,0.0,606.37,Cash on Delivery,59,Delivered,1
ORD001057,2023-06-03,11:50:35,CUST3369,Restaurant_38,South Indian,Bengaluru,473.17,78.93,12.01,540.09,Credit Card,17,Delivered,2
ORD001058,2023-06-18,08:49:31,CUST5118,Restaurant_28,Beverages,Kolkata,575.1,74.17,0.0,649.27,Wallet,62,Delivered,5
ORD001059,2023-03-11,20:51:16,CUST9943,Restaurant_12,South Indian,Mumbai,321.43,33.44,0.0,354.87,UPI,,Cancelled,
ORD001060,2023-09-02,22:19:50,CUST5482,Restaurant_10,Street Food,Lucknow,859.94,73.77,0.0,933.71,Debit Card,,Refunded,
ORD001061,2023-06-01,20:40:46,CUST4453,Restaurant_54,Biryani,Lucknow,881.01,78.62,42.35,917.28,Credit Card,31,Delivered,2
ORD001062,2023-06-16,18:45:55,CUST7872,Restaurant_38,Healthy Food,Ahmedabad,590.11,95.61,0.0,685.72,Cash on Delivery,30,Delivered,2
ORD001063,2023-03-14,22:27:05,CUST3924,Restaurant_79,Beverages,Lucknow,849.67,62.69,0.0,912.36,UPI,57,Delivered,1
ORD001064,2023-03-26,06:01:44,CUST1529,Restaurant_29,Street Food,Kolkata,816.33,70.68,63.04,823.97,Cash on Delivery,48,Delivered,3
ORD001065,2023-07-12,23:02:11,CUST4929,Restaurant_31,South Indian,Ahmedabad,329.1,85.57,56.3,358.37,Credit Card,41,Delivered,3
ORD001066,2023-07-10,15:33:40,CUST5371,Restaurant_35,Desserts,Mumbai,414.94,34.83,0.0,449.77,Cash on Delivery,65,Delivered,5
ORD001067,2023-11-30,11:09:09,CUST7111,Restaurant_71,Healthy Food,Ahmedabad,1335.13,61.32,0.0,1396.45,Cash on Delivery,28,Delivered,
ORD001068,2023-03-09,02:37:16,CUST3117,Restaurant_10,Italian,Mumbai,661.77,22.99,0.0,684.76,Debit Card,43,Delivered,2
ORD001069,2023-07-02,02:11:45,CUST3799,Restaurant_12,Street Food,Jaipur,1427.96,34.26,0.0,1462.22,Credit Card,27,Delivered,1
ORD001070,2023-08-01,05:01:02,CUST3893,Restaurant_67,Italian,Delhi,638.03,61.64,0.0,699.67,Credit Card,50,Delivered,4
ORD001071,2023-04-02,10:42:10,CUST4558,Restaurant_85,Chinese,Hyderabad,1247.69,58.27,0.0,1305.96,Credit Card,42,Delivered,4
ORD001072,2023-06-10,01:02:36,CUST4013,Restaurant_63,Biryani,Ahmedabad,227.66,93.73,0.0,321.39,Credit Card,26,Delivered,
ORD001073,2023-06-11,14:00:45,CUST6848,Restaurant_49,North Indian,Ahmedabad,852.05,29.92,0.0,881.97,Debit Card,25,Delivered,
ORD001074,2023-01-27,12:01:40,CUST4590,Restaurant_14,Street Food,Jaipur,635.75,60.81,131.74,564.82,Credit Card,36,Delivered,3
ORD001075,2023-01-30,08:37:14,CUST8844,Restaurant_56,Street Food,Chennai,314.71,48.0,0.0,362.71,Wallet,23,Delivered,4
ORD001076,2023-10-11,01:40:06,CUST2881,Restaurant_49,Biryani,Lucknow,1149.83,67.57,0.0,1217.4,Wallet,40,Delivered,4
ORD001077,2023-10-06,00:53:50,CUST5123,Restaurant_43,South Indian,Mumbai,679.48,72.21,0.0,751.69,Debit Card,65,Delivered,4
ORD001078,2023-06-30,16:45:59,CUST3437,Restaurant_54,Fast Food,Hyderabad,530.2,34.76,135.3,429.66,Credit Card,16,Delivered,
ORD001079,2023-03-30,00:45:13,CUST6511,Restaurant_52,Italian,Delhi,1319.44,21.74,84.27,1256.91,Debit Card,22,Delivered,
ORD001080,2023-02-06,17:54:43,CUST2028,Restaurant_17,Chinese,Kolkata,663.32,88.51,0.0,751.83,Debit Card,53,Delivered,3
ORD001081,2023-12-04,11:36:11,CUST1525,Restaurant_23,Beverages,Jaipur,330.7,37.83,0.0,368.53,Wallet,39,Delivered,4
ORD001082,2023-11-03,21:59:48,CUST7542,Restaurant_33,Desserts,Pune,561.34,70.43,0.0,631.77,Credit Card,,Cancelled,
ORD001083,2023-09-29,20:08:58,CUST2152,Restaurant_65,Biryani,Mumbai,1427.78,83.2,0.0,1510.98,UPI,63,Delivered,2
ORD001084,2023-07-30,18:59:33,CUST1672,Restaurant_72,Beverages,Kolkata,806.92,65.94,0.0,872.86,Credit Card,36,Delivered,5
ORD001085,2023-11-13,23:42:56,CUST6111,Restaurant_49,South Indian,Ahmedabad,715.48,36.01,0.0,751.49,Cash on Delivery,25,Delivered,5
ORD001086,2023-03-20,23:27:00,CUST6019,Restaurant_55,South Indian,Jaipur,1264.69,52.17,0.0,1316.86,Credit Card,34,Delivered,1
ORD001087,2023-10-20,17:23:13,CUST4688,Restaurant_84,South Indian,Hyderabad,360.05,94.44,0.0,454.49,Debit Card,40,Delivered,3
ORD001088,2023-06-05,10:50:51,CUST4526,Restaurant_82,Beverages,Mumbai,1303.2,72.5,0.0,1375.7,Credit Card,46,Delivered,4
ORD001089,2023-03-24,15:45:10,CUST7040,Restaurant_70,Healthy Food,Pune,324.79,27.14,0.0,351.93,Debit Card,23,Delivered,
ORD001090,2023-11-13,07:58:34,CUST3798,Restaurant_56,Healthy Food,Jaipur,351.73,69.33,0.0,421.06,Debit Card,40,Delivered,4
ORD001091,2023-08-31,10:46:18,CUST3989,Restaurant_38,Fast Food,Ahmedabad,954.59,79.02,0.0,1033.61,UPI,49,Delivered,1
ORD001092,2023-08-11,20:51:25,CUST8214,Restaurant_74,Biryani,Pune,564.2,22.12,0.0,586.32,Cash on Delivery,56,Delivered,2
ORD001093,2023-06-09,08:13:06,CUST9721,Restaurant_90,Biryani,Jaipur,1334.59,68.19,129.3,1273.48,Credit Card,57,Delivered,3
ORD001094,2023-12-25,23:25:54,CUST5620,Restaurant_28,Biryani,Mumbai,351.78,75.73,0.0,427.51,Credit Card,,Cancelled,
ORD001095,2023-08-25,14:22:50,CUST9758,Restaurant_27,Desserts,Mumbai,999.36,70.11,0.0,1069.47,Credit Card,53,Delivered,2
ORD001096,2023-08-07,11:29:05,CUST7491,Restaurant_1,Biryani,Pune,1135.16,55.44,0.0,1190.6,UPI,62,Delivered,1
ORD001097,2023-05-20,19:10:31,CUST8407,Restaurant_12,Healthy Food,Pune,898.37,43.39,0.0,941.76,Wallet,,Cancelled,
ORD001098,2023-03-03,01:28:35,CUST8419,Restaurant_36,Beverages,Jaipur,1427.96,68.69,0.0,1496.65,UPI,,Refunded,
ORD001099,2023-07-08,19:24:40,CUST1726,Restaurant_26,Chinese,Hyderabad,1001.55,83.63,0.0,1085.18,Cash on Delivery,64,Delivered,3
ORD001100,2023-01-31,22:54:13,CUST3844,Restaurant_20,Desserts,Lucknow,896.01,42.15,0.0,938.16,Wallet,26,Delivered,
ORD001101,2023-07-27,15:51:04,CUST3121,Restaurant_78,North Indian,Bengaluru,1221.15,33.92,0.0,1255.07,Cash on Delivery,52,Delivered,3
ORD001102,2023-06-20,11:03:18,CUST6699,Restaurant_75,Fast Food,Bengaluru,328.42,28.32,46.46,310.28,Debit Card,,Refunded,
ORD001103,2023-11-27,09:47:20,CUST9918,Restaurant_19,Desserts,Bengaluru,1459.81,25.35,0.0,1485.16,Credit Card,,Cancelled,
ORD001104,2023-07-17,10:56:32,CUST8906,Restaurant_47,Italian,Jaipur,686.71,40.69,0.0,727.4,Credit Card,,Cancelled,
ORD001105,2023-06-26,10:47:14,CUST9878,Restaurant_89,Desserts,Lucknow,556.7,44.0,0.0,600.7,UPI,46,Delivered,
ORD001106,2023-09-23,04:48:35,CUST4346,Restaurant_15,Street Food,Pune,722.86,96.27,0.0,819.13,Credit Card,44,Delivered,
ORD001107,2023-01-04,18:57:29,CUST3235,Restaurant_13,Desserts,Delhi,300.21,93.25,0.0,393.46,Cash on Delivery,30,Delivered,2
ORD001108,2023-04-23,11:14:00,CUST2472,Restaurant_15,Desserts,Lucknow,1261.6,41.29,101.49,1201.4,Cash on Delivery,37,Delivered,4
ORD001109,2023-05-11,20:51:09,CUST4983,Restaurant_67,North Indian,Bengaluru,1050.53,43.7,127.71,966.52,Wallet,49,Delivered,4
ORD001110,2023-08-10,18:42:26,CUST6043,Restaurant_67,North Indian,Hyderabad,379.06,93.3,0.0,472.36,Debit Card,56,Delivered,5
ORD001111,2023-02-15,11:04:36,CUST7321,Restaurant_23,Beverages,Hyderabad,379.97,43.63,0.0,423.6,Credit Card,36,Delivered,3
ORD001112,2023-06-01,14:56:53,CUST1180,Restaurant_96,Italian,Chennai,1151.08,70.84,143.41,1078.51,Debit Card,25,Delivered,4
ORD001113,2023-10-28,01:14:18,CUST8583,Restaurant_79,Biryani,Jaipur,1115.62,56.7,0.0,1172.32,Wallet,25,Delivered,2
ORD001114,2023-03-28,18:43:45,CUST1207,Restaurant_31,Street Food,Kolkata,838.16,57.14,114.35,780.95,Wallet,,Refunded,
ORD001115,2023-05-22,19:07:57,CUST3533,Restaurant_45,Healthy Food,Pune,568.61,36.67,0.0,605.28,Credit Card,20,Delivered,2
ORD001116,2023-05-23,05:07:07,CUST4953,Restaurant_13,Desserts,Lucknow,960.91,43.18,95.94,908.15,UPI,,Cancelled,
ORD001117,2023-01-26,13:54:26,CUST7692,Restaurant_85,Beverages,Pune,922.19,34.02,76.13,880.08,Cash on Delivery,61,Delivered,4
ORD001118,2023-05-12,14:10:23,CUST6439,Restaurant_85,Desserts,Chennai,219.76,33.37,0.0,253.13,UPI,41,Delivered,5
ORD001119,2023-08-11,21:57:36,CUST6806,Restaurant_4,Desserts,Chennai,226.19,35.46,0.0,261.65,Wallet,,Refunded,
ORD001120,2023-01-02,11:50:29,CUST5784,Restaurant_8,Fast Food,Delhi,209.37,53.81,0.0,263.18,Credit Card,54,Delivered,4
ORD001121,2023-12-22,17:35:26,CUST2619,Restaurant_44,South Indian,Hyderabad,524.03,60.84,0.0,584.87,Cash on Delivery,26,Delivered,3
ORD001122,2023-07-21,16:17:00,CUST2383,Restaurant_53,Desserts,Kolkata,248.94,86.4,0.0,335.34,Wallet,,Refunded,
ORD001123,2023-02-02,23:34:00,CUST9030,Restaurant_28,Chinese,Bengaluru,1287.55,90.64,143.59,1234.6,Wallet,18,Delivered,3
ORD001124,2023-07-02,12:28:17,CUST9698,Restaurant_90,Chinese,Bengaluru,1038.59,23.22,0.0,1061.81,Credit Card,38,Delivered,4
ORD001125,2023-10-17,04:45:10,CUST2353,Restaurant_44,South Indian,Hyderabad,978.0,42.83,0.0,1020.83,Wallet,36,Delivered,5
ORD001126,2023-12-23,01:10:58,CUST9014,Restaurant_57,North Indian,Chennai,959.35,53.87,72.26,940.96,Wallet,59,Delivered,4
ORD001127,2023-12-20,12:01:27,CUST9039,Restaurant_17,North Indian,Jaipur,346.68,45.08,0.0,391.76,UPI,,Refunded,
ORD001128,2023-07-28,23:23:55,CUST6438,Restaurant_77,Street Food,Ahmedabad,720.55,40.07,0.0,760.62,Cash on Delivery,36,Delivered,
ORD001129,2023-02-01,12:13:56,CUST7902,Restaurant_81,Chinese,Lucknow,1246.67,89.77,0.0,1336.44,Debit Card,25,Delivered,1
ORD001130,2023-01-04,05:53:06,CUST2333,Restaurant_66,Biryani,Ahmedabad,1470.66,81.35,79.13,1472.88,UPI,29,Delivered,
ORD001131,2023-10-28,01:18:54,CUST3490,Restaurant_34,Fast Food,Lucknow,446.41,94.37,0.0,540.78,Credit Card,56,Delivered,5
ORD001132,2023-06-12,12:45:02,CUST4331,Restaurant_21,Desserts,Lucknow,1089.21,80.41,0.0,1169.62,Wallet,31,Delivered,
ORD001133,2023-01-27,09:51:52,CUST3927,Restaurant_18,Healthy Food,Hyderabad,921.73,27.87,0.0,949.6,Cash on Delivery,26,Delivered,
ORD001134,2023-01-10,21:32:35,CUST7757,Restaurant_90,Healthy Food,Lucknow,1333.7,37.7,0.0,1371.4,UPI,61,Delivered,2
ORD001135,2023-11-01,05:21:33,CUST5216,Restaurant_70,Fast Food,Lucknow,159.92,27.66,0.0,187.58,Credit Card,35,Delivered,2
ORD001136,2023-02-02,18:59:24,CUST5470,Restaurant_58,Street Food,Hyderabad,498.31,85.44,0.0,583.75,Cash on Delivery,33,Delivered,3
ORD001137,2023-10-28,23:44:41,CUST2303,Restaurant_72,Beverages,Lucknow,630.49,29.64,0.0,660.13,Debit Card,28,Delivered,5
ORD001138,2023-07-07,06:43:58,CUST7913,Restaurant_6,Biryani,Lucknow,296.57,47.32,0.0,343.89,Cash on Delivery,48,Delivered,4
ORD001139,2023-06-15,04:47:58,CUST6051,Restaurant_54,Chinese,Hyderabad,954.94,34.34,108.98,880.3,Wallet,38,Delivered,4
ORD001140,2023-03-24,23:41:27,CUST7839,Restaurant_86,South Indian,Chennai,611.93,51.64,0.0,663.57,Wallet,,Refunded,
ORD001141,2023-10-21,10:38:12,CUST7690,Restaurant_83,South Indian,Bengaluru,1385.75,20.17,0.0,1405.92,Debit Card,,Cancelled,
ORD001142,2023-03-20,09:19:34,CUST1828,Restaurant_82,Italian,Chennai,1369.2,31.14,0.0,1400.34,Credit Card,47,Delivered,2
ORD001143,2023-05-02,07:21:35,CUST9782,Restaurant_79,Desserts,Chennai,1386.35,43.56,0.0,1429.91,Wallet,,Cancelled,
ORD001144,2023-12-08,15:58:20,CUST3817,Restaurant_78,South Indian,Ahmedabad,1436.38,38.4,0.0,1474.78,Wallet,37,Delivered,
ORD001145,2023-06-21,16:00:35,CUST8448,Restaurant_91,Street Food,Pune,1493.69,73.83,0.0,1567.52,UPI,15,Delivered,2
ORD001146,2023-09-25,20:30:47,CUST4564,Restaurant_28,Healthy Food,Kolkata,456.82,67.52,21.22,503.12,Wallet,28,Delivered,5
ORD001147,2023-08-12,05:57:32,CUST6402,Restaurant_26,Healthy Food,Jaipur,636.73,48.77,0.0,685.5,Wallet,63,Delivered,
ORD001148,2023-11-12,09:18:24,CUST1446,Restaurant_58,Chinese,Hyderabad,974.47,68.49,100.86,942.1,UPI,29,Delivered,5
ORD001149,2023-04-05,19:15:50,CUST2100,Restaurant_24,Biryani,Lucknow,1389.25,46.94,0.0,1436.19,UPI,37,Delivered,3
ORD001150,2023-06-01,03:11:30,CUST4863,Restaurant_78,Chinese,Ahmedabad,203.78,97.71,0.0,301.49,Credit Card,55,Delivered,
ORD001151,2023-10-06,02:40:18,CUST6556,Restaurant_47,Biryani,Chennai,511.72,91.63,0.0,603.35,Credit Card,48,Delivered,
ORD001152,2023-01-23,21:59:08,CUST5528,Restaurant_88,Italian,Jaipur,448.88,95.86,0.0,544.74,Wallet,47,Delivered,3
ORD001153,2023-09-20,16:55:34,CUST3997,Restaurant_33,Street Food,Kolkata,1204.06,38.69,0.0,1242.75,UPI,44,Delivered,
ORD001154,2023-02-15,05:41:02,CUST5333,Restaurant_95,South Indian,Mumbai,1223.66,87.44,0.0,1311.1,UPI,28,Delivered,
ORD001155,2023-04-08,15:04:24,CUST6622,Restaurant_2,North Indian,Hyderabad,1178.38,89.92,54.38,1213.92,Cash on Delivery,56,Delivered,5
ORD001156,2023-03-28,23:22:43,CUST5057,Restaurant_52,Biryani,Kolkata,224.72,84.41,46.25,262.88,Wallet,36,Delivered,3
ORD001157,2023-07-07,03:36:56,CUST7540,Restaurant_54,Healthy Food,Hyderabad,733.26,69.88,132.25,670.89,Debit Card,40,Delivered,2
ORD001158,2023-08-30,06:21:58,CUST4396,Restaurant_32,Italian,Kolkata,957.49,40.51,0.0,998.0,Cash on Delivery,,Cancelled,
ORD001159,2023-12-20,22:18:30,CUST3910,Restaurant_50,Italian,Hyderabad,389.63,98.47,27.05,461.05,Debit Card,47,Delivered,2
ORD001160,2023-10-11,07:13:34,CUST1147,Restaurant_71,North Indian,Jaipur,399.35,67.4,0.0,466.75,Debit Card,,Refunded,
ORD001161,2023-07-31,18:21:17,CUST2919,Restaurant_94,Healthy Food,Hyderabad,512.95,67.12,56.01,524.06,Credit Card,26,Delivered,4
ORD001162,2023-12-05,01:18:55,CUST5248,Restaurant_50,Street Food,Kolkata,1349.98,46.0,0.0,1395.98,Wallet,49,Delivered,
ORD001163,2023-12-23,23:13:58,CUST9093,Restaurant_27,North Indian,Mumbai,791.64,81.81,0.0,873.45,Cash on Delivery,55,Delivered,1
ORD001164,2023-11-07,03:27:39,CUST5480,Restaurant_29,South Indian,Mumbai,676.43,82.91,149.76,609.58,Debit Card,,Cancelled,
ORD001165,2023-08-22,08:19:53,CUST3091,Restaurant_54,Italian,Jaipur,1078.81,86.82,0.0,1165.63,Credit Card,62,Delivered,3
ORD001166,2023-02-18,16:07:40,CUST8938,Restaurant_19,South Indian,Chennai,1276.87,39.59,0.0,1316.46,Credit Card,23,Delivered,3
ORD001167,2023-03-19,05:45:14,CUST4787,Restaurant_95,South Indian,Mumbai,1368.89,25.11,0.0,1394.0,UPI,,Refunded,
ORD001168,2023-12-19,08:50:57,CUST5847,Restaurant_40,North Indian,Chennai,371.88,50.81,0.0,422.69,UPI,46,Delivered,5
ORD001169,2023-09-07,02:39:31,CUST4000,Restaurant_45,Healthy Food,Bengaluru,1391.23,82.04,0.0,1473.27,Cash on Delivery,47,Delivered,4
ORD001170,2023-03-14,18:31:45,CUST2385,Restaurant_50,Fast Food,Jaipur,229.46,74.52,0.0,303.98,UPI,,Cancelled,
ORD001171,2023-05-24,08:15:24,CUST8908,Restaurant_85,South Indian,Hyderabad,460.27,88.28,0.0,548.55,Debit Card,,Cancelled,
ORD001172,2023-02-14,11:51:20,CUST5707,Restaurant_54,Italian,Jaipur,321.63,92.75,0.0,414.38,UPI,55,Delivered,4
ORD001173,2023-11-08,11:28:23,CUST2327,Restaurant_61,South Indian,Mumbai,883.25,58.42,0.0,941.67,Cash on Delivery,,Refunded,
ORD001174,2023-07-04,09:27:27,CUST8941,Restaurant_62,Italian,Delhi,769.26,83.61,0.0,852.87,Credit Card,,Refunded,
ORD001175,2023-04-18,01:26:36,CUST1635,Restaurant_70,Healthy Food,Kolkata,329.47,67.49,31.07,365.89,Debit Card,60,Delivered,5
ORD001176,2023-08-06,16:31:28,CUST1518,Restaurant_82,Chinese,Mumbai,681.56,69.17,0.0,750.73,Credit Card,65,Delivered,4
ORD001177,2023-07-15,01:39:33,CUST5965,Restaurant_49,Italian,Delhi,969.36,86.77,0.0,1056.13,Cash on Delivery,38,Delivered,2
ORD001178,2023-11-20,09:56:07,CUST4106,Restaurant_18,Chinese,Jaipur,1399.87,41.81,141.75,1299.93,Credit Card,,Refunded,
ORD001179,2023-09-26,01:24:47,CUST5102,Restaurant_35,Fast Food,Pune,173.25,99.75,0.0,273.0,Credit Card,55,Delivered,1
ORD001180,2023-10-08,09:43:35,CUST6628,Restaurant_81,Healthy Food,Hyderabad,1090.27,33.83,0.0,1124.1,Credit Card,34,Delivered,2
ORD001181,2023-03-05,17:37:18,CUST8109,Restaurant_34,Desserts,Delhi,939.84,35.8,72.39,903.25,Cash on Delivery,62,Delivered,4
ORD001182,2023-11-13,15:03:19,CUST2829,Restaurant_56,North Indian,Lucknow,1244.93,93.56,0.0,1338.49,Credit Card,53,Delivered,5
ORD001183,2023-01-07,13:55:31,CUST5532,Restaurant_27,Beverages,Jaipur,712.41,43.46,0.0,755.87,Cash on Delivery,24,Delivered,2
ORD001184,2023-09-30,02:19:35,CUST5968,Restaurant_95,Desserts,Mumbai,991.82,80.4,87.84,984.38,Debit Card,21,Delivered,
ORD001185,2023-03-28,22:23:03,CUST8873,Restaurant_71,Chinese,Lucknow,1475.23,62.54,0.0,1537.77,Credit Card,25,Delivered,1
ORD001186,2023-12-18,18:50:35,CUST6018,Restaurant_90,Biryani,Chennai,812.45,27.17,0.0,839.62,Wallet,57,Delivered,1
ORD001187,2023-07-05,01:07:28,CUST7325,Restaurant_24,Healthy Food,Hyderabad,463.92,36.11,0.0,500.03,Debit Card,51,Delivered,4
ORD001188,2023-11-21,15:53:16,CUST2853,Restaurant_88,Street Food,Bengaluru,905.31,62.83,0.0,968.14,UPI,18,Delivered,4
ORD001189,2023-04-28,17:46:19,CUST2512,Restaurant_85,Chinese,Lucknow,471.95,48.59,0.0,520.54,UPI,,Refunded,
ORD001190,2023-04-01,20:09:52,CUST4287,Restaurant_62,Biryani,Pune,985.45,26.36,66.81,945.0,Cash on Delivery,44,Delivered,
ORD001191,2023-03-23,07:31:34,CUST8139,Restaurant_29,Biryani,Chennai,199.76,30.53,145.28,85.01,Debit Card,43,Delivered,
ORD001192,2023-05-08,01:40:54,CUST7431,Restaurant_98,Fast Food,Delhi,795.69,43.85,0.0,839.54,Wallet,19,Delivered,3
ORD001193,2023-12-13,07:09:11,CUST1268,Restaurant_22,Desserts,Delhi,490.49,55.68,0.0,546.17,UPI,56,Delivered,2
ORD001194,2023-09-27,00:14:52,CUST3639,Restaurant_75,Beverages,Hyderabad,544.42,98.14,0.0,642.56,Debit Card,15,Delivered,3
ORD001195,2023-10-11,10:35:54,CUST2782,Restaurant_97,Chinese,Delhi,397.43,60.78,0.0,458.21,Credit Card,,Cancelled,
ORD001196,2023-08-20,00:28:31,CUST6191,Restaurant_11,South Indian,Kolkata,350.09,40.57,0.0,390.66,Cash on Delivery,33,Delivered,1
ORD001197,2023-01-04,06:41:34,CUST3820,Restaurant_1,Biryani,Kolkata,1296.77,96.18,0.0,1392.95,UPI,,Refunded,
ORD001198,2023-04-19,09:05:01,CUST4747,Restaurant_80,Fast Food,Bengaluru,568.72,43.33,137.39,474.66,Wallet,57,Delivered,
ORD001199,2023-06-15,22:35:16,CUST5375,Restaurant_95,Healthy Food,Bengaluru,696.71,68.39,0.0,765.1,Cash on Delivery,37,Delivered,2
ORD001200,2023-04-14,16:29:28,CUST6308,Restaurant_77,South Indian,Hyderabad,269.1,70.2,0.0,339.3,Credit Card,58,Delivered,4
ORD001201,2023-09-05,02:26:11,CUST6726,Restaurant_93,South Indian,Jaipur,478.1,21.32,42.77,456.65,UPI,20,Delivered,2
ORD001202,2023-03-24,23:14:13,CUST5657,Restaurant_75,Chinese,Jaipur,425.34,80.61,121.41,384.54,Credit Card,49,Delivered,2
ORD001203,2023-01-06,20:10:13,CUST9915,Restaurant_3,Desserts,Jaipur,717.97,30.58,0.0,748.55,Cash on Delivery,61,Delivered,
ORD001204,2023-11-04,02:32:51,CUST8962,Restaurant_78,Fast Food,Jaipur,160.6,36.63,0.0,197.23,Debit Card,59,Delivered,5
ORD001205,2023-07-21,20:01:24,CUST7449,Restaurant_1,Biryani,Hyderabad,1054.88,72.97,17.89,1109.96,Wallet,,Refunded,
ORD001206,2023-01-27,03:45:36,CUST1438,Restaurant_38,Desserts,Jaipur,771.37,35.95,0.0,807.32,Wallet,58,Delivered,2
ORD001207,2023-01-26,20:47:47,CUST7604,Restaurant_50,Desserts,Chennai,240.14,82.26,0.0,322.4,Debit Card,17,Delivered,3
ORD001208,2023-05-26,22:48:41,CUST4003,Restaurant_93,Street Food,Kolkata,1296.56,60.55,0.0,1357.11,Debit Card,44,Delivered,5
ORD001209,2023-11-29,19:20:38,CUST9207,Restaurant_4,Street Food,Delhi,1231.69,75.33,0.0,1307.02,Cash on Delivery,65,Delivered,
ORD001210,2023-11-06,05:07:56,CUST1202,Restaurant_78,Chinese,Kolkata,1163.81,50.28,133.98,1080.11,UPI,29,Delivered,3
ORD001211,2023-05-31,20:54:48,CUST9235,Restaurant_30,North Indian,Delhi,871.0,55.15,0.0,926.15,Cash on Delivery,,Cancelled,
ORD001212,2023-12-12,10:13:26,CUST8908,Restaurant_80,Desserts,Pune,1320.51,61.65,0.0,1382.16,UPI,47,Delivered,5
ORD001213,2023-12-11,12:09:41,CUST6738,Restaurant_77,Desserts,Hyderabad,1431.95,99.61,13.63,1517.93,Wallet,25,Delivered,5
ORD001214,2023-12-02,08:15:15,CUST9601,Restaurant_63,Chinese,Ahmedabad,243.74,88.6,0.0,332.34,Credit Card,,Cancelled,
ORD001215,2023-04-13,23:29:31,CUST6474,Restaurant_7,Italian,Pune,877.82,31.32,0.0,909.14,Debit Card,16,Delivered,3
ORD001216,2023-11-18,11:49:09,CUST9011,Restaurant_73,Desserts,Pune,211.49,88.14,0.0,299.63,Credit Card,21,Delivered,
ORD001217,2023-01-21,03:38:07,CUST7247,Restaurant_55,Italian,Mumbai,398.57,97.35,0.0,495.92,Credit Card,,Cancelled,
ORD001218,2023-06-27,00:57:43,CUST1727,Restaurant_91,Biryani,Bengaluru,1493.13,60.71,0.0,1553.84,UPI,,Cancelled,
ORD001219,2023-03-16,18:12:55,CUST9998,Restaurant_96,Desserts,Bengaluru,1068.55,24.04,0.0,1092.59,Wallet,40,Delivered,5
ORD001220,2023-01-23,17:46:51,CUST3284,Restaurant_88,Street Food,Jaipur,202.65,86.31,0.0,288.96,Debit Card,,Refunded,
ORD001221,2023-09-04,12:58:16,CUST6741,Restaurant_72,Italian,Delhi,1250.68,71.06,71.02,1250.72,Credit Card,64,Delivered,
ORD001222,2023-05-20,02:19:07,CUST3880,Restaurant_63,Biryani,Pune,1140.36,64.38,78.57,1126.17,UPI,37,Delivered,
ORD001223,2023-02-03,02:10:35,CUST3733,Restaurant_29,Desserts,Chennai,854.82,29.61,0.0,884.43,UPI,64,Delivered,4
ORD001224,2023-04-23,18:34:15,CUST1456,Restaurant_81,Biryani,Jaipur,479.37,81.2,0.0,560.57,Wallet,50,Delivered,2
ORD001225,2023-02-13,15:09:43,CUST1735,Restaurant_95,Italian,Mumbai,686.68,45.68,0.0,732.36,Debit Card,43,Delivered,1
ORD001226,2023-01-04,11:29:38,CUST5470,Restaurant_5,Street Food,Lucknow,695.76,23.14,68.32,650.58,Credit Card,42,Delivered,4
ORD001227,2023-07-23,23:58:26,CUST9839,Restaurant_97,Italian,Lucknow,158.51,70.27,0.0,228.78,Wallet,43,Delivered,2
ORD001228,2023-08-08,22:56:20,CUST2372,Restaurant_38,Fast Food,Ahmedabad,1104.92,44.53,0.0,1149.45,Credit Card,17,Delivered,
ORD001229,2023-07-18,07:40:33,CUST1252,Restaurant_94,Healthy Food,Lucknow,176.78,39.91,0.0,216.69,Wallet,49,Delivered,2
ORD001230,2023-05-18,23:39:09,CUST6403,Restaurant_45,Healthy Food,Bengaluru,1298.65,87.12,0.0,1385.77,Credit Card,,Refunded,
ORD001231,2023-12-23,12:58:05,CUST8865,Restaurant_22,Street Food,Pune,862.34,38.5,0.0,900.84,Debit Card,52,Delivered,5
ORD001232,2023-04-17,13:00:54,CUST4681,Restaurant_10,Street Food,Pune,582.56,38.67,121.3,499.93,UPI,42,Delivered,
ORD001233,2023-08-25,22:03:32,CUST5469,Restaurant_44,Healthy Food,Pune,650.07,32.15,57.02,625.2,UPI,28,Delivered,5
ORD001234,2023-05-23,01:00:44,CUST9595,Restaurant_67,Italian,Lucknow,1484.4,94.98,0.0,1579.38,Cash on Delivery,31,Delivered,2
ORD001235,2023-03-25,08:49:03,CUST7495,Restaurant_10,Beverages,Delhi,959.78,97.44,0.0,1057.22,Wallet,39,Delivered,2
ORD001236,2023-11-27,14:04:33,CUST7222,Restaurant_98,Street Food,Ahmedabad,205.62,70.98,0.0,276.6,Cash on Delivery,49,Delivered,5
ORD001237,2023-09-01,16:48:40,CUST8011,Restaurant_30,South Indian,Jaipur,1026.0,88.2,21.59,1092.61,Wallet,61,Delivered,3
ORD001238,2023-03-22,20:17:34,CUST3779,Restaurant_86,Fast Food,Lucknow,466.77,76.62,0.0,543.39,Cash on Delivery,48,Delivered,2
ORD001239,2023-04-11,20:38:13,CUST2362,Restaurant_86,South Indian,Mumbai,219.86,34.68,149.47,105.07,Wallet,30,Delivered,4
ORD001240,2023-09-11,23:22:55,CUST4809,Restaurant_8,South Indian,Ahmedabad,1468.87,93.34,0.0,1562.21,Wallet,40,Delivered,
ORD001241,2023-04-19,21:11:40,CUST9768,Restaurant_59,Street Food,Jaipur,239.26,95.26,0.0,334.52,Cash on Delivery,,Refunded,
ORD001242,2023-10-25,19:22:44,CUST8427,Restaurant_26,Healthy Food,Bengaluru,235.08,71.27,0.0,306.35,Wallet,62,Delivered,4
ORD001243,2023-10-26,06:00:52,CUST9950,Restaurant_41,North Indian,Mumbai,501.7,85.08,0.0,586.78,Wallet,24,Delivered,3
ORD001244,2023-08-30,11:48:34,CUST9031,Restaurant_98,Fast Food,Mumbai,367.27,28.68,0.0,395.95,Wallet,53,Delivered,4
ORD001245,2023-06-05,05:28:12,CUST8149,Restaurant_70,Biryani,Pune,1102.19,81.57,25.46,1158.3,UPI,21,Delivered,3
ORD001246,2023-06-30,21:21:33,CUST9510,Restaurant_89,Healthy Food,Bengaluru,592.97,46.48,0.0,639.45,Wallet,15,Delivered,3
ORD001247,2023-04-11,20:09:23,CUST5749,Restaurant_94,Beverages,Ahmedabad,1108.76,96.67,0.0,1205.43,UPI,62,Delivered,3
ORD001248,2023-12-06,19:12:38,CUST9887,Restaurant_52,Street Food,Delhi,872.8,20.67,0.0,893.47,Debit Card,17,Delivered,2
ORD001249,2023-11-15,20:47:15,CUST5577,Restaurant_62,North Indian,Hyderabad,1130.74,50.09,0.0,1180.83,UPI,44,Delivered,1
ORD001250,2023-05-27,03:16:07,CUST4871,Restaurant_80,Biryani,Hyderabad,1203.39,89.92,0.0,1293.31,UPI,,Refunded,
ORD001251,2023-05-10,22:29:13,CUST5001,Restaurant_12,Biryani,Lucknow,1433.54,70.29,58.01,1445.82,Cash on Delivery,23,Delivered,2
ORD001252,2023-12-12,01:55:12,CUST4143,Restaurant_34,Desserts,Delhi,270.6,63.09,0.0,333.69,Debit Card,27,Delivered,1
ORD001253,2023-04-08,16:13:55,CUST1814,Restaurant_8,Healthy Food,Hyderabad,1150.32,70.2,0.0,1220.52,Debit Card,49,Delivered,
ORD001254,2023-03-29,08:43:12,CUST1593,Restaurant_44,Biryani,Ahmedabad,212.82,75.12,0.0,287.94,Cash on Delivery,44,Delivered,
ORD001255,2023-09-18,08:24:07,CUST3345,Restaurant_17,Chinese,Jaipur,1295.93,21.49,75.5,1241.92,Wallet,21,Delivered,3
ORD001256,2023-06-22,21:31:01,CUST8422,Restaurant_82,Biryani,Lucknow,1005.68,72.73,0.0,1078.41,UPI,,Refunded,
ORD001257,2023-03-24,20:38:24,CUST6573,Restaurant_6,South Indian,Chennai,766.49,80.05,101.8,744.74,UPI,46,Delivered,5
ORD001258,2023-05-30,16:40:37,CUST8145,Restaurant_77,South Indian,Jaipur,1330.36,55.45,127.21,1258.6,Wallet,29,Delivered,2
ORD001259,2023-07-26,18:58:56,CUST2031,Restaurant_85,Beverages,Delhi,1371.9,61.98,24.81,1409.07,Debit Card,,Refunded,
ORD001260,2023-04-28,06:29:52,CUST7254,Restaurant_53,North Indian,Chennai,1398.34,20.48,0.0,1418.82,Wallet,33,Delivered,5
ORD001261,2023-05-09,17:25:26,CUST2017,Restaurant_59,Street Food,Ahmedabad,171.24,49.39,0.0,220.63,Cash on Delivery,,Cancelled,
ORD001262,2023-09-22,18:25:10,CUST3191,Restaurant_61,Healthy Food,Kolkata,1152.25,21.46,0.0,1173.71,Debit Card,,Refunded,
ORD001263,2023-11-05,00:28:20,CUST9434,Restaurant_90,South Indian,Kolkata,821.24,78.63,137.01,762.86,Credit Card,,Refunded,
ORD001264,2023-10-29,23:45:18,CUST1302,Restaurant_17,Italian,Chennai,537.31,65.84,101.82,501.33,Credit Card,43,Delivered,
ORD001265,2023-12-20,20:29:53,CUST4644,Restaurant_78,Beverages,Delhi,1304.86,59.34,0.0,1364.2,Credit Card,,Refunded,
ORD001266,2023-12-24,04:32:50,CUST5144,Restaurant_34,Desserts,Hyderabad,1367.12,91.44,0.0,1458.56,Debit Card,,Cancelled,
ORD001267,2023-02-05,08:07:17,CUST8093,Restaurant_7,South Indian,Mumbai,1396.52,86.23,0.0,1482.75,Cash on Delivery,47,Delivered,5
ORD001268,2023-06-11,09:27:58,CUST5219,Restaurant_54,Italian,Kolkata,1131.73,62.79,0.0,1194.52,Debit Card,,Cancelled,
ORD001269,2023-08-25,05:45:19,CUST2815,Restaurant_34,Healthy Food,Bengaluru,1112.39,66.56,0.0,1178.95,Debit Card,60,Delivered,2
ORD001270,2023-04-12,03:39:21,CUST7186,Restaurant_17,North Indian,Mumbai,979.51,72.99,0.0,1052.5,UPI,,Refunded,
ORD001271,2023-02-07,18:26:15,CUST7996,Restaurant_77,Biryani,Delhi,739.27,65.82,91.74,713.35,Debit Card,,Cancelled,
ORD001272,2023-03-07,01:04:04,CUST2937,Restaurant_99,South Indian,Kolkata,256.84,47.82,139.49,165.17,Wallet,20,Delivered,
ORD001273,2023-10-19,09:28:30,CUST6026,Restaurant_8,Chinese,Hyderabad,829.26,84.89,0.0,914.15,Wallet,47,Delivered,5
ORD001274,2023-12-23,01:51:47,CUST7599,Restaurant_84,Healthy Food,Delhi,429.33,94.8,0.0,524.13,Cash on Delivery,51,Delivered,1
ORD001275,2023-03-30,16:35:56,CUST6496,Restaurant_74,Chinese,Ahmedabad,419.12,86.13,123.21,382.04,Cash on Delivery,61,Delivered,3
ORD001276,2023-08-13,06:19:40,CUST9444,Restaurant_92,Italian,Delhi,425.17,50.73,126.15,349.75,Debit Card,42,Delivered,4
ORD001277,2023-03-13,08:33:09,CUST3318,Restaurant_45,Desserts,Bengaluru,457.2,91.04,0.0,548.24,Cash on Delivery,51,Delivered,4
ORD001278,2023-04-03,02:23:50,CUST5917,Restaurant_60,Street Food,Mumbai,1461.11,66.38,0.0,1527.49,UPI,48,Delivered,4
ORD001279,2023-04-11,19:10:53,CUST9756,Restaurant_66,Desserts,Chennai,899.0,67.48,122.43,844.05,Debit Card,33,Delivered,5
ORD001280,2023-09-11,22:13:57,CUST5900,Restaurant_52,Biryani,Delhi,1375.6,80.47,0.0,1456.07,UPI,16,Delivered,5
ORD001281,2023-07-05,05:40:20,CUST4282,Restaurant_37,Italian,Lucknow,1066.95,89.91,0.0,1156.86,Credit Card,,Refunded,
ORD001282,2023-09-18,11:05:56,CUST1704,Restaurant_96,Fast Food,Hyderabad,1386.46,48.54,79.97,1355.03,Credit Card,46,Delivered,
ORD001283,2023-02-17,18:21:04,CUST9818,Restaurant_29,Italian,Mumbai,969.31,73.14,0.0,1042.45,Cash on Delivery,,Refunded,
ORD001284,2023-01-06,12:09:16,CUST6643,Restaurant_26,Italian,Lucknow,625.84,83.01,0.0,708.85,Cash on Delivery,,Cancelled,
ORD001285,2023-08-03,10:30:22,CUST5794,Restaurant_63,Healthy Food,Chennai,562.37,46.25,0.0,608.62,Wallet,,Cancelled,
ORD001286,2023-09-09,06:22:21,CUST8267,Restaurant_52,Healthy Food,Pune,323.24,72.62,0.0,395.86,UPI,,Refunded,
ORD001287,2023-04-30,11:20:19,CUST3152,Restaurant_45,Italian,Ahmedabad,1029.26,64.3,0.0,1093.56,UPI,22,Delivered,2
ORD001288,2023-11-22,21:28:23,CUST2358,Restaurant_57,Beverages,Bengaluru,1337.04,79.99,0.0,1417.03,Cash on Delivery,,Cancelled,
ORD001289,2023-04-21,01:41:41,CUST2892,Restaurant_13,Beverages,Lucknow,770.47,49.18,0.0,819.65,Wallet,,Cancelled,
ORD001290,2023-07-02,14:25:11,CUST7844,Restaurant_21,Chinese,Pune,889.32,59.37,0.0,948.69,UPI,50,Delivered,
ORD001291,2023-02-25,09:18:36,CUST7729,Restaurant_38,North Indian,Lucknow,679.14,29.04,13.54,694.64,Credit Card,61,Delivered,5
ORD001292,2023-10-03,19:13:37,CUST7088,Restaurant_76,Italian,Ahmedabad,1348.1,36.91,0.0,1385.01,Debit Card,42,Delivered,2
ORD001293,2023-06-20,18:26:18,CUST4807,Restaurant_21,Chinese,Kolkata,1229.25,72.65,138.89,1163.01,UPI,65,Delivered,
ORD001294,2023-08-09,22:20:00,CUST9578,Restaurant_47,Street Food,Hyderabad,1216.22,71.34,58.38,1229.18,Cash on Delivery,,Cancelled,
ORD001295,2023-09-03,22:19:44,CUST5304,Restaurant_2,Biryani,Mumbai,1012.95,32.04,141.23,903.76,Debit Card,40,Delivered,3
ORD001296,2023-08-14,09:22:52,CUST4551,Restaurant_5,Street Food,Jaipur,567.96,96.3,0.0,664.26,Credit Card,61,Delivered,5
ORD001297,2023-05-13,09:44:04,CUST6999,Restaurant_36,Fast Food,Bengaluru,315.38,90.56,74.66,331.28,Debit Card,61,Delivered,2
ORD001298,2023-12-20,17:29:19,CUST6901,Restaurant_25,South Indian,Jaipur,618.34,79.98,0.0,698.32,Debit Card,19,Delivered,2
ORD001299,2023-04-15,00:22:22,CUST1584,Restaurant_42,Biryani,Delhi,1484.48,72.44,0.0,1556.92,Wallet,36,Delivered,4
ORD001300,2023-04-07,11:32:39,CUST2002,Restaurant_66,Healthy Food,Ahmedabad,1429.73,46.88,111.54,1365.07,Debit Card,39,Delivered,5
ORD001301,2023-06-26,01:15:26,CUST8510,Restaurant_25,Street Food,Chennai,1358.22,32.34,0.0,1390.56,UPI,,Refunded,
ORD001302,2023-04-20,19:40:03,CUST4616,Restaurant_39,Italian,Pune,1055.7,83.3,94.66,1044.34,Wallet,17,Delivered,3
ORD001303,2023-03-25,10:40:43,CUST4839,Restaurant_24,Street Food,Chennai,642.65,40.82,0.0,683.47,Debit Card,22,Delivered,5
ORD001304,2023-11-09,19:56:25,CUST6036,Restaurant_14,Healthy Food,Hyderabad,831.13,54.78,0.0,885.91,Wallet,15,Delivered,3
ORD001305,2023-05-08,10:48:36,CUST1405,Restaurant_48,Fast Food,Ahmedabad,323.41,76.27,113.28,286.4,Credit Card,,Refunded,
ORD001306,2023-04-09,17:05:45,CUST6863,Restaurant_16,Desserts,Jaipur,694.55,65.27,25.53,734.29,Cash on Delivery,,Refunded,
ORD001307,2023-05-21,22:31:27,CUST3366,Restaurant_68,Chinese,Hyderabad,386.92,93.45,0.0,480.37,UPI,61,Delivered,1
ORD001308,2023-10-25,16:54:58,CUST8650,Restaurant_19,North Indian,Bengaluru,596.57,76.36,0.0,672.93,Cash on Delivery,,Cancelled,
ORD001309,2023-05-11,03:13:23,CUST2642,Restaurant_92,Desserts,Ahmedabad,328.72,60.82,25.15,364.39,Cash on Delivery,18,Delivered,
ORD001310,2023-04-29,02:48:05,CUST9129,Restaurant_77,South Indian,Chennai,1099.73,81.68,0.0,1181.41,Credit Card,21,Delivered,2
ORD001311,2023-03-11,19:47:41,CUST3515,Restaurant_3,North Indian,Jaipur,401.72,22.83,0.0,424.55,Credit Card,60,Delivered,3
ORD001312,2023-11-29,23:21:18,CUST5537,Restaurant_51,Beverages,Pune,428.54,93.55,0.0,522.09,UPI,37,Delivered,1
ORD001313,2023-05-06,08:24:40,CUST3494,Restaurant_8,South Indian,Mumbai,153.95,74.37,0.0,228.32,UPI,52,Delivered,2
ORD001314,2023-08-17,15:06:54,CUST3222,Restaurant_35,Italian,Chennai,300.75,23.12,0.0,323.87,Wallet,,Refunded,
ORD001315,2023-10-10,06:42:24,CUST6944,Restaurant_21,North Indian,Lucknow,984.0,30.01,48.35,965.66,Debit Card,,Refunded,
ORD001316,2023-11-19,22:26:06,CUST8932,Restaurant_8,Italian,Bengaluru,153.52,83.61,96.26,140.87,UPI,,Cancelled,
ORD001317,2023-05-13,03:13:33,CUST7670,Restaurant_45,Desserts,Kolkata,617.45,23.64,65.09,576.0,Cash on Delivery,,Refunded,
ORD001318,2023-05-22,09:40:49,CUST1702,Restaurant_84,Desserts,Mumbai,1084.9,23.1,0.0,1108.0,Debit Card,44,Delivered,5
ORD001319,2023-10-08,20:20:16,CUST6418,Restaurant_53,Healthy Food,Bengaluru,805.99,96.03,0.0,902.02,Cash on Delivery,52,Delivered,
ORD001320,2023-01-31,05:04:39,CUST6720,Restaurant_25,Desserts,Bengaluru,648.63,43.85,0.0,692.48,UPI,48,Delivered,
ORD001321,2023-01-18,23:41:14,CUST2016,Restaurant_88,Biryani,Jaipur,1220.97,31.18,0.0,1252.15,Wallet,32,Delivered,1
ORD001322,2023-02-10,21:40:43,CUST8803,Restaurant_21,Desserts,Chennai,1129.66,83.54,0.0,1213.2,Debit Card,37,Delivered,1
ORD001323,2023-11-04,11:00:46,CUST2589,Restaurant_40,Beverages,Ahmedabad,765.74,40.16,37.0,768.9,Cash on Delivery,,Cancelled,
ORD001324,2023-09-20,06:06:35,CUST9911,Restaurant_6,Italian,Lucknow,410.06,82.67,133.31,359.42,UPI,,Cancelled,
ORD001325,2023-08-11,19:09:12,CUST5024,Restaurant_94,Beverages,Chennai,333.01,67.93,0.0,400.94,Debit Card,36,Delivered,5
ORD001326,2023-10-31,16:36:58,CUST7038,Restaurant_13,North Indian,Hyderabad,1087.57,75.77,0.0,1163.34,Cash on Delivery,,Cancelled,
ORD001327,2023-06-16,15:26:42,CUST6911,Restaurant_28,Beverages,Bengaluru,221.82,47.27,0.0,269.09,UPI,22,Delivered,1
ORD001328,2023-01-31,23:06:44,CUST3991,Restaurant_59,Chinese,Ahmedabad,401.75,37.93,0.0,439.68,Cash on Delivery,24,Delivered,4
ORD001329,2023-05-06,16:40:27,CUST5238,Restaurant_81,Fast Food,Ahmedabad,1433.82,67.27,0.0,1501.09,Credit Card,33,Delivered,1
ORD001330,2023-04-08,00:35:40,CUST9812,Restaurant_41,North Indian,Delhi,929.12,71.35,102.63,897.84,UPI,37,Delivered,2
ORD001331,2023-03-14,08:36:35,CUST3936,Restaurant_13,Fast Food,Kolkata,1193.9,74.8,0.0,1268.7,Wallet,23,Delivered,
ORD001332,2023-12-22,21:35:05,CUST8591,Restaurant_29,Desserts,Pune,542.16,20.71,0.0,562.87,Wallet,35,Delivered,5
ORD001333,2023-12-17,17:15:32,CUST3890,Restaurant_51,Fast Food,Lucknow,427.34,47.67,0.0,475.01,Wallet,60,Delivered,5
ORD001334,2023-06-28,01:23:41,CUST7305,Restaurant_6,Desserts,Ahmedabad,396.99,30.25,0.0,427.24,Credit Card,62,Delivered,4
ORD001335,2023-08-14,09:27:21,CUST1001,Restaurant_77,Beverages,Lucknow,182.71,31.29,0.0,214.0,Cash on Delivery,56,Delivered,4
ORD001336,2023-12-11,02:24:41,CUST1233,Restaurant_12,Italian,Chennai,192.36,52.06,34.87,209.55,UPI,32,Delivered,5
ORD001337,2023-03-12,20:27:49,CUST1736,Restaurant_12,Fast Food,Ahmedabad,753.13,38.21,143.29,648.05,Cash on Delivery,,Refunded,
ORD001338,2023-09-08,02:59:49,CUST1764,Restaurant_16,Desserts,Lucknow,1293.26,51.05,84.08,1260.23,Debit Card,57,Delivered,4
ORD001339,2023-03-17,16:01:36,CUST6986,Restaurant_94,Street Food,Hyderabad,1392.24,86.76,25.97,1453.03,Cash on Delivery,30,Delivered,4
ORD001340,2023-09-15,07:24:12,CUST3229,Restaurant_60,Desserts,Ahmedabad,1272.64,95.33,80.05,1287.92,Credit Card,29,Delivered,5
ORD001341,2023-06-29,10:17:21,CUST1228,Restaurant_31,Beverages,Hyderabad,268.18,75.89,0.0,344.07,UPI,59,Delivered,
ORD001342,2023-12-28,23:02:02,CUST2592,Restaurant_10,Desserts,Ahmedabad,1015.45,74.72,0.0,1090.17,Debit Card,32,Delivered,4
ORD001343,2023-04-19,22:34:53,CUST4637,Restaurant_45,Healthy Food,Pune,1115.3,82.45,116.55,1081.2,Debit Card,31,Delivered,4
ORD001344,2023-05-18,14:38:16,CUST2460,Restaurant_93,South Indian,Pune,1490.05,45.88,0.0,1535.93,UPI,58,Delivered,4
ORD001345,2023-02-27,16:26:14,CUST8131,Restaurant_18,Fast Food,Bengaluru,214.97,55.4,0.0,270.37,Wallet,30,Delivered,3
ORD001346,2023-07-16,07:12:20,CUST2595,Restaurant_44,Beverages,Chennai,906.29,66.37,71.51,901.15,Cash on Delivery,26,Delivered,5
ORD001347,2023-07-13,16:39:55,CUST6364,Restaurant_86,North Indian,Jaipur,1281.35,97.55,0.0,1378.9,Debit Card,,Refunded,
ORD001348,2023-04-02,02:01:45,CUST8254,Restaurant_39,South Indian,Chennai,394.91,52.07,0.0,446.98,UPI,61,Delivered,3
ORD001349,2023-10-21,00:40:09,CUST1612,Restaurant_82,Fast Food,Delhi,822.36,75.81,0.0,898.17,Debit Card,25,Delivered,1
ORD001350,2023-10-31,13:13:36,CUST6708,Restaurant_83,Chinese,Pune,470.2,49.08,0.0,519.28,Wallet,28,Delivered,
ORD001351,2023-10-12,07:41:00,CUST8934,Restaurant_22,Fast Food,Ahmedabad,168.83,46.35,0.0,215.18,Wallet,29,Delivered,5
ORD001352,2023-07-17,07:16:38,CUST3545,Restaurant_45,Fast Food,Lucknow,935.59,23.57,0.0,959.16,UPI,48,Delivered,4
ORD001353,2023-11-02,09:15:33,CUST8003,Restaurant_56,South Indian,Kolkata,445.22,58.77,110.3,393.69,Debit Card,56,Delivered,
ORD001354,2023-05-07,02:17:09,CUST4702,Restaurant_44,Desserts,Ahmedabad,1155.2,66.64,36.32,1185.52,Credit Card,62,Delivered,5
ORD001355,2023-07-11,09:00:04,CUST8892,Restaurant_45,Italian,Lucknow,842.31,43.59,0.0,885.9,Wallet,20,Delivered,1
ORD001356,2023-05-14,00:54:55,CUST9397,Restaurant_31,Beverages,Chennai,1093.56,31.97,66.71,1058.82,Wallet,30,Delivered,1
ORD001357,2023-03-05,03:43:05,CUST5264,Restaurant_47,Fast Food,Chennai,588.17,25.5,0.0,613.67,UPI,32,Delivered,2
ORD001358,2023-12-05,20:30:39,CUST7209,Restaurant_22,Biryani,Lucknow,1250.24,35.31,0.0,1285.55,Credit Card,35,Delivered,2
ORD001359,2023-11-17,22:40:33,CUST2442,Restaurant_29,South Indian,Kolkata,1304.39,27.59,0.0,1331.98,Credit Card,24,Delivered,
ORD001360,2023-05-21,16:03:04,CUST6488,Restaurant_39,North Indian,Ahmedabad,986.32,68.74,0.0,1055.06,Wallet,,Refunded,
ORD001361,2023-10-07,20:14:41,CUST4532,Restaurant_40,North Indian,Lucknow,337.55,72.7,21.06,389.19,Cash on Delivery,34,Delivered,1
ORD001362,2023-10-25,07:00:04,CUST2608,Restaurant_12,Beverages,Kolkata,1341.71,34.31,149.95,1226.07,Wallet,,Cancelled,
ORD001363,2023-11-04,12:25:20,CUST1066,Restaurant_33,Italian,Lucknow,828.56,51.2,94.12,785.64,UPI,54,Delivered,2
ORD001364,2023-08-09,05:37:57,CUST1576,Restaurant_75,South Indian,Pune,1499.48,33.25,0.0,1532.73,UPI,33,Delivered,5
ORD001365,2023-04-27,01:30:28,CUST6094,Restaurant_34,South Indian,Lucknow,499.92,69.65,0.0,569.57,Cash on Delivery,59,Delivered,
ORD001366,2023-06-12,00:31:52,CUST9079,Restaurant_10,North Indian,Bengaluru,214.15,98.41,0.0,312.56,UPI,34,Delivered,
ORD001367,2023-05-31,16:25:29,CUST3654,Restaurant_5,Italian,Ahmedabad,1338.53,87.88,78.2,1348.21,Cash on Delivery,,Cancelled,
ORD001368,2023-03-09,19:05:59,CUST4462,Restaurant_50,North Indian,Bengaluru,1448.02,21.09,0.0,1469.11,Wallet,32,Delivered,4
ORD001369,2023-11-05,10:18:13,CUST3647,Restaurant_76,South Indian,Jaipur,622.98,75.75,0.0,698.73,Wallet,59,Delivered,4
ORD001370,2023-11-19,00:50:00,CUST2190,Restaurant_66,Chinese,Kolkata,960.0,21.92,0.0,981.92,Wallet,59,Delivered,
ORD001371,2023-03-10,09:14:35,CUST7989,Restaurant_75,Italian,Delhi,1326.41,65.46,0.0,1391.87,Cash on Delivery,54,Delivered,
ORD001372,2023-06-18,02:19:19,CUST9957,Restaurant_16,Chinese,Delhi,671.03,71.99,74.69,668.33,Cash on Delivery,58,Delivered,5
ORD001373,2023-09-03,06:05:02,CUST7558,Restaurant_71,Biryani,Mumbai,491.82,45.15,0.0,536.97,Wallet,35,Delivered,1
ORD001374,2023-10-22,09:31:25,CUST1640,Restaurant_40,South Indian,Hyderabad,1003.69,66.38,0.0,1070.07,Debit Card,31,Delivered,5
ORD001375,2023-04-29,13:01:17,CUST8134,Restaurant_91,Italian,Jaipur,1172.95,82.04,0.0,1254.99,Cash on Delivery,32,Delivered,
ORD001376,2023-11-29,09:49:03,CUST8993,Restaurant_9,Chinese,Jaipur,720.77,40.09,94.87,665.99,Cash on Delivery,,Cancelled,
ORD001377,2023-05-04,05:35:50,CUST9104,Restaurant_82,Desserts,Mumbai,533.36,81.64,0.0,615.0,UPI,61,Delivered,3
ORD001378,2023-09-30,17:42:29,CUST2020,Restaurant_75,Biryani,Lucknow,775.05,99.72,76.25,798.52,Credit Card,27,Delivered,2
ORD001379,2023-01-17,10:25:15,CUST1794,Restaurant_6,Biryani,Chennai,1466.41,22.18,0.0,1488.59,Credit Card,,Refunded,
ORD001380,2023-10-12,09:52:48,CUST4255,Restaurant_78,Beverages,Bengaluru,491.33,30.38,0.0,521.71,Credit Card,,Refunded,
ORD001381,2023-12-29,19:43:22,CUST4473,Restaurant_33,Desserts,Delhi,1389.69,66.24,56.29,1399.64,Debit Card,42,Delivered,5
ORD001382,2023-03-05,05:39:52,CUST6778,Restaurant_56,South Indian,Mumbai,171.26,33.44,96.02,108.68,Debit Card,,Refunded,
ORD001383,2023-09-23,08:22:55,CUST8437,Restaurant_30,Italian,Jaipur,523.53,66.97,0.0,590.5,Debit Card,,Refunded,
ORD001384,2023-08-27,14:56:25,CUST5553,Restaurant_7,Beverages,Jaipur,795.04,31.47,0.0,826.51,Debit Card,,Refunded,
ORD001385,2023-10-29,12:02:47,CUST2189,Restaurant_9,Healthy Food,Ahmedabad,987.19,25.22,0.0,1012.41,Wallet,46,Delivered,
ORD001386,2023-08-11,04:29:49,CUST1787,Restaurant_26,Healthy Food,Delhi,312.95,55.38,0.0,368.33,Cash on Delivery,,Refunded,
ORD001387,2023-01-17,04:21:51,CUST2040,Restaurant_25,Biryani,Pune,1059.7,71.88,0.0,1131.58,Cash on Delivery,31,Delivered,3
ORD001388,2023-10-05,10:13:39,CUST5065,Restaurant_2,Biryani,Ahmedabad,1332.15,23.39,0.0,1355.54,Credit Card,,Refunded,
ORD001389,2023-12-17,17:13:07,CUST3840,Restaurant_93,Street Food,Lucknow,529.46,79.07,0.0,608.53,Cash on Delivery,42,Delivered,
ORD001390,2023-10-09,03:18:33,CUST8847,Restaurant_43,Biryani,Ahmedabad,1482.38,71.26,0.0,1553.64,Wallet,45,Delivered,5
ORD001391,2023-02-14,10:24:10,CUST4904,Restaurant_26,South Indian,Chennai,238.91,46.0,0.0,284.91,Debit Card,48,Delivered,1
ORD001392,2023-12-26,10:16:21,CUST5180,Restaurant_27,Beverages,Pune,1094.48,84.84,0.0,1179.32,Debit Card,49,Delivered,
ORD001393,2023-05-04,13:23:30,CUST3594,Restaurant_24,Italian,Bengaluru,979.98,70.77,0.0,1050.75,Cash on Delivery,57,Delivered,3
ORD001394,2023-05-05,09:37:56,CUST1901,Restaurant_20,Healthy Food,Lucknow,1144.05,98.04,0.0,1242.09,Cash on Delivery,51,Delivered,5
ORD001395,2023-03-27,23:31:50,CUST7960,Restaurant_9,South Indian,Ahmedabad,1075.51,94.79,41.84,1128.46,Cash on Delivery,39,Delivered,3
ORD001396,2023-08-14,14:10:26,CUST2977,Restaurant_21,Fast Food,Lucknow,1427.67,34.32,0.0,1461.99,Credit Card,41,Delivered,2
ORD001397,2023-11-09,09:55:11,CUST5669,Restaurant_29,Fast Food,Kolkata,1329.33,58.81,0.0,1388.14,UPI,,Cancelled,
ORD001398,2023-04-25,02:53:38,CUST7108,Restaurant_10,Fast Food,Pune,217.45,75.14,0.0,292.59,UPI,47,Delivered,3
ORD001399,2023-07-14,21:37:23,CUST5872,Restaurant_33,Street Food,Delhi,617.28,31.0,0.0,648.28,UPI,,Refunded,
ORD001400,2023-07-22,08:20:05,CUST5430,Restaurant_66,Fast Food,Mumbai,276.42,67.28,0.0,343.7,Wallet,20,Delivered,
ORD001401,2023-10-26,17:34:35,CUST7726,Restaurant_49,North Indian,Hyderabad,535.88,83.48,0.0,619.36,Wallet,61,Delivered,3
ORD001402,2023-11-21,01:48:07,CUST6525,Restaurant_19,Italian,Mumbai,739.95,50.87,0.0,790.82,UPI,54,Delivered,2
ORD001403,2023-04-12,20:01:40,CUST8160,Restaurant_7,Healthy Food,Ahmedabad,717.5,64.84,60.93,721.41,Credit Card,26,Delivered,2
ORD001404,2023-11-01,07:57:07,CUST9484,Restaurant_38,Beverages,Chennai,616.31,57.98,89.96,584.33,Wallet,33,Delivered,5
ORD001405,2023-05-13,13:04:46,CUST6518,Restaurant_76,Chinese,Kolkata,704.26,65.8,32.93,737.13,UPI,,Cancelled,
ORD001406,2023-06-29,15:38:12,CUST8244,Restaurant_55,Beverages,Ahmedabad,289.03,80.74,0.0,369.77,Credit Card,,Refunded,
ORD001407,2023-08-15,08:26:47,CUST7948,Restaurant_6,Biryani,Pune,1130.94,77.81,115.58,1093.17,Credit Card,53,Delivered,3
ORD001408,2023-01-29,17:19:30,CUST7246,Restaurant_87,Desserts,Ahmedabad,1314.6,82.99,0.0,1397.59,Debit Card,65,Delivered,4
ORD001409,2023-06-12,23:41:52,CUST9145,Restaurant_87,Street Food,Delhi,1196.28,50.32,47.69,1198.91,Cash on Delivery,32,Delivered,2
ORD001410,2023-12-20,17:42:01,CUST5412,Restaurant_28,Beverages,Lucknow,609.76,27.34,53.1,584.0,Cash on Delivery,24,Delivered,3
ORD001411,2023-10-08,04:26:02,CUST7941,Restaurant_91,Desserts,Ahmedabad,1147.28,70.84,106.26,1111.86,UPI,40,Delivered,2
ORD001412,2023-12-07,04:16:46,CUST6555,Restaurant_52,Chinese,Bengaluru,1390.56,20.17,0.0,1410.73,Credit Card,62,Delivered,2
ORD001413,2023-05-19,10:42:33,CUST2130,Restaurant_86,Chinese,Lucknow,1283.32,82.7,146.08,1219.94,Credit Card,65,Delivered,4
ORD001414,2023-10-08,17:19:44,CUST2425,Restaurant_73,South Indian,Delhi,995.93,27.88,0.0,1023.81,UPI,,Cancelled,
ORD001415,2023-07-28,08:42:12,CUST4425,Restaurant_60,Fast Food,Bengaluru,202.0,22.81,141.12,83.69,UPI,61,Delivered,4
ORD001416,2023-04-25,03:55:05,CUST4178,Restaurant_72,Healthy Food,Chennai,437.55,28.52,0.0,466.07,Wallet,47,Delivered,
ORD001417,2023-06-13,14:18:28,CUST9072,Restaurant_20,Fast Food,Pune,745.13,69.27,0.0,814.4,Cash on Delivery,52,Delivered,2
ORD001418,2023-05-22,01:54:40,CUST3313,Restaurant_7,Italian,Kolkata,1228.33,31.8,0.0,1260.13,UPI,16,Delivered,2
ORD001419,2023-01-26,23:45:44,CUST1718,Restaurant_28,Biryani,Chennai,879.03,65.02,84.62,859.43,Debit Card,25,Delivered,
ORD001420,2023-09-02,19:46:34,CUST6851,Restaurant_97,Street Food,Ahmedabad,1317.13,74.25,26.87,1364.51,UPI,21,Delivered,3
ORD001421,2023-06-10,23:48:43,CUST8899,Restaurant_37,North Indian,Bengaluru,1253.06,84.41,0.0,1337.47,Credit Card,,Cancelled,
ORD001422,2023-11-23,08:38:17,CUST7035,Restaurant_2,Chinese,Ahmedabad,298.25,52.31,0.0,350.56,Cash on Delivery,32,Delivered,3
ORD001423,2023-05-15,03:02:52,CUST3125,Restaurant_55,Desserts,Lucknow,959.52,43.5,138.28,864.74,Cash on Delivery,,Refunded,
ORD001424,2023-01-01,07:23:34,CUST3856,Restaurant_50,Healthy Food,Lucknow,802.97,48.12,0.0,851.09,Wallet,,Refunded,
ORD001425,2023-12-08,00:51:33,CUST5313,Restaurant_74,North Indian,Chennai,809.73,30.5,0.0,840.23,Wallet,39,Delivered,1
ORD001426,2023-05-01,18:46:43,CUST3815,Restaurant_40,Biryani,Chennai,971.94,29.51,0.0,1001.45,Credit Card,,Refunded,
ORD001427,2023-03-23,21:02:54,CUST3454,Restaurant_14,Street Food,Pune,916.55,47.28,0.0,963.83,Cash on Delivery,57,Delivered,
ORD001428,2023-03-24,00:00:32,CUST8959,Restaurant_34,Desserts,Chennai,1149.19,50.19,83.34,1116.04,UPI,,Cancelled,
ORD001429,2023-06-17,21:04:35,CUST6395,Restaurant_19,Italian,Kolkata,1090.93,61.27,0.0,1152.2,Credit Card,19,Delivered,3
ORD001430,2023-10-09,03:05:38,CUST6662,Restaurant_36,Street Food,Pune,627.56,84.34,0.0,711.9,Cash on Delivery,,Cancelled,
ORD001431,2023-04-16,07:32:46,CUST7247,Restaurant_97,North Indian,Kolkata,216.88,29.44,119.7,126.62,Wallet,26,Delivered,4
ORD001432,2023-03-18,09:51:31,CUST6700,Restaurant_11,Beverages,Kolkata,959.68,44.88,0.0,1004.56,Wallet,21,Delivered,
ORD001433,2023-02-19,16:52:28,CUST2820,Restaurant_100,Chinese,Mumbai,501.22,55.2,0.0,556.42,UPI,38,Delivered,2
ORD001434,2023-05-02,16:03:28,CUST4979,Restaurant_50,North Indian,Delhi,414.23,61.97,0.0,476.2,Wallet,51,Delivered,
ORD001435,2023-08-12,01:47:47,CUST8609,Restaurant_76,Desserts,Ahmedabad,272.73,67.34,0.0,340.07,Wallet,,Refunded,
ORD001436,2023-07-17,01:09:24,CUST1588,Restaurant_65,Fast Food,Kolkata,963.41,70.29,0.0,1033.7,UPI,35,Delivered,1
ORD001437,2023-06-29,18:04:28,CUST3963,Restaurant_27,Biryani,Pune,1428.52,77.79,0.0,1506.31,Cash on Delivery,,Refunded,
ORD001438,2023-08-19,02:27:33,CUST7660,Restaurant_71,North Indian,Lucknow,573.61,57.12,139.89,490.84,Debit Card,19,Delivered,1
ORD001439,2023-10-22,04:08:18,CUST5520,Restaurant_64,Biryani,Jaipur,937.54,36.41,0.0,973.95,UPI,50,Delivered,4
ORD001440,2023-02-01,03:39:04,CUST2112,Restaurant_72,Fast Food,Mumbai,275.78,52.08,45.86,282.0,UPI,25,Delivered,
ORD001441,2023-09-26,18:18:42,CUST2764,Restaurant_18,Street Food,Delhi,753.68,94.99,0.0,848.67,UPI,22,Delivered,4
ORD001442,2023-07-08,06:17:38,CUST5281,Restaurant_75,Italian,Delhi,1397.81,79.54,0.0,1477.35,UPI,60,Delivered,4
ORD001443,2023-10-22,12:25:22,CUST6027,Restaurant_10,Fast Food,Mumbai,493.57,95.1,0.0,588.67,Debit Card,62,Delivered,1
ORD001444,2023-11-23,00:55:33,CUST3126,Restaurant_45,Chinese,Kolkata,650.24,31.39,0.0,681.63,UPI,16,Delivered,3
ORD001445,2023-05-05,16:42:21,CUST7620,Restaurant_21,Biryani,Hyderabad,1224.9,31.18,0.0,1256.08,Wallet,54,Delivered,5
ORD001446,2023-01-05,01:10:50,CUST7445,Restaurant_48,Chinese,Hyderabad,517.54,52.26,0.0,569.8,Credit Card,58,Delivered,
ORD001447,2023-08-04,03:55:37,CUST7881,Restaurant_25,Healthy Food,Mumbai,1037.42,70.63,92.38,1015.67,UPI,18,Delivered,3
ORD001448,2023-03-21,20:54:21,CUST3524,Restaurant_77,Chinese,Pune,263.93,34.41,0.0,298.34,Cash on Delivery,60,Delivered,2
ORD001449,2023-09-29,15:38:09,CUST7414,Restaurant_96,South Indian,Kolkata,1021.89,76.34,0.0,1098.23,Cash on Delivery,28,Delivered,3
ORD001450,2023-03-12,23:02:05,CUST9972,Restaurant_20,Healthy Food,Hyderabad,537.88,56.05,140.73,453.2,UPI,34,Delivered,2
ORD001451,2023-08-29,00:28:21,CUST5625,Restaurant_55,North Indian,Hyderabad,150.14,53.95,0.0,204.09,Wallet,32,Delivered,
ORD001452,2023-10-22,23:22:48,CUST4028,Restaurant_54,Chinese,Hyderabad,282.23,99.0,136.54,244.69,UPI,28,Delivered,1
ORD001453,2023-11-25,18:48:19,CUST5729,Restaurant_82,Street Food,Kolkata,1137.15,90.68,0.0,1227.83,Credit Card,19,Delivered,
ORD001454,2023-03-29,10:09:19,CUST9933,Restaurant_13,Fast Food,Hyderabad,1262.38,83.98,0.0,1346.36,UPI,56,Delivered,5
ORD001455,2023-09-18,20:27:52,CUST4807,Restaurant_19,Desserts,Lucknow,1423.15,37.11,125.65,1334.61,Credit Card,,Cancelled,
ORD001456,2023-07-30,14:50:02,CUST8944,Restaurant_84,Biryani,Ahmedabad,1331.15,51.95,0.0,1383.1,Credit Card,,Refunded,
ORD001457,2023-07-25,06:29:39,CUST4328,Restaurant_47,Beverages,Chennai,776.31,27.42,121.13,682.6,UPI,,Cancelled,
ORD001458,2023-01-04,02:11:11,CUST6859,Restaurant_1,Chinese,Delhi,449.34,94.95,26.84,517.45,Wallet,26,Delivered,
ORD001459,2023-09-04,09:45:57,CUST5630,Restaurant_83,South Indian,Jaipur,239.87,32.74,0.0,272.61,Debit Card,29,Delivered,2
ORD001460,2023-07-17,23:29:57,CUST5866,Restaurant_46,Street Food,Lucknow,459.79,30.52,71.18,419.13,Debit Card,,Cancelled,
ORD001461,2023-06-28,22:36:46,CUST3785,Restaurant_74,North Indian,Lucknow,304.83,23.67,0.0,328.5,Cash on Delivery,,Refunded,
ORD001462,2023-11-25,06:28:29,CUST5936,Restaurant_64,Desserts,Pune,1117.64,74.9,0.0,1192.54,UPI,,Cancelled,
ORD001463,2023-04-08,13:52:12,CUST2081,Restaurant_16,Biryani,Chennai,619.3,76.74,58.8,637.24,Debit Card,17,Delivered,1
ORD001464,2023-12-15,21:32:57,CUST8191,Restaurant_58,Chinese,Mumbai,655.84,99.13,0.0,754.97,Cash on Delivery,53,Delivered,1
ORD001465,2023-10-31,23:27:47,CUST1264,Restaurant_24,North Indian,Chennai,281.47,28.71,0.0,310.18,Cash on Delivery,16,Delivered,3
ORD001466,2023-10-26,09:50:27,CUST9342,Restaurant_62,Italian,Kolkata,760.63,36.4,0.0,797.03,Debit Card,15,Delivered,1
ORD001467,2023-04-08,17:45:45,CUST1080,Restaurant_54,Healthy Food,Ahmedabad,438.95,48.98,0.0,487.93,UPI,50,Delivered,
ORD001468,2023-05-17,08:22:12,CUST7723,Restaurant_73,North Indian,Lucknow,381.65,80.93,0.0,462.58,Cash on Delivery,25,Delivered,
ORD001469,2023-09-30,07:34:06,CUST2511,Restaurant_97,Healthy Food,Lucknow,892.32,68.38,0.0,960.7,Credit Card,,Cancelled,
ORD001470,2023-08-17,03:58:06,CUST9012,Restaurant_38,Healthy Food,Hyderabad,557.92,35.18,0.0,593.1,UPI,21,Delivered,4
ORD001471,2023-07-18,11:45:32,CUST4121,Restaurant_46,North Indian,Delhi,866.42,56.59,0.0,923.01,Cash on Delivery,,Refunded,
ORD001472,2023-10-13,21:33:33,CUST4584,Restaurant_61,North Indian,Ahmedabad,744.17,24.05,0.0,768.22,Wallet,,Refunded,
ORD001473,2023-05-13,01:32:51,CUST3115,Restaurant_55,South Indian,Ahmedabad,221.75,31.66,0.0,253.41,Cash on Delivery,39,Delivered,4
ORD001474,2023-12-15,10:27:56,CUST5403,Restaurant_46,Desserts,Lucknow,174.32,62.21,67.3,169.23,UPI,50,Delivered,2
ORD001475,2023-08-10,05:11:12,CUST1697,Restaurant_21,Fast Food,Ahmedabad,816.68,76.32,0.0,893.0,UPI,31,Delivered,4
ORD001476,2023-12-15,11:06:59,CUST8788,Restaurant_56,Healthy Food,Pune,1070.71,69.63,84.99,1055.35,Debit Card,,Cancelled,
ORD001477,2023-06-16,20:35:09,CUST1462,Restaurant_95,Italian,Chennai,682.8,45.67,0.0,728.47,Debit Card,57,Delivered,
ORD001478,2023-10-04,04:24:47,CUST4519,Restaurant_83,Chinese,Hyderabad,1180.15,53.45,24.77,1208.83,Credit Card,42,Delivered,1
ORD001479,2023-05-28,06:47:22,CUST8341,Restaurant_86,Healthy Food,Bengaluru,366.58,39.42,12.42,393.58,Debit Card,35,Delivered,4
ORD001480,2023-05-21,16:36:03,CUST8956,Restaurant_21,Street Food,Ahmedabad,480.34,89.84,0.0,570.18,Debit Card,,Cancelled,
ORD001481,2023-08-12,17:33:45,CUST4684,Restaurant_1,Healthy Food,Ahmedabad,423.65,82.98,0.0,506.63,Debit Card,46,Delivered,4
ORD001482,2023-03-20,21:16:21,CUST8235,Restaurant_67,Chinese,Hyderabad,569.58,51.68,84.27,536.99,Credit Card,58,Delivered,1
ORD001483,2023-07-22,11:21:22,CUST9483,Restaurant_84,South Indian,Ahmedabad,1145.88,64.97,0.0,1210.85,Wallet,29,Delivered,5
ORD001484,2023-05-07,12:27:13,CUST2619,Restaurant_47,Biryani,Hyderabad,658.24,54.01,0.0,712.25,Wallet,54,Delivered,
ORD001485,2023-04-23,02:15:04,CUST9632,Restaurant_3,Healthy Food,Ahmedabad,181.58,99.83,0.0,281.41,UPI,44,Delivered,5
ORD001486,2023-10-28,08:58:07,CUST4988,Restaurant_10,Healthy Food,Ahmedabad,503.71,94.53,0.0,598.24,UPI,33,Delivered,3
ORD001487,2023-02-04,11:44:29,CUST5583,Restaurant_3,Desserts,Delhi,868.65,56.68,37.85,887.48,UPI,16,Delivered,5
ORD001488,2023-07-10,13:20:04,CUST4542,Restaurant_43,Biryani,Chennai,1353.85,61.91,0.0,1415.76,Debit Card,41,Delivered,5
ORD001489,2023-10-27,08:54:11,CUST5284,Restaurant_63,Biryani,Ahmedabad,937.94,63.87,0.0,1001.81,Wallet,,Refunded,
ORD001490,2023-12-11,10:02:11,CUST7636,Restaurant_86,Italian,Delhi,282.84,42.76,0.0,325.6,Wallet,47,Delivered,3
ORD001491,2023-02-15,12:56:20,CUST5212,Restaurant_80,Desserts,Ahmedabad,1183.96,27.34,0.0,1211.3,Cash on Delivery,40,Delivered,5
ORD001492,2023-09-11,04:50:42,CUST1028,Restaurant_20,Street Food,Pune,522.08,87.98,0.0,610.06,Wallet,32,Delivered,3
ORD001493,2023-09-03,14:53:22,CUST5266,Restaurant_92,Desserts,Mumbai,529.61,41.84,0.0,571.45,Credit Card,,Refunded,
ORD001494,2023-02-10,17:21:27,CUST6611,Restaurant_97,Healthy Food,Lucknow,1116.52,87.21,0.0,1203.73,Wallet,17,Delivered,1
ORD001495,2023-04-07,03:06:52,CUST3148,Restaurant_36,Italian,Lucknow,294.78,24.84,0.0,319.62,UPI,62,Delivered,
ORD001496,2023-05-06,05:31:30,CUST2866,Restaurant_66,Street Food,Bengaluru,1171.57,95.09,0.0,1266.66,Wallet,,Refunded,
ORD001497,2023-03-07,18:31:46,CUST5508,Restaurant_77,Fast Food,Ahmedabad,537.59,20.42,0.0,558.01,Debit Card,,Cancelled,
ORD001498,2023-10-26,10:15:06,CUST8366,Restaurant_3,Chinese,Jaipur,1140.44,99.18,33.47,1206.15,Cash on Delivery,56,Delivered,4
ORD001499,2023-07-12,11:24:44,CUST2502,Restaurant_80,South Indian,Ahmedabad,933.34,49.09,0.0,982.43,Credit Card,58,Delivered,1
ORD001500,2023-10-19,08:47:47,CUST6688,Restaurant_78,Biryani,Kolkata,471.36,29.23,0.0,500.59,Cash on Delivery,32,Delivered,3
ORD001501,2023-05-20,04:39:30,CUST6602,Restaurant_33,North Indian,Lucknow,1475.5,26.05,17.21,1484.34,Cash on Delivery,63,Delivered,
ORD001502,2023-01-11,11:29:17,CUST9956,Restaurant_81,Biryani,Bengaluru,572.17,41.91,0.0,614.08,Cash on Delivery,40,Delivered,
ORD001503,2023-10-02,16:56:26,CUST3234,Restaurant_60,South Indian,Ahmedabad,837.73,77.93,79.47,836.19,UPI,24,Delivered,2
ORD001504,2023-06-09,20:46:57,CUST5588,Restaurant_19,North Indian,Bengaluru,718.74,70.22,0.0,788.96,Credit Card,51,Delivered,5
ORD001505,2023-09-22,23:17:19,CUST1638,Restaurant_27,Beverages,Hyderabad,627.76,94.81,0.0,722.57,UPI,53,Delivered,1
ORD001506,2023-10-06,01:05:27,CUST8781,Restaurant_32,Beverages,Lucknow,1322.59,47.57,139.63,1230.53,Cash on Delivery,37,Delivered,5
ORD001507,2023-12-21,09:25:20,CUST1609,Restaurant_61,Fast Food,Chennai,1228.66,96.33,109.42,1215.57,Wallet,27,Delivered,4
ORD001508,2023-09-22,01:49:26,CUST2505,Restaurant_52,Biryani,Jaipur,341.94,55.81,0.0,397.75,Debit Card,48,Delivered,4
ORD001509,2023-05-20,05:21:46,CUST2898,Restaurant_12,Chinese,Mumbai,949.96,78.67,0.0,1028.63,Wallet,,Refunded,
ORD001510,2023-07-23,09:27:06,CUST5242,Restaurant_31,Chinese,Kolkata,732.86,89.66,0.0,822.52,Debit Card,17,Delivered,2
ORD001511,2023-08-27,04:19:38,CUST3782,Restaurant_84,North Indian,Pune,435.19,44.52,0.0,479.71,UPI,58,Delivered,1
ORD001512,2023-08-06,13:59:51,CUST9205,Restaurant_11,Beverages,Ahmedabad,170.35,87.41,86.27,171.49,UPI,,Cancelled,
ORD001513,2023-05-03,23:22:24,CUST3865,Restaurant_26,South Indian,Hyderabad,1329.29,38.56,0.0,1367.85,UPI,20,Delivered,5
ORD001514,2023-08-22,07:12:35,CUST3360,Restaurant_35,Desserts,Mumbai,729.47,98.36,142.52,685.31,UPI,38,Delivered,4
ORD001515,2023-08-21,10:35:49,CUST8156,Restaurant_91,Desserts,Kolkata,550.5,78.97,59.97,569.5,Cash on Delivery,,Cancelled,
ORD001516,2023-05-02,18:14:25,CUST5129,Restaurant_66,Beverages,Delhi,1216.21,71.72,0.0,1287.93,Wallet,34,Delivered,1
ORD001517,2023-06-03,02:58:06,CUST8095,Restaurant_54,Street Food,Jaipur,1468.4,42.22,35.06,1475.56,UPI,21,Delivered,1
ORD001518,2023-12-06,00:03:33,CUST2438,Restaurant_49,Chinese,Ahmedabad,880.97,70.17,33.5,917.64,Wallet,,Refunded,
ORD001519,2023-06-04,08:57:00,CUST4110,Restaurant_78,Chinese,Lucknow,876.3,26.56,0.0,902.86,Wallet,,Refunded,
ORD001520,2023-10-22,18:27:06,CUST4083,Restaurant_85,Healthy Food,Hyderabad,874.8,85.74,50.44,910.1,Credit Card,,Refunded,
ORD001521,2023-05-19,03:41:53,CUST2830,Restaurant_100,South Indian,Delhi,705.83,85.02,0.0,790.85,Credit Card,,Refunded,
ORD001522,2023-01-13,21:36:45,CUST8710,Restaurant_98,Desserts,Pune,249.63,43.63,0.0,293.26,Wallet,61,Delivered,
ORD001523,2023-03-16,13:07:22,CUST9338,Restaurant_8,Biryani,Ahmedabad,1064.07,24.37,0.0,1088.44,Cash on Delivery,32,Delivered,
ORD001524,2023-10-24,17:40:03,CUST5160,Restaurant_44,Desserts,Chennai,233.6,62.55,0.0,296.15,UPI,,Cancelled,
ORD001525,2023-06-18,05:50:02,CUST8944,Restaurant_60,Street Food,Bengaluru,430.68,28.69,0.0,459.37,Wallet,56,Delivered,
ORD001526,2023-09-25,09:54:12,CUST8939,Restaurant_70,Healthy Food,Hyderabad,416.22,31.61,104.08,343.75,Credit Card,,Refunded,
ORD001527,2023-07-21,13:15:54,CUST1269,Restaurant_3,Street Food,Ahmedabad,562.06,27.26,64.75,524.57,Debit Card,,Refunded,
ORD001528,2023-09-25,11:19:06,CUST9469,Restaurant_63,South Indian,Bengaluru,845.65,23.76,0.0,869.41,Wallet,20,Delivered,2
ORD001529,2023-03-18,06:43:51,CUST3690,Restaurant_42,Beverages,Delhi,1458.3,61.53,0.0,1519.83,UPI,56,Delivered,4
ORD001530,2023-01-17,16:17:33,CUST7309,Restaurant_1,Desserts,Lucknow,537.69,89.05,0.0,626.74,UPI,39,Delivered,3
ORD001531,2023-08-02,03:46:05,CUST6235,Restaurant_36,Italian,Kolkata,1321.15,88.3,0.0,1409.45,Cash on Delivery,,Refunded,
ORD001532,2023-08-19,19:42:20,CUST8848,Restaurant_35,Healthy Food,Jaipur,538.47,79.56,123.26,494.77,Credit Card,28,Delivered,3
ORD001533,2023-05-13,09:27:08,CUST6407,Restaurant_37,South Indian,Hyderabad,865.81,59.25,0.0,925.06,Cash on Delivery,45,Delivered,1
ORD001534,2023-03-23,10:40:52,CUST8445,Restaurant_30,Healthy Food,Kolkata,808.66,39.48,0.0,848.14,Wallet,19,Delivered,1
ORD001535,2023-01-10,15:29:37,CUST4979,Restaurant_32,Italian,Mumbai,1380.79,61.42,0.0,1442.21,Debit Card,15,Delivered,4
ORD001536,2023-07-03,00:58:28,CUST9238,Restaurant_80,North Indian,Chennai,1266.99,40.38,84.06,1223.31,UPI,31,Delivered,3
ORD001537,2023-10-28,17:39:57,CUST7579,Restaurant_10,Biryani,Chennai,469.57,85.65,115.02,440.2,UPI,,Cancelled,
ORD001538,2023-10-03,05:36:58,CUST4564,Restaurant_80,Street Food,Chennai,657.2,40.73,147.36,550.57,UPI,30,Delivered,
ORD001539,2023-02-23,11:10:15,CUST6774,Restaurant_70,North Indian,Kolkata,1035.61,83.02,0.0,1118.63,Wallet,41,Delivered,5
ORD001540,2023-08-03,20:07:02,CUST6753,Restaurant_82,North Indian,Bengaluru,624.51,78.0,72.88,629.63,Wallet,64,Delivered,2
ORD001541,2023-08-13,12:57:07,CUST5977,Restaurant_99,Biryani,Mumbai,1241.17,98.04,0.0,1339.21,Credit Card,20,Delivered,3
ORD001542,2023-02-28,12:57:48,CUST3694,Restaurant_89,Biryani,Hyderabad,254.03,84.51,45.59,292.95,Credit Card,,Cancelled,
ORD001543,2023-02-03,10:21:40,CUST5661,Restaurant_81,Fast Food,Lucknow,176.4,92.75,0.0,269.15,Debit Card,,Cancelled,
ORD001544,2023-06-29,08:36:04,CUST3477,Restaurant_20,North Indian,Jaipur,1401.91,94.27,0.0,1496.18,Credit Card,46,Delivered,
ORD001545,2023-06-23,03:21:50,CUST8821,Restaurant_88,Beverages,Kolkata,839.77,81.25,46.83,874.19,Cash on Delivery,43,Delivered,
ORD001546,2023-05-28,05:03:27,CUST9575,Restaurant_78,Fast Food,Jaipur,1268.93,61.92,0.0,1330.85,UPI,58,Delivered,5
ORD001547,2023-01-05,10:35:49,CUST6345,Restaurant_28,Beverages,Jaipur,902.96,32.82,121.46,814.32,Wallet,60,Delivered,
ORD001548,2023-02-22,15:43:41,CUST9223,Restaurant_91,South Indian,Chennai,171.22,24.57,0.0,195.79,UPI,,Refunded,
ORD001549,2023-11-13,06:08:50,CUST8320,Restaurant_28,Biryani,Delhi,989.45,55.65,0.0,1045.1,Wallet,47,Delivered,5
ORD001550,2023-12-01,05:46:29,CUST5119,Restaurant_12,Beverages,Ahmedabad,1281.61,41.92,0.0,1323.53,Credit Card,37,Delivered,2
ORD001551,2023-09-02,08:38:15,CUST2758,Restaurant_25,North Indian,Bengaluru,445.1,41.74,0.0,486.84,UPI,32,Delivered,
ORD001552,2023-11-24,10:34:23,CUST8651,Restaurant_2,Desserts,Jaipur,1273.23,88.81,0.0,1362.04,Credit Card,49,Delivered,4
ORD001553,2023-04-07,23:58:28,CUST9157,Restaurant_36,North Indian,Pune,605.8,20.88,79.89,546.79,Cash on Delivery,46,Delivered,5
ORD001554,2023-04-16,01:31:49,CUST7200,Restaurant_19,Street Food,Jaipur,1094.5,69.15,0.0,1163.65,Wallet,44,Delivered,
ORD001555,2023-04-24,04:41:31,CUST3887,Restaurant_86,North Indian,Mumbai,1158.15,34.33,0.0,1192.48,UPI,48,Delivered,1
ORD001556,2023-09-30,19:48:16,CUST9329,Restaurant_97,North Indian,Delhi,816.66,52.34,72.06,796.94,Credit Card,25,Delivered,3
ORD001557,2023-01-26,07:51:40,CUST6979,Restaurant_44,Desserts,Bengaluru,550.05,75.39,0.0,625.44,Cash on Delivery,50,Delivered,5
ORD001558,2023-11-18,18:19:13,CUST3678,Restaurant_66,Biryani,Mumbai,1161.36,33.38,0.0,1194.74,UPI,32,Delivered,2
ORD001559,2023-01-12,09:14:30,CUST1210,Restaurant_70,Fast Food,Bengaluru,728.62,83.03,113.92,697.73,Credit Card,23,Delivered,4
ORD001560,2023-01-28,12:27:07,CUST9727,Restaurant_33,Beverages,Hyderabad,1389.45,86.29,0.0,1475.74,Debit Card,59,Delivered,1
ORD001561,2023-05-14,00:51:40,CUST8762,Restaurant_99,South Indian,Mumbai,683.61,77.54,29.63,731.52,Credit Card,58,Delivered,
ORD001562,2023-09-26,23:13:00,CUST2983,Restaurant_33,Chinese,Chennai,982.77,62.35,0.0,1045.12,Cash on Delivery,,Cancelled,
ORD001563,2023-12-23,05:02:16,CUST2444,Restaurant_83,Italian,Bengaluru,1266.66,34.51,128.94,1172.23,UPI,,Refunded,
ORD001564,2023-09-21,04:06:44,CUST8331,Restaurant_91,North Indian,Delhi,883.45,55.1,0.0,938.55,Cash on Delivery,,Refunded,
ORD001565,2023-05-29,20:11:26,CUST2115,Restaurant_38,Street Food,Kolkata,407.87,77.85,0.0,485.72,Debit Card,29,Delivered,1
ORD001566,2023-09-10,10:05:33,CUST6067,Restaurant_26,Fast Food,Jaipur,286.19,56.66,0.0,342.85,Credit Card,39,Delivered,4
ORD001567,2023-05-28,02:35:59,CUST7919,Restaurant_50,South Indian,Lucknow,1089.92,22.51,0.0,1112.43,Credit Card,56,Delivered,3
ORD001568,2023-01-25,20:00:59,CUST2160,Restaurant_34,Healthy Food,Hyderabad,299.38,29.28,0.0,328.66,Credit Card,49,Delivered,
ORD001569,2023-12-17,06:14:39,CUST9261,Restaurant_36,Beverages,Delhi,1388.95,43.0,0.0,1431.95,UPI,61,Delivered,1
ORD001570,2023-10-01,01:09:41,CUST3743,Restaurant_19,Street Food,Jaipur,237.21,37.67,0.0,274.88,Wallet,63,Delivered,1
ORD001571,2023-03-17,13:34:52,CUST2718,Restaurant_58,Desserts,Delhi,194.21,29.56,49.21,174.56,Wallet,,Refunded,
ORD001572,2023-04-11,00:40:20,CUST4270,Restaurant_85,South Indian,Ahmedabad,1102.48,79.17,0.0,1181.65,Credit Card,55,Delivered,5
ORD001573,2023-01-19,13:10:08,CUST7749,Restaurant_13,Street Food,Chennai,1153.21,23.44,0.0,1176.65,Debit Card,49,Delivered,4
ORD001574,2023-03-15,15:37:26,CUST5284,Restaurant_60,Street Food,Hyderabad,530.72,23.86,0.0,554.58,Credit Card,,Refunded,
ORD001575,2023-10-18,23:48:47,CUST4686,Restaurant_14,North Indian,Chennai,842.15,36.64,0.0,878.79,Cash on Delivery,16,Delivered,5
ORD001576,2023-03-16,11:13:33,CUST1229,Restaurant_22,Fast Food,Kolkata,369.92,87.84,26.91,430.85,Wallet,47,Delivered,2
ORD001577,2023-04-13,12:20:32,CUST8460,Restaurant_32,Biryani,Lucknow,684.15,74.66,104.76,654.05,UPI,,Refunded,
ORD001578,2023-05-08,05:24:59,CUST5964,Restaurant_21,Desserts,Bengaluru,1434.44,50.26,0.0,1484.7,Debit Card,,Refunded,
ORD001579,2023-05-22,04:04:49,CUST9224,Restaurant_75,South Indian,Delhi,1209.87,56.31,0.0,1266.18,Cash on Delivery,,Cancelled,
ORD001580,2023-01-19,03:13:10,CUST4521,Restaurant_4,North Indian,Chennai,906.44,24.45,0.0,930.89,UPI,27,Delivered,
ORD001581,2023-04-26,06:22:30,CUST2389,Restaurant_92,Street Food,Kolkata,266.57,35.95,0.0,302.52,Debit Card,25,Delivered,5
ORD001582,2023-10-04,10:36:12,CUST4679,Restaurant_22,Fast Food,Chennai,1023.75,26.87,0.0,1050.62,Cash on Delivery,50,Delivered,2
ORD001583,2023-07-12,01:48:50,CUST9775,Restaurant_26,Desserts,Mumbai,1386.75,91.64,110.42,1367.97,Wallet,61,Delivered,2
ORD001584,2023-10-27,14:09:19,CUST2266,Restaurant_64,Fast Food,Lucknow,688.23,28.65,0.0,716.88,Wallet,,Refunded,
ORD001585,2023-06-15,14:17:30,CUST6693,Restaurant_8,Beverages,Bengaluru,705.12,24.82,100.43,629.51,Wallet,,Refunded,
ORD001586,2023-06-10,16:16:35,CUST5586,Restaurant_18,South Indian,Jaipur,1273.77,53.48,0.0,1327.25,Credit Card,27,Delivered,2
ORD001587,2023-04-04,15:19:12,CUST8824,Restaurant_16,Chinese,Mumbai,1239.14,30.54,0.0,1269.68,Debit Card,,Cancelled,
ORD001588,2023-12-17,20:30:38,CUST4473,Restaurant_66,Beverages,Kolkata,1268.55,43.68,105.16,1207.07,Credit Card,64,Delivered,4
ORD001589,2023-04-11,04:05:46,CUST7366,Restaurant_44,Biryani,Bengaluru,1230.23,40.1,12.97,1257.36,Credit Card,40,Delivered,5
ORD001590,2023-02-09,20:42:22,CUST6374,Restaurant_15,Desserts,Ahmedabad,340.0,96.09,0.0,436.09,Wallet,59,Delivered,4
ORD001591,2023-11-09,04:09:38,CUST8580,Restaurant_29,Desserts,Jaipur,643.03,37.74,0.0,680.77,UPI,23,Delivered,5
ORD001592,2023-07-14,19:11:42,CUST6718,Restaurant_23,Italian,Mumbai,1073.78,91.33,0.0,1165.11,UPI,39,Delivered,3
ORD001593,2023-08-01,06:25:19,CUST8418,Restaurant_65,Desserts,Lucknow,965.5,44.84,0.0,1010.34,Credit Card,58,Delivered,2
ORD001594,2023-03-12,05:54:12,CUST8441,Restaurant_71,Desserts,Jaipur,280.43,86.18,75.47,291.14,UPI,41,Delivered,1
ORD001595,2023-08-04,12:51:05,CUST3740,Restaurant_4,Healthy Food,Pune,1023.44,78.94,0.0,1102.38,Credit Card,,Cancelled,
ORD001596,2023-07-29,01:11:42,CUST5919,Restaurant_88,Italian,Mumbai,1062.81,67.59,0.0,1130.4,Credit Card,50,Delivered,
ORD001597,2023-08-28,16:03:34,CUST5949,Restaurant_50,Chinese,Mumbai,1352.26,86.05,67.01,1371.3,Cash on Delivery,36,Delivered,1
ORD001598,2023-04-23,23:32:26,CUST4362,Restaurant_98,Biryani,Pune,362.86,38.6,0.0,401.46,Credit Card,58,Delivered,
ORD001599,2023-11-02,20:20:12,CUST7380,Restaurant_28,Italian,Pune,882.8,70.54,0.0,953.34,Debit Card,36,Delivered,
ORD001600,2023-01-25,23:41:39,CUST1390,Restaurant_70,Biryani,Bengaluru,1326.49,64.01,83.04,1307.46,UPI,55,Delivered,3
ORD001601,2023-03-27,06:10:45,CUST6322,Restaurant_17,Chinese,Ahmedabad,875.81,68.79,0.0,944.6,UPI,54,Delivered,
ORD001602,2023-03-16,03:21:29,CUST5687,Restaurant_21,North Indian,Lucknow,1064.55,95.29,0.0,1159.84,UPI,36,Delivered,3
ORD001603,2023-07-15,08:32:16,CUST3378,Restaurant_18,North Indian,Jaipur,784.98,36.52,0.0,821.5,Debit Card,38,Delivered,
ORD001604,2023-08-09,14:54:09,CUST8155,Restaurant_43,Healthy Food,Jaipur,338.93,91.19,0.0,430.12,Debit Card,,Cancelled,
ORD001605,2023-07-15,07:57:19,CUST5889,Restaurant_37,Street Food,Lucknow,299.97,69.06,0.0,369.03,UPI,,Refunded,
ORD001606,2023-10-03,06:38:03,CUST5593,Restaurant_15,Biryani,Jaipur,226.39,84.94,0.0,311.33,Wallet,39,Delivered,
ORD001607,2023-07-06,16:50:06,CUST2148,Restaurant_44,Italian,Pune,992.12,63.38,0.0,1055.5,Credit Card,,Cancelled,
ORD001608,2023-12-11,01:14:53,CUST7682,Restaurant_19,Chinese,Mumbai,818.6,82.24,0.0,900.84,Credit Card,54,Delivered,
ORD001609,2023-02-17,16:22:50,CUST6212,Restaurant_97,Healthy Food,Kolkata,651.96,50.2,0.0,702.16,Cash on Delivery,,Refunded,
ORD001610,2023-08-13,16:58:26,CUST1898,Restaurant_18,South Indian,Ahmedabad,846.84,38.41,0.0,885.25,Debit Card,55,Delivered,4
ORD001611,2023-12-19,01:55:18,CUST3588,Restaurant_40,Biryani,Chennai,722.64,65.71,0.0,788.35,Credit Card,42,Delivered,3
ORD001612,2023-04-18,23:55:21,CUST2963,Restaurant_90,Street Food,Kolkata,473.85,75.89,86.43,463.31,Cash on Delivery,27,Delivered,5
ORD001613,2023-07-07,02:36:07,CUST1880,Restaurant_90,Chinese,Chennai,742.48,26.47,0.0,768.95,Wallet,29,Delivered,1
ORD001614,2023-12-06,17:47:28,CUST5419,Restaurant_76,Biryani,Ahmedabad,1184.14,89.22,0.0,1273.36,UPI,46,Delivered,4
ORD001615,2023-03-27,18:05:40,CUST6694,Restaurant_2,Italian,Lucknow,359.34,98.29,0.0,457.63,UPI,48,Delivered,1
ORD001616,2023-03-29,01:36:24,CUST7170,Restaurant_19,Biryani,Hyderabad,1398.29,94.21,0.0,1492.5,Credit Card,34,Delivered,
ORD001617,2023-05-15,10:52:08,CUST3798,Restaurant_35,Fast Food,Hyderabad,585.15,91.31,114.68,561.78,Wallet,53,Delivered,5
ORD001618,2023-11-14,20:10:33,CUST9923,Restaurant_78,South Indian,Lucknow,1007.62,79.39,0.0,1087.01,Cash on Delivery,50,Delivered,
ORD001619,2023-07-03,11:28:01,CUST9303,Restaurant_48,North Indian,Jaipur,1281.93,42.33,0.0,1324.26,Wallet,46,Delivered,3
ORD001620,2023-01-24,12:19:51,CUST2546,Restaurant_81,North Indian,Delhi,587.04,45.17,0.0,632.21,Credit Card,42,Delivered,3
ORD001621,2023-01-22,05:58:02,CUST6287,Restaurant_14,Beverages,Ahmedabad,710.95,24.25,0.0,735.2,Cash on Delivery,34,Delivered,
ORD001622,2023-02-01,18:04:09,CUST3007,Restaurant_41,Healthy Food,Jaipur,978.22,57.46,0.0,1035.68,Cash on Delivery,44,Delivered,
ORD001623,2023-11-07,08:37:34,CUST5276,Restaurant_33,Desserts,Bengaluru,286.79,64.24,0.0,351.03,Wallet,50,Delivered,4
ORD001624,2023-01-18,21:09:45,CUST9682,Restaurant_85,Beverages,Pune,1171.8,26.5,74.22,1124.08,UPI,35,Delivered,
ORD001625,2023-12-19,20:39:24,CUST3024,Restaurant_90,Chinese,Ahmedabad,1320.11,73.03,0.0,1393.14,Wallet,45,Delivered,2
ORD001626,2023-11-14,11:55:27,CUST6356,Restaurant_86,Desserts,Jaipur,567.31,74.25,61.83,579.73,UPI,48,Delivered,2
ORD001627,2023-11-24,06:31:22,CUST7132,Restaurant_24,Fast Food,Ahmedabad,905.56,90.03,0.0,995.59,UPI,44,Delivered,2
ORD001628,2023-05-26,11:18:04,CUST6417,Restaurant_45,Fast Food,Ahmedabad,277.93,84.35,0.0,362.28,Wallet,48,Delivered,3
ORD001629,2023-06-20,12:23:32,CUST4726,Restaurant_20,Fast Food,Mumbai,912.93,44.15,0.0,957.08,Cash on Delivery,49,Delivered,
ORD001630,2023-03-12,05:07:04,CUST9223,Restaurant_73,South Indian,Pune,1133.66,63.34,0.0,1197.0,Debit Card,,Refunded,
ORD001631,2023-12-23,20:29:12,CUST9389,Restaurant_42,Italian,Pune,948.73,23.37,0.0,972.1,Cash on Delivery,50,Delivered,5
ORD001632,2023-10-25,18:49:14,CUST6836,Restaurant_14,Biryani,Delhi,668.86,64.41,0.0,733.27,Wallet,,Cancelled,
ORD001633,2023-01-29,19:28:38,CUST9683,Restaurant_11,Street Food,Jaipur,1295.11,75.35,109.18,1261.28,UPI,60,Delivered,
ORD001634,2023-08-15,16:15:36,CUST6385,Restaurant_70,Beverages,Mumbai,749.09,92.21,0.0,841.3,UPI,42,Delivered,2
ORD001635,2023-06-25,11:36:20,CUST2963,Restaurant_46,North Indian,Jaipur,1128.56,56.92,0.0,1185.48,Cash on Delivery,27,Delivered,1
ORD001636,2023-10-30,05:52:13,CUST9749,Restaurant_60,Chinese,Pune,757.79,38.24,0.0,796.03,Cash on Delivery,20,Delivered,1
ORD001637,2023-11-02,17:53:40,CUST9371,Restaurant_40,Healthy Food,Kolkata,747.55,67.97,0.0,815.52,Credit Card,56,Delivered,2
ORD001638,2023-07-25,19:59:41,CUST6283,Restaurant_19,Beverages,Lucknow,1004.57,55.93,22.29,1038.21,UPI,16,Delivered,1
ORD001639,2023-03-08,05:08:48,CUST4763,Restaurant_92,North Indian,Pune,695.16,96.14,0.0,791.3,UPI,52,Delivered,2
ORD001640,2023-02-13,21:08:33,CUST9131,Restaurant_48,Beverages,Lucknow,296.39,75.14,0.0,371.53,UPI,20,Delivered,4
ORD001641,2023-02-06,02:54:44,CUST2845,Restaurant_82,North Indian,Hyderabad,1228.79,27.45,33.43,1222.81,Cash on Delivery,24,Delivered,5
ORD001642,2023-06-04,17:08:53,CUST5498,Restaurant_80,Fast Food,Kolkata,1113.03,33.94,0.0,1146.97,Cash on Delivery,,Refunded,
ORD001643,2023-01-10,17:06:42,CUST8494,Restaurant_33,Chinese,Kolkata,1213.71,87.64,121.2,1180.15,Debit Card,43,Delivered,3
ORD001644,2023-10-17,02:42:14,CUST4990,Restaurant_91,Fast Food,Jaipur,1411.38,21.51,0.0,1432.89,Wallet,,Cancelled,
ORD001645,2023-02-27,01:31:58,CUST6714,Restaurant_52,Fast Food,Ahmedabad,654.05,84.88,81.82,657.11,UPI,27,Delivered,5
ORD001646,2023-01-20,00:32:19,CUST2864,Restaurant_72,North Indian,Pune,266.49,34.28,131.89,168.88,UPI,46,Delivered,2
ORD001647,2023-06-26,18:04:33,CUST5786,Restaurant_71,Fast Food,Mumbai,1371.34,71.02,68.27,1374.09,Debit Card,28,Delivered,5
ORD001648,2023-01-08,18:12:56,CUST5813,Restaurant_13,Italian,Bengaluru,742.85,48.63,0.0,791.48,Cash on Delivery,30,Delivered,4
ORD001649,2023-09-26,01:21:33,CUST8081,Restaurant_98,Italian,Bengaluru,1138.73,65.9,145.21,1059.42,Credit Card,27,Delivered,2
ORD001650,2023-09-23,09:55:43,CUST1735,Restaurant_10,Street Food,Jaipur,1195.99,23.24,0.0,1219.23,Cash on Delivery,42,Delivered,5
ORD001651,2023-10-24,04:24:53,CUST6155,Restaurant_56,Italian,Lucknow,755.31,21.45,0.0,776.76,Debit Card,60,Delivered,
ORD001652,2023-11-25,11:53:02,CUST8017,Restaurant_53,Desserts,Delhi,492.26,54.46,0.0,546.72,Credit Card,16,Delivered,2
ORD001653,2023-03-28,23:28:05,CUST4522,Restaurant_88,Biryani,Lucknow,1098.8,96.77,0.0,1195.57,UPI,34,Delivered,4
ORD001654,2023-11-30,11:49:33,CUST5983,Restaurant_12,Healthy Food,Pune,382.21,88.2,125.26,345.15,Wallet,15,Delivered,1
ORD001655,2023-04-05,04:13:18,CUST2675,Restaurant_90,Fast Food,Delhi,374.28,38.45,20.87,391.86,Wallet,54,Delivered,2
ORD001656,2023-12-05,19:34:11,CUST5840,Restaurant_89,Biryani,Bengaluru,1013.09,79.73,0.0,1092.82,Debit Card,54,Delivered,3
ORD001657,2023-10-11,00:50:39,CUST8622,Restaurant_66,Healthy Food,Lucknow,1466.93,43.64,128.9,1381.67,Wallet,16,Delivered,1
ORD001658,2023-08-09,00:02:44,CUST4650,Restaurant_42,Desserts,Chennai,1048.22,47.43,139.07,956.58,Wallet,53,Delivered,
ORD001659,2023-08-03,15:15:34,CUST2689,Restaurant_2,Italian,Pune,1037.24,42.87,0.0,1080.11,UPI,59,Delivered,3
ORD001660,2023-03-11,06:52:59,CUST4753,Restaurant_75,Desserts,Mumbai,842.45,41.72,0.0,884.17,Debit Card,,Cancelled,
ORD001661,2023-05-20,07:31:26,CUST9469,Restaurant_65,South Indian,Chennai,383.59,59.55,68.74,374.4,Credit Card,45,Delivered,5
ORD001662,2023-05-04,13:00:11,CUST8644,Restaurant_48,Street Food,Chennai,358.4,58.58,0.0,416.98,Wallet,,Cancelled,
ORD001663,2023-02-25,22:42:48,CUST5614,Restaurant_36,Street Food,Bengaluru,364.65,89.85,122.67,331.83,Cash on Delivery,,Refunded,
ORD001664,2023-09-04,09:51:23,CUST2002,Restaurant_10,Desserts,Pune,836.31,78.8,0.0,915.11,Credit Card,46,Delivered,2
ORD001665,2023-03-28,10:08:14,CUST8208,Restaurant_65,Desserts,Pune,769.36,59.7,0.0,829.06,Credit Card,36,Delivered,1
ORD001666,2023-08-24,19:11:47,CUST3505,Restaurant_28,Italian,Kolkata,1136.95,23.56,0.0,1160.51,Debit Card,38,Delivered,4
ORD001667,2023-08-27,05:52:50,CUST7050,Restaurant_24,North Indian,Ahmedabad,778.27,86.22,72.84,791.65,Cash on Delivery,60,Delivered,1
ORD001668,2023-03-26,00:59:31,CUST6287,Restaurant_25,Biryani,Hyderabad,173.35,29.94,100.02,103.27,Cash on Delivery,27,Delivered,4
ORD001669,2023-08-18,02:11:29,CUST7226,Restaurant_93,Street Food,Hyderabad,404.42,50.51,131.57,323.36,Credit Card,33,Delivered,1
ORD001670,2023-10-16,09:06:00,CUST9563,Restaurant_55,Biryani,Jaipur,647.0,79.78,0.0,726.78,Wallet,64,Delivered,4
ORD001671,2023-07-09,14:26:41,CUST9769,Restaurant_76,Street Food,Hyderabad,849.1,58.07,0.0,907.17,Cash on Delivery,49,Delivered,3
ORD001672,2023-03-08,22:46:36,CUST3879,Restaurant_47,Fast Food,Pune,601.57,44.75,0.0,646.32,Wallet,56,Delivered,5
ORD001673,2023-06-05,07:06:44,CUST7583,Restaurant_29,North Indian,Mumbai,337.77,86.61,0.0,424.38,Credit Card,57,Delivered,3
ORD001674,2023-11-24,17:37:31,CUST5570,Restaurant_72,Biryani,Lucknow,1154.45,23.87,0.0,1178.32,Debit Card,15,Delivered,5
ORD001675,2023-06-18,21:35:18,CUST2773,Restaurant_16,Italian,Ahmedabad,1327.47,33.81,0.0,1361.28,Wallet,59,Delivered,4
ORD001676,2023-07-02,10:25:39,CUST3325,Restaurant_40,Healthy Food,Kolkata,982.41,21.33,0.0,1003.74,Wallet,,Cancelled,
ORD001677,2023-11-02,20:13:21,CUST6699,Restaurant_69,Beverages,Bengaluru,589.85,45.46,0.0,635.31,Wallet,,Cancelled,
ORD001678,2023-10-29,13:25:10,CUST7565,Restaurant_72,Beverages,Ahmedabad,1387.91,98.17,0.0,1486.08,UPI,38,Delivered,5
ORD001679,2023-10-26,15:17:32,CUST7856,Restaurant_26,South Indian,Jaipur,1173.31,68.87,0.0,1242.18,Debit Card,39,Delivered,3
ORD001680,2023-01-21,23:48:16,CUST6697,Restaurant_48,Biryani,Lucknow,705.53,95.74,0.0,801.27,UPI,48,Delivered,2
ORD001681,2023-10-14,20:29:05,CUST8674,Restaurant_39,Chinese,Ahmedabad,1409.68,40.65,90.65,1359.68,Wallet,26,Delivered,3
ORD001682,2023-02-26,13:20:13,CUST3134,Restaurant_63,Chinese,Chennai,464.34,53.91,0.0,518.25,Debit Card,33,Delivered,1
ORD001683,2023-02-20,20:41:20,CUST2101,Restaurant_97,Beverages,Chennai,586.86,86.88,0.0,673.74,Credit Card,52,Delivered,5
ORD001684,2023-11-13,17:12:16,CUST1168,Restaurant_52,Chinese,Delhi,630.56,64.74,0.0,695.3,Wallet,31,Delivered,
ORD001685,2023-06-01,19:27:37,CUST5357,Restaurant_33,North Indian,Lucknow,411.85,56.59,0.0,468.44,Cash on Delivery,46,Delivered,
ORD001686,2023-11-24,08:26:10,CUST2316,Restaurant_68,Beverages,Jaipur,335.16,91.04,0.0,426.2,Debit Card,,Cancelled,
ORD001687,2023-03-10,22:52:23,CUST7295,Restaurant_27,South Indian,Kolkata,1225.04,65.16,0.0,1290.2,Cash on Delivery,29,Delivered,4
ORD001688,2023-04-03,18:36:25,CUST6482,Restaurant_66,Fast Food,Lucknow,1373.36,38.86,0.0,1412.22,Debit Card,47,Delivered,1
ORD001689,2023-04-20,18:02:19,CUST4325,Restaurant_17,Fast Food,Mumbai,187.89,92.76,41.16,239.49,Credit Card,,Cancelled,
ORD001690,2023-10-22,21:19:57,CUST5151,Restaurant_83,Street Food,Jaipur,311.74,56.38,0.0,368.12,UPI,,Cancelled,
ORD001691,2023-08-26,11:58:49,CUST1456,Restaurant_55,Fast Food,Pune,1019.09,44.65,0.0,1063.74,Wallet,15,Delivered,2
ORD001692,2023-12-02,02:20:32,CUST1231,Restaurant_61,South Indian,Delhi,462.57,73.52,0.0,536.09,Cash on Delivery,48,Delivered,2
ORD001693,2023-07-15,23:07:48,CUST8487,Restaurant_74,Chinese,Pune,889.05,51.72,121.65,819.12,Credit Card,50,Delivered,1
ORD001694,2023-01-13,19:25:48,CUST5307,Restaurant_96,Fast Food,Delhi,1317.7,79.21,138.06,1258.85,Debit Card,,Refunded,
ORD001695,2023-05-05,02:32:33,CUST5254,Restaurant_43,Italian,Delhi,305.33,71.28,0.0,376.61,Credit Card,44,Delivered,3
ORD001696,2023-11-21,09:45:35,CUST5461,Restaurant_42,Healthy Food,Bengaluru,657.9,89.21,0.0,747.11,Cash on Delivery,,Refunded,
ORD001697,2023-04-18,23:07:21,CUST3138,Restaurant_47,South Indian,Bengaluru,759.24,22.66,29.62,752.28,Debit Card,34,Delivered,5
ORD001698,2023-08-22,15:44:01,CUST2307,Restaurant_38,Street Food,Mumbai,1084.21,82.58,0.0,1166.79,Wallet,24,Delivered,
ORD001699,2023-08-05,06:53:28,CUST4859,Restaurant_8,North Indian,Mumbai,1112.73,54.92,0.0,1167.65,Cash on Delivery,60,Delivered,
ORD001700,2023-07-01,01:00:33,CUST1381,Restaurant_82,Healthy Food,Ahmedabad,786.73,91.44,116.27,761.9,Credit Card,49,Delivered,2
ORD001701,2023-04-07,07:20:03,CUST4345,Restaurant_78,South Indian,Kolkata,1148.5,74.06,0.0,1222.56,UPI,,Refunded,
ORD001702,2023-03-10,19:58:50,CUST4393,Restaurant_91,Desserts,Bengaluru,1148.38,87.25,0.0,1235.63,Credit Card,59,Delivered,4
ORD001703,2023-02-23,20:12:17,CUST4696,Restaurant_39,Street Food,Delhi,782.69,63.44,0.0,846.13,Credit Card,,Cancelled,
ORD001704,2023-10-11,10:40:20,CUST6044,Restaurant_95,Chinese,Kolkata,669.96,46.54,0.0,716.5,Credit Card,,Cancelled,
ORD001705,2023-07-31,21:39:33,CUST5326,Restaurant_56,Healthy Food,Mumbai,1071.86,40.74,0.0,1112.6,UPI,,Refunded,
ORD001706,2023-08-16,20:10:19,CUST6855,Restaurant_35,Biryani,Kolkata,1069.05,32.3,0.0,1101.35,Wallet,27,Delivered,3
ORD001707,2023-06-07,02:23:01,CUST6182,Restaurant_47,Healthy Food,Ahmedabad,506.05,82.6,0.0,588.65,Cash on Delivery,57,Delivered,
ORD001708,2023-05-02,17:44:07,CUST1935,Restaurant_32,Desserts,Chennai,1225.14,32.66,36.04,1221.76,Debit Card,62,Delivered,
ORD001709,2023-09-07,11:52:57,CUST3764,Restaurant_41,South Indian,Hyderabad,1308.71,50.04,0.0,1358.75,Cash on Delivery,31,Delivered,1
ORD001710,2023-10-04,07:53:18,CUST6989,Restaurant_13,Desserts,Hyderabad,1205.76,24.45,0.0,1230.21,Debit Card,61,Delivered,3
ORD001711,2023-09-09,05:08:49,CUST3344,Restaurant_10,South Indian,Kolkata,395.78,98.53,20.13,474.18,Credit Card,49,Delivered,2
ORD001712,2023-05-28,07:58:02,CUST5434,Restaurant_51,Italian,Jaipur,630.34,55.08,119.41,566.01,Debit Card,40,Delivered,
ORD001713,2023-02-15,18:01:24,CUST8312,Restaurant_95,Biryani,Mumbai,310.61,52.27,133.07,229.81,Debit Card,24,Delivered,1
ORD001714,2023-09-28,20:12:31,CUST4570,Restaurant_78,North Indian,Ahmedabad,1107.38,73.74,0.0,1181.12,Credit Card,28,Delivered,1
ORD001715,2023-04-21,09:57:23,CUST2883,Restaurant_23,Biryani,Bengaluru,1317.3,33.15,105.88,1244.57,Debit Card,,Refunded,
ORD001716,2023-03-14,12:12:13,CUST7771,Restaurant_20,Chinese,Jaipur,367.49,91.61,0.0,459.1,Debit Card,50,Delivered,5
ORD001717,2023-12-25,21:40:17,CUST3508,Restaurant_92,Desserts,Bengaluru,377.06,59.94,0.0,437.0,Wallet,,Cancelled,
ORD001718,2023-07-23,14:01:14,CUST4311,Restaurant_34,Street Food,Mumbai,234.05,92.38,0.0,326.43,Debit Card,61,Delivered,
ORD001719,2023-01-18,05:46:21,CUST6489,Restaurant_36,Chinese,Hyderabad,1027.71,62.06,0.0,1089.77,Wallet,48,Delivered,5
ORD001720,2023-01-01,10:40:10,CUST8736,Restaurant_70,Street Food,Kolkata,744.46,47.31,0.0,791.77,Debit Card,65,Delivered,3
ORD001721,2023-03-13,11:24:26,CUST9641,Restaurant_58,North Indian,Delhi,808.23,83.91,0.0,892.14,Cash on Delivery,,Cancelled,
ORD001722,2023-07-01,08:17:45,CUST8146,Restaurant_93,Chinese,Pune,1247.42,61.5,43.28,1265.64,Cash on Delivery,31,Delivered,1
ORD001723,2023-01-10,19:29:29,CUST1152,Restaurant_62,Italian,Jaipur,668.47,24.8,79.61,613.66,Debit Card,56,Delivered,5
ORD001724,2023-11-04,00:59:25,CUST9621,Restaurant_65,Biryani,Kolkata,286.5,79.64,0.0,366.14,Cash on Delivery,,Cancelled,
ORD001725,2023-09-27,23:40:42,CUST5923,Restaurant_54,Italian,Ahmedabad,1294.75,64.04,0.0,1358.79,Credit Card,52,Delivered,3
ORD001726,2023-11-09,19:49:24,CUST9835,Restaurant_57,Fast Food,Jaipur,858.47,59.51,0.0,917.98,Wallet,,Cancelled,
ORD001727,2023-01-21,03:28:18,CUST3560,Restaurant_57,Chinese,Bengaluru,933.58,53.58,0.0,987.16,Debit Card,,Cancelled,
ORD001728,2023-06-25,01:32:24,CUST5779,Restaurant_48,South Indian,Jaipur,854.96,28.79,0.0,883.75,Debit Card,16,Delivered,4
ORD001729,2023-04-13,08:20:10,CUST5170,Restaurant_51,Italian,Kolkata,415.47,74.83,0.0,490.3,Wallet,,Cancelled,
ORD001730,2023-03-10,01:07:23,CUST2556,Restaurant_48,North Indian,Hyderabad,1346.74,41.51,0.0,1388.25,UPI,,Cancelled,
ORD001731,2023-07-17,18:51:44,CUST2430,Restaurant_31,Street Food,Bengaluru,804.85,56.11,62.48,798.48,Wallet,,Cancelled,
ORD001732,2023-11-08,10:46:46,CUST4163,Restaurant_24,Fast Food,Bengaluru,725.05,48.25,0.0,773.3,Debit Card,48,Delivered,5
ORD001733,2023-07-05,12:02:40,CUST8459,Restaurant_54,Fast Food,Hyderabad,733.68,86.98,0.0,820.66,Debit Card,16,Delivered,4
ORD001734,2023-10-15,21:26:18,CUST5161,Restaurant_55,Beverages,Hyderabad,801.06,80.7,0.0,881.76,Debit Card,31,Delivered,
ORD001735,2023-03-17,15:33:17,CUST9360,Restaurant_4,North Indian,Pune,781.68,25.38,0.0,807.06,Debit Card,,Cancelled,
ORD001736,2023-09-09,12:48:34,CUST1425,Restaurant_61,North Indian,Delhi,321.97,85.21,0.0,407.18,Credit Card,,Cancelled,
ORD001737,2023-08-14,07:31:24,CUST9585,Restaurant_19,Chinese,Mumbai,534.44,48.07,0.0,582.51,UPI,17,Delivered,1
ORD001738,2023-03-31,00:04:22,CUST7056,Restaurant_6,Healthy Food,Jaipur,549.15,47.52,0.0,596.67,Debit Card,26,Delivered,
ORD001739,2023-12-26,07:36:42,CUST8358,Restaurant_62,Healthy Food,Chennai,1332.4,94.83,0.0,1427.23,Credit Card,,Refunded,
ORD001740,2023-01-11,07:02:02,CUST3838,Restaurant_52,Biryani,Mumbai,1429.51,62.11,0.0,1491.62,Credit Card,41,Delivered,3
ORD001741,2023-10-05,23:46:03,CUST4715,Restaurant_56,Street Food,Hyderabad,477.6,85.92,0.0,563.52,Cash on Delivery,36,Delivered,4
ORD001742,2023-07-26,21:09:55,CUST5285,Restaurant_11,Healthy Food,Mumbai,1278.81,23.63,0.0,1302.44,Credit Card,,Refunded,
ORD001743,2023-11-06,04:34:51,CUST2937,Restaurant_83,South Indian,Ahmedabad,657.79,70.08,0.0,727.87,Credit Card,65,Delivered,3
ORD001744,2023-05-04,11:15:34,CUST4559,Restaurant_33,Italian,Kolkata,491.51,75.28,0.0,566.79,Cash on Delivery,,Cancelled,
ORD001745,2023-04-28,06:15:19,CUST4304,Restaurant_91,South Indian,Lucknow,324.39,30.54,0.0,354.93,UPI,,Cancelled,
ORD001746,2023-03-10,01:29:46,CUST5168,Restaurant_15,Street Food,Jaipur,1108.36,47.27,0.0,1155.63,Credit Card,56,Delivered,4
ORD001747,2023-10-25,16:54:08,CUST5492,Restaurant_63,South Indian,Kolkata,833.24,23.0,0.0,856.24,Credit Card,17,Delivered,4
ORD001748,2023-04-17,03:25:12,CUST3384,Restaurant_43,Street Food,Chennai,1431.38,48.91,0.0,1480.29,UPI,18,Delivered,2
ORD001749,2023-07-22,02:14:17,CUST5026,Restaurant_38,South Indian,Mumbai,674.35,47.46,0.0,721.81,Credit Card,63,Delivered,4
ORD001750,2023-04-01,07:42:45,CUST5450,Restaurant_3,Biryani,Chennai,707.67,66.9,0.0,774.57,Credit Card,33,Delivered,
ORD001751,2023-12-06,03:54:32,CUST9409,Restaurant_13,Biryani,Chennai,1202.87,21.07,0.0,1223.94,UPI,,Refunded,
ORD001752,2023-08-27,06:49:29,CUST8859,Restaurant_64,North Indian,Bengaluru,203.15,80.82,0.0,283.97,Cash on Delivery,,Refunded,
ORD001753,2023-03-02,01:42:32,CUST1926,Restaurant_55,Healthy Food,Pune,700.96,46.44,142.85,604.55,Credit Card,65,Delivered,1
ORD001754,2023-11-13,11:37:17,CUST9897,Restaurant_3,Fast Food,Hyderabad,752.52,70.5,0.0,823.02,Wallet,23,Delivered,2
ORD001755,2023-10-15,12:58:03,CUST3390,Restaurant_59,Street Food,Pune,162.25,41.47,135.41,68.31,Credit Card,,Refunded,
ORD001756,2023-03-05,07:12:36,CUST2483,Restaurant_65,South Indian,Kolkata,940.43,99.88,0.0,1040.31,UPI,26,Delivered,4
ORD001757,2023-12-23,09:09:23,CUST4859,Restaurant_73,Desserts,Lucknow,1415.96,88.46,54.02,1450.4,Wallet,38,Delivered,1
ORD001758,2023-01-14,20:41:01,CUST3652,Restaurant_73,Street Food,Hyderabad,1450.41,86.82,69.15,1468.08,Wallet,42,Delivered,5
ORD001759,2023-05-23,07:51:59,CUST2587,Restaurant_36,Desserts,Mumbai,762.8,40.08,0.0,802.88,Cash on Delivery,25,Delivered,2
ORD001760,2023-09-06,04:44:31,CUST9211,Restaurant_35,Biryani,Lucknow,758.99,76.73,70.82,764.9,Wallet,,Cancelled,
ORD001761,2023-08-27,00:37:22,CUST3554,Restaurant_56,Desserts,Lucknow,409.39,86.94,0.0,496.33,Debit Card,62,Delivered,1
ORD001762,2023-10-12,19:39:51,CUST1663,Restaurant_21,Chinese,Bengaluru,484.62,85.07,0.0,569.69,Debit Card,23,Delivered,3
ORD001763,2023-12-22,16:59:10,CUST3028,Restaurant_78,Desserts,Delhi,213.73,84.37,0.0,298.1,Debit Card,27,Delivered,1
ORD001764,2023-01-12,13:27:16,CUST5885,Restaurant_81,Street Food,Jaipur,1229.94,75.19,0.0,1305.13,UPI,,Refunded,
ORD001765,2023-01-28,12:51:29,CUST6771,Restaurant_76,Desserts,Ahmedabad,179.53,88.32,0.0,267.85,UPI,36,Delivered,3
ORD001766,2023-07-17,17:33:42,CUST7694,Restaurant_12,Biryani,Jaipur,949.19,93.44,0.0,1042.63,UPI,,Cancelled,
ORD001767,2023-04-21,17:22:22,CUST1619,Restaurant_47,Healthy Food,Lucknow,977.76,38.03,0.0,1015.79,UPI,,Cancelled,
ORD001768,2023-08-31,04:39:18,CUST3090,Restaurant_80,South Indian,Kolkata,590.84,87.58,144.77,533.65,Wallet,,Refunded,
ORD001769,2023-01-05,09:05:00,CUST1425,Restaurant_44,North Indian,Hyderabad,565.39,71.68,0.0,637.07,Credit Card,17,Delivered,1
ORD001770,2023-10-25,23:59:32,CUST5552,Restaurant_51,Italian,Kolkata,199.73,32.06,18.9,212.89,Credit Card,,Cancelled,
ORD001771,2023-10-12,15:39:59,CUST9419,Restaurant_27,Street Food,Kolkata,473.42,26.76,103.71,396.47,Cash on Delivery,,Refunded,
ORD001772,2023-11-02,01:23:43,CUST2529,Restaurant_68,Chinese,Hyderabad,648.59,34.33,138.93,543.99,Wallet,62,Delivered,3
ORD001773,2023-08-04,04:13:51,CUST9780,Restaurant_3,Beverages,Kolkata,307.49,83.18,0.0,390.67,Credit Card,22,Delivered,5
ORD001774,2023-12-28,17:11:26,CUST8075,Restaurant_42,Italian,Bengaluru,727.07,98.07,41.77,783.37,UPI,30,Delivered,2
ORD001775,2023-01-14,19:02:37,CUST3010,Restaurant_20,Street Food,Pune,273.85,77.8,0.0,351.65,Cash on Delivery,27,Delivered,
ORD001776,2023-02-04,22:19:35,CUST5163,Restaurant_97,Fast Food,Delhi,164.67,40.57,93.31,111.93,UPI,23,Delivered,
ORD001777,2023-03-17,12:37:42,CUST7524,Restaurant_26,South Indian,Lucknow,268.79,49.29,139.0,179.08,Cash on Delivery,39,Delivered,2
ORD001778,2023-08-09,21:21:16,CUST8926,Restaurant_12,Street Food,Ahmedabad,1221.21,85.37,69.77,1236.81,Cash on Delivery,31,Delivered,2
ORD001779,2023-08-30,07:10:37,CUST3346,Restaurant_18,Healthy Food,Lucknow,995.63,26.17,0.0,1021.8,Debit Card,63,Delivered,5
ORD001780,2023-01-31,21:15:17,CUST1276,Restaurant_58,Biryani,Mumbai,656.6,78.79,0.0,735.39,Cash on Delivery,29,Delivered,1
ORD001781,2023-02-02,07:35:03,CUST7316,Restaurant_11,Desserts,Ahmedabad,437.11,94.35,0.0,531.46,Credit Card,26,Delivered,5
ORD001782,2023-09-13,02:03:15,CUST6657,Restaurant_36,Street Food,Hyderabad,918.79,25.1,0.0,943.89,Cash on Delivery,53,Delivered,2
ORD001783,2023-12-22,14:19:16,CUST3523,Restaurant_37,Italian,Pune,1311.29,36.93,95.82,1252.4,Wallet,28,Delivered,
ORD001784,2023-02-27,09:05:29,CUST2363,Restaurant_1,Chinese,Hyderabad,859.2,70.01,0.0,929.21,Wallet,30,Delivered,
ORD001785,2023-02-18,16:24:04,CUST2975,Restaurant_69,South Indian,Jaipur,1265.43,43.33,125.55,1183.21,Cash on Delivery,38,Delivered,1
ORD001786,2023-02-03,23:16:38,CUST4777,Restaurant_3,Street Food,Delhi,633.96,30.34,0.0,664.3,Debit Card,44,Delivered,
ORD001787,2023-03-18,14:55:05,CUST9371,Restaurant_1,Chinese,Chennai,385.1,39.87,10.04,414.93,Debit Card,49,Delivered,3
ORD001788,2023-02-02,18:29:32,CUST2540,Restaurant_31,North Indian,Ahmedabad,450.94,42.66,0.0,493.6,UPI,59,Delivered,4
ORD001789,2023-08-27,22:39:39,CUST2961,Restaurant_22,Healthy Food,Ahmedabad,707.83,78.93,39.01,747.75,Wallet,,Refunded,
ORD001790,2023-07-12,03:55:21,CUST9298,Restaurant_48,Italian,Bengaluru,1071.94,55.69,62.1,1065.53,UPI,61,Delivered,
ORD001791,2023-10-08,22:20:30,CUST3874,Restaurant_98,Healthy Food,Delhi,304.25,55.95,0.0,360.2,Cash on Delivery,29,Delivered,2
ORD001792,2023-09-24,03:02:07,CUST6056,Restaurant_48,South Indian,Jaipur,642.35,94.22,0.0,736.57,UPI,38,Delivered,4
ORD001793,2023-05-16,01:12:57,CUST7987,Restaurant_88,Fast Food,Mumbai,1465.2,45.58,96.01,1414.77,Debit Card,57,Delivered,4
ORD001794,2023-11-02,06:36:26,CUST6802,Restaurant_68,Desserts,Chennai,1485.41,32.09,0.0,1517.5,Credit Card,38,Delivered,
ORD001795,2023-06-05,05:12:56,CUST9305,Restaurant_85,Italian,Chennai,1196.78,32.13,0.0,1228.91,Wallet,,Refunded,
ORD001796,2023-03-03,20:06:43,CUST5703,Restaurant_15,Fast Food,Kolkata,1190.73,56.98,76.88,1170.83,Cash on Delivery,63,Delivered,3
ORD001797,2023-07-01,03:02:03,CUST8098,Restaurant_73,South Indian,Lucknow,821.51,61.84,0.0,883.35,Cash on Delivery,44,Delivered,1
ORD001798,2023-07-11,15:14:01,CUST5609,Restaurant_47,Italian,Ahmedabad,363.08,69.67,0.0,432.75,Credit Card,,Cancelled,
ORD001799,2023-05-18,08:16:10,CUST5184,Restaurant_58,South Indian,Chennai,655.53,72.53,149.3,578.76,Cash on Delivery,43,Delivered,2
ORD001800,2023-09-21,17:44:37,CUST2498,Restaurant_10,Fast Food,Chennai,1214.23,90.75,140.1,1164.88,Cash on Delivery,45,Delivered,3
ORD001801,2023-08-14,21:30:00,CUST7618,Restaurant_91,Street Food,Hyderabad,605.64,82.91,124.95,563.6,Credit Card,34,Delivered,4
ORD001802,2023-06-12,23:27:40,CUST1127,Restaurant_35,Beverages,Kolkata,1243.52,46.9,16.59,1273.83,Credit Card,18,Delivered,3
ORD001803,2023-04-10,07:20:19,CUST5762,Restaurant_76,Beverages,Pune,957.26,67.94,0.0,1025.2,Wallet,45,Delivered,3
ORD001804,2023-07-19,17:23:10,CUST1666,Restaurant_1,Desserts,Hyderabad,1276.72,56.82,0.0,1333.54,Credit Card,28,Delivered,5
ORD001805,2023-06-19,09:54:46,CUST5328,Restaurant_48,Italian,Mumbai,1066.92,32.35,0.0,1099.27,Credit Card,,Refunded,
ORD001806,2023-03-02,12:59:04,CUST4870,Restaurant_20,Healthy Food,Delhi,389.59,53.49,0.0,443.08,Debit Card,,Refunded,
ORD001807,2023-01-30,08:55:02,CUST8827,Restaurant_30,Italian,Chennai,797.8,76.46,0.0,874.26,Debit Card,32,Delivered,4
ORD001808,2023-12-12,02:52:44,CUST7187,Restaurant_84,Chinese,Lucknow,1163.06,34.53,0.0,1197.59,Cash on Delivery,,Refunded,
ORD001809,2023-11-09,19:50:44,CUST2932,Restaurant_95,Italian,Ahmedabad,1123.41,59.64,0.0,1183.05,Credit Card,65,Delivered,3
ORD001810,2023-11-07,17:57:24,CUST5683,Restaurant_53,North Indian,Lucknow,435.3,24.93,107.17,353.06,Wallet,30,Delivered,4
ORD001811,2023-01-08,22:13:35,CUST8308,Restaurant_67,Fast Food,Hyderabad,630.6,42.28,0.0,672.88,Cash on Delivery,49,Delivered,2
ORD001812,2023-06-16,15:17:35,CUST7051,Restaurant_34,Beverages,Pune,1370.86,60.21,114.72,1316.35,UPI,55,Delivered,5
ORD001813,2023-08-14,05:29:59,CUST7730,Restaurant_74,Chinese,Mumbai,313.79,89.59,69.11,334.27,Credit Card,64,Delivered,5
ORD001814,2023-04-05,11:58:01,CUST6391,Restaurant_65,North Indian,Jaipur,829.04,65.66,114.6,780.1,Debit Card,44,Delivered,5
ORD001815,2023-08-28,10:42:35,CUST9268,Restaurant_44,South Indian,Jaipur,554.64,77.62,135.88,496.38,Credit Card,60,Delivered,2
ORD001816,2023-08-09,02:49:17,CUST9427,Restaurant_45,Biryani,Jaipur,179.45,67.9,113.02,134.33,Debit Card,,Cancelled,
ORD001817,2023-07-06,13:21:50,CUST6477,Restaurant_68,Chinese,Chennai,647.81,21.76,0.0,669.57,UPI,44,Delivered,4
ORD001818,2023-03-20,20:43:33,CUST8951,Restaurant_51,North Indian,Jaipur,294.4,29.52,0.0,323.92,UPI,30,Delivered,3
ORD001819,2023-12-30,14:15:44,CUST2839,Restaurant_7,Desserts,Chennai,200.07,94.67,123.26,171.48,Debit Card,51,Delivered,4
ORD001820,2023-01-29,14:05:51,CUST2938,Restaurant_64,North Indian,Delhi,299.54,54.01,0.0,353.55,Wallet,,Refunded,
ORD001821,2023-05-27,14:15:42,CUST2581,Restaurant_69,Street Food,Hyderabad,794.86,43.62,122.72,715.76,Debit Card,40,Delivered,
ORD001822,2023-06-26,16:03:22,CUST3039,Restaurant_46,Biryani,Ahmedabad,980.34,56.02,39.75,996.61,Cash on Delivery,40,Delivered,2
ORD001823,2023-11-17,15:50:45,CUST4246,Restaurant_77,Chinese,Chennai,616.89,42.74,0.0,659.63,Debit Card,24,Delivered,
ORD001824,2023-08-28,08:18:47,CUST2383,Restaurant_93,Desserts,Kolkata,1031.0,59.87,0.0,1090.87,Credit Card,23,Delivered,5
ORD001825,2023-11-11,23:55:38,CUST7692,Restaurant_17,South Indian,Lucknow,1455.76,26.27,145.92,1336.11,Wallet,47,Delivered,5
ORD001826,2023-12-16,04:21:42,CUST5544,Restaurant_51,Street Food,Delhi,214.51,53.98,0.0,268.49,UPI,18,Delivered,
ORD001827,2023-02-08,08:13:06,CUST6748,Restaurant_36,Fast Food,Hyderabad,1470.35,31.22,0.0,1501.57,Cash on Delivery,53,Delivered,5
ORD001828,2023-05-01,08:51:24,CUST9996,Restaurant_55,Beverages,Lucknow,1449.22,53.36,0.0,1502.58,Wallet,28,Delivered,
ORD001829,2023-12-04,12:44:21,CUST5979,Restaurant_79,Street Food,Chennai,1018.5,25.07,0.0,1043.57,Wallet,47,Delivered,2
ORD001830,2023-05-08,10:43:54,CUST1129,Restaurant_48,Beverages,Kolkata,1112.32,94.11,0.0,1206.43,Cash on Delivery,16,Delivered,1
ORD001831,2023-01-30,22:13:15,CUST2291,Restaurant_66,Chinese,Chennai,1203.68,62.26,15.06,1250.88,Wallet,,Cancelled,
ORD001832,2023-06-05,01:12:05,CUST5171,Restaurant_88,Desserts,Mumbai,588.35,23.33,108.8,502.88,Cash on Delivery,,Cancelled,
ORD001833,2023-04-12,12:57:24,CUST1857,Restaurant_25,Italian,Lucknow,417.67,50.02,0.0,467.69,Debit Card,54,Delivered,4
ORD001834,2023-11-26,08:17:27,CUST3365,Restaurant_57,Chinese,Pune,654.66,33.09,0.0,687.75,Wallet,52,Delivered,2
ORD001835,2023-01-06,10:04:18,CUST1080,Restaurant_9,Italian,Hyderabad,1149.86,39.22,65.58,1123.5,Credit Card,24,Delivered,2
ORD001836,2023-09-03,05:39:17,CUST6039,Restaurant_9,Beverages,Jaipur,1022.88,62.48,29.47,1055.89,Debit Card,29,Delivered,
ORD001837,2023-08-20,15:27:27,CUST3674,Restaurant_77,Desserts,Hyderabad,502.37,74.82,0.0,577.19,Wallet,59,Delivered,5
ORD001838,2023-07-08,14:06:04,CUST8404,Restaurant_50,Biryani,Bengaluru,388.32,44.11,121.27,311.16,Wallet,25,Delivered,1
ORD001839,2023-05-12,00:35:17,CUST8663,Restaurant_7,Beverages,Hyderabad,1200.57,46.38,0.0,1246.95,Cash on Delivery,34,Delivered,
ORD001840,2023-04-13,13:57:25,CUST1347,Restaurant_72,Biryani,Mumbai,1125.95,25.04,0.0,1150.99,UPI,43,Delivered,
ORD001841,2023-12-25,03:43:51,CUST5431,Restaurant_93,Desserts,Delhi,307.58,24.13,117.91,213.8,Cash on Delivery,,Refunded,
ORD001842,2023-09-13,14:53:13,CUST9767,Restaurant_28,Healthy Food,Bengaluru,1296.54,96.54,78.7,1314.38,Cash on Delivery,58,Delivered,5
ORD001843,2023-11-22,04:27:33,CUST8175,Restaurant_31,Biryani,Mumbai,1046.11,39.0,139.93,945.18,Wallet,,Refunded,
ORD001844,2023-06-14,20:11:53,CUST4047,Restaurant_52,Fast Food,Jaipur,809.39,49.37,0.0,858.76,UPI,,Refunded,
ORD001845,2023-09-21,19:59:26,CUST2975,Restaurant_36,Beverages,Lucknow,622.68,56.32,0.0,679.0,UPI,58,Delivered,1
ORD001846,2023-10-13,18:44:02,CUST7130,Restaurant_47,North Indian,Jaipur,846.59,28.79,0.0,875.38,UPI,20,Delivered,
ORD001847,2023-03-25,03:38:23,CUST5709,Restaurant_40,North Indian,Lucknow,406.41,73.65,88.78,391.28,Debit Card,19,Delivered,3
ORD001848,2023-02-26,01:32:01,CUST6531,Restaurant_16,South Indian,Chennai,757.04,61.09,109.35,708.78,Wallet,16,Delivered,3
ORD001849,2023-10-16,04:55:19,CUST2259,Restaurant_67,Fast Food,Delhi,643.71,52.5,118.83,577.38,UPI,57,Delivered,
ORD001850,2023-03-27,20:18:32,CUST7931,Restaurant_16,Biryani,Hyderabad,388.77,44.88,0.0,433.65,Debit Card,38,Delivered,2
ORD001851,2023-04-15,13:46:18,CUST7203,Restaurant_74,Fast Food,Chennai,635.19,99.23,0.0,734.42,Cash on Delivery,29,Delivered,
ORD001852,2023-06-20,04:34:54,CUST4729,Restaurant_18,Italian,Lucknow,868.34,58.43,0.0,926.77,Wallet,,Cancelled,
ORD001853,2023-02-24,18:07:57,CUST9015,Restaurant_67,Beverages,Pune,1419.82,67.7,0.0,1487.52,Wallet,,Cancelled,
ORD001854,2023-06-11,14:57:06,CUST8253,Restaurant_38,Chinese,Pune,430.17,22.24,0.0,452.41,Credit Card,23,Delivered,5
ORD001855,2023-06-23,06:56:09,CUST3852,Restaurant_96,Desserts,Lucknow,187.29,55.17,0.0,242.46,Credit Card,15,Delivered,1
ORD001856,2023-10-13,12:48:35,CUST4151,Restaurant_2,Beverages,Ahmedabad,438.56,30.0,17.36,451.2,UPI,15,Delivered,1
ORD001857,2023-06-24,20:02:27,CUST4372,Restaurant_88,Street Food,Delhi,1366.15,99.86,0.0,1466.01,Debit Card,32,Delivered,4
ORD001858,2023-05-08,06:12:38,CUST8438,Restaurant_69,Beverages,Lucknow,1326.82,72.5,0.0,1399.32,Credit Card,18,Delivered,1
ORD001859,2023-09-03,20:06:36,CUST4292,Restaurant_23,Street Food,Delhi,1336.31,93.0,0.0,1429.31,Credit Card,45,Delivered,
ORD001860,2023-06-08,00:39:42,CUST1244,Restaurant_11,North Indian,Chennai,1212.33,51.26,0.0,1263.59,Credit Card,63,Delivered,3
ORD001861,2023-04-07,23:42:13,CUST7643,Restaurant_72,North Indian,Jaipur,309.11,97.97,108.55,298.53,UPI,60,Delivered,4
ORD001862,2023-12-29,01:42:41,CUST6261,Restaurant_8,Healthy Food,Delhi,198.6,89.97,0.0,288.57,Debit Card,56,Delivered,5
ORD001863,2023-08-18,09:00:40,CUST1713,Restaurant_6,Beverages,Delhi,814.93,94.06,0.0,908.99,Debit Card,20,Delivered,3
ORD001864,2023-01-08,17:15:06,CUST4088,Restaurant_67,Biryani,Hyderabad,608.97,88.81,0.0,697.78,Credit Card,,Refunded,
ORD001865,2023-11-08,00:42:57,CUST4995,Restaurant_60,Fast Food,Jaipur,1165.68,50.66,0.0,1216.34,Debit Card,,Refunded,
ORD001866,2023-08-31,12:34:32,CUST1159,Restaurant_100,Healthy Food,Chennai,1176.45,38.2,0.0,1214.65,Wallet,36,Delivered,5
ORD001867,2023-02-16,01:19:29,CUST4052,Restaurant_60,Beverages,Ahmedabad,1459.22,90.22,106.39,1443.05,Cash on Delivery,18,Delivered,3
ORD001868,2023-01-27,22:28:55,CUST8052,Restaurant_66,Chinese,Mumbai,1253.77,26.45,0.0,1280.22,Cash on Delivery,36,Delivered,3
ORD001869,2023-08-02,23:38:59,CUST2970,Restaurant_91,Chinese,Delhi,1459.7,47.21,0.0,1506.91,Credit Card,36,Delivered,3
ORD001870,2023-03-28,23:19:40,CUST1202,Restaurant_53,Healthy Food,Ahmedabad,1215.55,60.01,0.0,1275.56,Credit Card,,Refunded,
ORD001871,2023-05-04,21:07:17,CUST3452,Restaurant_73,Healthy Food,Mumbai,1282.62,54.14,0.0,1336.76,Debit Card,63,Delivered,1
ORD001872,2023-04-28,02:02:18,CUST3281,Restaurant_98,Fast Food,Chennai,1416.88,43.05,0.0,1459.93,Debit Card,24,Delivered,2
ORD001873,2023-04-29,16:10:46,CUST5198,Restaurant_20,North Indian,Mumbai,394.42,85.49,0.0,479.91,Wallet,65,Delivered,5
ORD001874,2023-09-11,00:42:32,CUST6648,Restaurant_83,Beverages,Hyderabad,953.62,35.62,0.0,989.24,Debit Card,50,Delivered,4
ORD001875,2023-07-28,22:16:19,CUST9318,Restaurant_89,North Indian,Mumbai,1115.95,81.58,0.0,1197.53,Cash on Delivery,49,Delivered,4
ORD001876,2023-03-31,15:15:58,CUST8026,Restaurant_47,Desserts,Bengaluru,967.08,91.91,0.0,1058.99,Debit Card,50,Delivered,4
ORD001877,2023-02-20,05:18:49,CUST8472,Restaurant_16,South Indian,Bengaluru,1440.01,76.86,0.0,1516.87,Credit Card,62,Delivered,4
ORD001878,2023-12-04,00:04:16,CUST4600,Restaurant_86,Beverages,Kolkata,758.81,73.39,85.71,746.49,Debit Card,,Cancelled,
ORD001879,2023-01-19,22:03:29,CUST6670,Restaurant_31,Biryani,Delhi,1016.38,82.98,0.0,1099.36,Wallet,34,Delivered,
ORD001880,2023-05-16,18:59:33,CUST1295,Restaurant_10,South Indian,Hyderabad,636.17,29.89,47.18,618.88,Debit Card,61,Delivered,
ORD001881,2023-02-11,07:36:51,CUST6813,Restaurant_78,Fast Food,Kolkata,317.18,50.71,0.0,367.89,UPI,28,Delivered,4
ORD001882,2023-09-11,23:07:09,CUST5741,Restaurant_99,South Indian,Pune,539.55,27.33,0.0,566.88,Debit Card,24,Delivered,2
ORD001883,2023-06-06,00:05:49,CUST6702,Restaurant_71,South Indian,Ahmedabad,1277.6,89.76,0.0,1367.36,Wallet,24,Delivered,2
ORD001884,2023-12-17,00:01:08,CUST6029,Restaurant_69,Street Food,Lucknow,745.77,60.91,0.0,806.68,Wallet,15,Delivered,5
ORD001885,2023-06-18,03:04:03,CUST3820,Restaurant_46,Fast Food,Chennai,986.25,23.47,83.06,926.66,UPI,15,Delivered,3
ORD001886,2023-03-01,13:48:30,CUST9105,Restaurant_54,Street Food,Lucknow,729.33,71.84,0.0,801.17,UPI,,Cancelled,
ORD001887,2023-04-22,04:08:08,CUST2799,Restaurant_59,South Indian,Chennai,182.04,48.52,0.0,230.56,Debit Card,44,Delivered,2
ORD001888,2023-05-12,23:51:42,CUST6563,Restaurant_80,Street Food,Jaipur,1410.93,81.65,0.0,1492.58,Debit Card,,Refunded,
ORD001889,2023-04-09,11:27:39,CUST1562,Restaurant_45,Chinese,Jaipur,1289.2,40.72,13.24,1316.68,Wallet,64,Delivered,5
ORD001890,2023-12-09,09:03:54,CUST9825,Restaurant_74,Street Food,Lucknow,191.5,45.04,0.0,236.54,Wallet,49,Delivered,4
ORD001891,2023-08-25,10:44:53,CUST4502,Restaurant_13,Street Food,Hyderabad,529.29,72.25,0.0,601.54,Credit Card,61,Delivered,5
ORD001892,2023-03-02,02:21:25,CUST3093,Restaurant_72,Chinese,Lucknow,945.77,28.04,0.0,973.81,Cash on Delivery,,Cancelled,
ORD001893,2023-08-05,11:04:47,CUST9894,Restaurant_86,Fast Food,Ahmedabad,600.45,47.84,47.66,600.63,Debit Card,17,Delivered,
ORD001894,2023-01-15,00:26:44,CUST7690,Restaurant_81,Fast Food,Hyderabad,377.69,97.56,49.66,425.59,Cash on Delivery,36,Delivered,3
ORD001895,2023-07-22,23:46:41,CUST9809,Restaurant_67,Fast Food,Delhi,1325.66,38.23,133.54,1230.35,UPI,20,Delivered,3
ORD001896,2023-08-06,08:31:37,CUST6756,Restaurant_70,Chinese,Jaipur,1300.27,73.94,0.0,1374.21,Debit Card,32,Delivered,5
ORD001897,2023-03-03,11:21:50,CUST2914,Restaurant_84,Biryani,Ahmedabad,1188.54,72.78,0.0,1261.32,UPI,,Refunded,
ORD001898,2023-08-03,01:09:36,CUST2692,Restaurant_55,Beverages,Delhi,935.46,47.5,65.97,916.99,UPI,39,Delivered,4
ORD001899,2023-10-26,03:46:08,CUST3293,Restaurant_9,Desserts,Delhi,224.82,48.97,0.0,273.79,Cash on Delivery,52,Delivered,3
ORD001900,2023-03-26,00:51:31,CUST9830,Restaurant_99,Street Food,Delhi,1452.51,76.77,76.48,1452.8,Wallet,28,Delivered,5
ORD001901,2023-02-26,15:01:18,CUST2755,Restaurant_19,Healthy Food,Hyderabad,1328.32,45.53,124.02,1249.83,UPI,19,Delivered,4
ORD001902,2023-01-27,05:18:09,CUST7009,Restaurant_11,Fast Food,Jaipur,316.7,44.43,0.0,361.13,Cash on Delivery,,Refunded,
ORD001903,2023-05-17,07:03:32,CUST9790,Restaurant_22,Healthy Food,Pune,1027.92,31.31,16.78,1042.45,UPI,35,Delivered,4
ORD001904,2023-03-24,19:33:14,CUST3148,Restaurant_29,Fast Food,Mumbai,1375.3,97.07,115.73,1356.64,Debit Card,42,Delivered,3
ORD001905,2023-08-15,08:22:53,CUST9843,Restaurant_92,Fast Food,Hyderabad,1104.84,83.83,0.0,1188.67,Cash on Delivery,,Refunded,
ORD001906,2023-02-14,14:43:17,CUST9057,Restaurant_42,Healthy Food,Kolkata,312.11,65.2,57.01,320.3,Cash on Delivery,,Refunded,
ORD001907,2023-07-28,12:41:31,CUST4489,Restaurant_88,Street Food,Lucknow,706.57,66.84,0.0,773.41,Cash on Delivery,27,Delivered,2
ORD001908,2023-03-08,05:46:45,CUST8531,Restaurant_51,Biryani,Pune,542.99,20.38,0.0,563.37,Credit Card,50,Delivered,
ORD001909,2023-06-30,09:52:00,CUST9150,Restaurant_45,Chinese,Kolkata,1418.61,82.33,0.0,1500.94,Debit Card,39,Delivered,4
ORD001910,2023-04-25,10:32:10,CUST1013,Restaurant_6,Italian,Hyderabad,264.27,69.94,0.0,334.21,Wallet,29,Delivered,
ORD001911,2023-03-23,04:07:21,CUST7155,Restaurant_55,Fast Food,Ahmedabad,1050.05,84.46,0.0,1134.51,Cash on Delivery,29,Delivered,3
ORD001912,2023-04-19,03:04:10,CUST9816,Restaurant_20,Street Food,Delhi,862.22,93.18,0.0,955.4,Wallet,15,Delivered,
ORD001913,2023-08-22,03:20:40,CUST2893,Restaurant_19,Chinese,Hyderabad,822.56,91.14,0.0,913.7,Wallet,16,Delivered,2
ORD001914,2023-06-01,05:42:11,CUST1166,Restaurant_22,North Indian,Hyderabad,940.15,82.51,0.0,1022.66,UPI,,Refunded,
ORD001915,2023-10-10,08:09:47,CUST8926,Restaurant_52,Italian,Chennai,522.02,20.87,0.0,542.89,Debit Card,46,Delivered,4
ORD001916,2023-04-18,12:28:09,CUST7127,Restaurant_70,Street Food,Bengaluru,170.79,89.59,0.0,260.38,Debit Card,63,Delivered,1
ORD001917,2023-03-13,15:16:06,CUST7078,Restaurant_57,Beverages,Mumbai,1490.57,59.0,0.0,1549.57,UPI,31,Delivered,5
ORD001918,2023-11-04,13:06:55,CUST6056,Restaurant_66,South Indian,Bengaluru,734.01,45.38,0.0,779.39,Debit Card,47,Delivered,3
ORD001919,2023-05-16,10:45:54,CUST3125,Restaurant_37,Street Food,Pune,613.23,62.57,0.0,675.8,Debit Card,57,Delivered,1
ORD001920,2023-04-01,04:02:10,CUST4365,Restaurant_89,Street Food,Kolkata,1040.15,22.4,0.0,1062.55,Cash on Delivery,25,Delivered,5
ORD001921,2023-03-28,23:45:56,CUST1750,Restaurant_90,North Indian,Jaipur,1470.24,28.53,85.49,1413.28,UPI,31,Delivered,3
ORD001922,2023-01-23,01:47:02,CUST6896,Restaurant_100,North Indian,Pune,592.66,29.4,0.0,622.06,Wallet,58,Delivered,4
ORD001923,2023-01-31,10:25:13,CUST1597,Restaurant_2,Desserts,Kolkata,1256.13,63.86,0.0,1319.99,UPI,53,Delivered,2
ORD001924,2023-06-18,22:26:25,CUST4512,Restaurant_69,Biryani,Lucknow,727.92,60.41,0.0,788.33,Debit Card,39,Delivered,3
ORD001925,2023-10-16,19:30:23,CUST8047,Restaurant_96,South Indian,Lucknow,1391.99,25.02,0.0,1417.01,UPI,20,Delivered,2
ORD001926,2023-09-20,20:23:32,CUST6949,Restaurant_3,Italian,Chennai,810.41,71.43,108.88,772.96,Debit Card,20,Delivered,4
ORD001927,2023-08-10,12:49:03,CUST1839,Restaurant_88,Street Food,Ahmedabad,185.22,73.7,0.0,258.92,Debit Card,43,Delivered,5
ORD001928,2023-09-28,15:04:38,CUST4587,Restaurant_46,Beverages,Mumbai,1200.78,97.93,107.83,1190.88,Cash on Delivery,,Cancelled,
ORD001929,2023-04-09,22:42:42,CUST7173,Restaurant_44,South Indian,Pune,316.25,71.06,0.0,387.31,Wallet,42,Delivered,
ORD001930,2023-08-16,06:46:34,CUST2617,Restaurant_68,Chinese,Chennai,464.6,43.42,0.0,508.02,Cash on Delivery,25,Delivered,3
ORD001931,2023-05-21,13:31:04,CUST8399,Restaurant_80,Healthy Food,Kolkata,528.69,23.19,19.59,532.29,UPI,,Refunded,
ORD001932,2023-06-07,12:15:37,CUST7322,Restaurant_57,Beverages,Jaipur,350.84,49.35,24.25,375.94,UPI,28,Delivered,2
ORD001933,2023-05-28,20:38:32,CUST7285,Restaurant_6,South Indian,Pune,460.67,50.75,0.0,511.42,Wallet,16,Delivered,5
ORD001934,2023-01-20,08:36:41,CUST4026,Restaurant_86,Street Food,Lucknow,302.8,69.6,14.67,357.73,Credit Card,32,Delivered,4
ORD001935,2023-06-23,00:48:37,CUST2738,Restaurant_12,South Indian,Kolkata,626.91,24.98,0.0,651.89,Cash on Delivery,,Cancelled,
ORD001936,2023-12-12,04:26:58,CUST7148,Restaurant_46,North Indian,Kolkata,428.3,56.37,0.0,484.67,Wallet,63,Delivered,
ORD001937,2023-05-05,18:41:46,CUST2319,Restaurant_33,Desserts,Lucknow,219.51,45.9,0.0,265.41,Cash on Delivery,15,Delivered,
ORD001938,2023-06-30,08:37:42,CUST9032,Restaurant_39,Beverages,Chennai,546.08,20.67,0.0,566.75,Credit Card,,Cancelled,
ORD001939,2023-04-10,08:18:27,CUST7176,Restaurant_17,South Indian,Mumbai,1047.12,87.88,0.0,1135.0,Wallet,,Cancelled,
ORD001940,2023-12-02,00:13:46,CUST7879,Restaurant_5,Healthy Food,Chennai,306.22,44.83,0.0,351.05,Wallet,63,Delivered,1
ORD001941,2023-11-25,00:26:33,CUST1536,Restaurant_29,Italian,Bengaluru,796.57,93.54,0.0,890.11,Cash on Delivery,26,Delivered,4
ORD001942,2023-10-21,09:39:55,CUST9138,Restaurant_94,Desserts,Kolkata,875.99,91.53,0.0,967.52,Credit Card,,Refunded,
ORD001943,2023-04-13,21:33:21,CUST4085,Restaurant_2,Chinese,Mumbai,1044.57,59.2,128.63,975.14,Cash on Delivery,26,Delivered,2
ORD001944,2023-10-15,01:07:08,CUST1325,Restaurant_51,Desserts,Ahmedabad,230.8,93.49,42.91,281.38,Credit Card,,Cancelled,
ORD001945,2023-10-04,14:47:51,CUST8033,Restaurant_60,South Indian,Delhi,1010.34,85.49,0.0,1095.83,Wallet,19,Delivered,5
ORD001946,2023-01-08,16:23:52,CUST4995,Restaurant_42,Fast Food,Delhi,1436.44,90.52,0.0,1526.96,UPI,,Refunded,
ORD001947,2023-07-21,03:11:47,CUST3826,Restaurant_67,Desserts,Lucknow,1390.11,78.39,0.0,1468.5,Wallet,46,Delivered,1
ORD001948,2023-06-18,00:38:51,CUST1803,Restaurant_45,Italian,Kolkata,657.19,85.13,0.0,742.32,Debit Card,,Refunded,
ORD001949,2023-01-28,01:11:26,CUST3973,Restaurant_72,Fast Food,Ahmedabad,1076.21,92.13,0.0,1168.34,Debit Card,28,Delivered,5
ORD001950,2023-11-06,13:37:23,CUST3562,Restaurant_76,Chinese,Chennai,460.52,89.37,0.0,549.89,Credit Card,,Cancelled,
ORD001951,2023-07-30,05:25:17,CUST9542,Restaurant_37,Italian,Delhi,1432.62,21.99,70.6,1384.01,Debit Card,18,Delivered,
ORD001952,2023-05-12,05:56:23,CUST4902,Restaurant_29,Chinese,Delhi,536.21,69.66,0.0,605.87,Wallet,,Cancelled,
ORD001953,2023-03-21,07:31:18,CUST5603,Restaurant_1,Healthy Food,Lucknow,460.92,41.98,66.59,436.31,UPI,18,Delivered,4
ORD001954,2023-12-24,08:17:00,CUST8780,Restaurant_37,Street Food,Delhi,880.08,51.17,0.0,931.25,UPI,26,Delivered,3
ORD001955,2023-05-27,16:37:04,CUST9859,Restaurant_24,Healthy Food,Pune,884.14,55.69,0.0,939.83,Debit Card,36,Delivered,1
ORD001956,2023-09-27,08:15:24,CUST5282,Restaurant_100,Fast Food,Kolkata,1381.74,85.92,0.0,1467.66,Wallet,35,Delivered,5
ORD001957,2023-09-08,05:48:13,CUST3279,Restaurant_65,Biryani,Delhi,684.2,58.57,0.0,742.77,UPI,,Refunded,
ORD001958,2023-09-17,17:45:36,CUST9154,Restaurant_88,Chinese,Mumbai,1457.06,97.92,0.0,1554.98,Credit Card,25,Delivered,1
ORD001959,2023-09-20,00:13:38,CUST2421,Restaurant_8,Desserts,Chennai,230.95,50.47,0.0,281.42,Wallet,33,Delivered,1
ORD001960,2023-09-16,05:00:29,CUST5059,Restaurant_27,Street Food,Mumbai,215.57,30.5,123.73,122.34,Credit Card,,Cancelled,
ORD001961,2023-12-08,09:45:26,CUST9073,Restaurant_96,Chinese,Delhi,429.98,95.0,0.0,524.98,UPI,38,Delivered,5
ORD001962,2023-10-28,01:14:05,CUST2807,Restaurant_17,Fast Food,Delhi,1289.1,22.56,0.0,1311.66,Wallet,42,Delivered,5
ORD001963,2023-08-26,21:42:58,CUST7476,Restaurant_43,Chinese,Mumbai,686.84,79.15,0.0,765.99,Debit Card,44,Delivered,5
ORD001964,2023-03-27,23:28:24,CUST5980,Restaurant_9,Desserts,Hyderabad,521.97,83.62,0.0,605.59,UPI,60,Delivered,4
ORD001965,2023-11-04,12:42:09,CUST9807,Restaurant_32,Beverages,Jaipur,610.92,78.5,64.54,624.88,Wallet,,Refunded,
ORD001966,2023-08-02,06:51:40,CUST1772,Restaurant_96,Italian,Hyderabad,1062.8,92.53,107.96,1047.37,Cash on Delivery,,Refunded,
ORD001967,2023-02-08,18:31:44,CUST2918,Restaurant_79,Italian,Lucknow,292.55,59.3,0.0,351.85,UPI,,Cancelled,
ORD001968,2023-01-29,16:23:20,CUST5381,Restaurant_97,Desserts,Jaipur,177.69,60.75,124.27,114.17,UPI,27,Delivered,5
ORD001969,2023-09-30,18:00:59,CUST1921,Restaurant_21,Street Food,Chennai,1275.24,54.08,121.47,1207.85,Debit Card,41,Delivered,3
ORD001970,2023-07-28,16:28:12,CUST8339,Restaurant_12,Chinese,Mumbai,688.52,78.79,92.44,674.87,Cash on Delivery,34,Delivered,2
ORD001971,2023-10-16,08:30:14,CUST5705,Restaurant_98,South Indian,Bengaluru,1229.54,41.76,0.0,1271.3,Debit Card,,Refunded,
ORD001972,2023-09-27,11:10:11,CUST8799,Restaurant_27,Desserts,Bengaluru,593.25,50.18,49.16,594.27,Cash on Delivery,,Cancelled,
ORD001973,2023-09-23,13:52:34,CUST7171,Restaurant_34,Healthy Food,Bengaluru,546.2,76.0,0.0,622.2,Cash on Delivery,,Cancelled,
ORD001974,2023-05-06,10:10:25,CUST8023,Restaurant_1,Street Food,Pune,1111.97,68.49,0.0,1180.46,Cash on Delivery,,Refunded,
ORD001975,2023-03-19,12:45:46,CUST4590,Restaurant_80,Beverages,Ahmedabad,188.29,64.66,0.0,252.95,UPI,63,Delivered,4
ORD001976,2023-07-14,16:00:45,CUST5554,Restaurant_92,Street Food,Ahmedabad,498.86,55.08,140.06,413.88,Cash on Delivery,,Refunded,
ORD001977,2023-08-25,23:35:52,CUST8234,Restaurant_64,Biryani,Kolkata,1338.06,30.54,0.0,1368.6,Credit Card,,Refunded,
ORD001978,2023-02-25,11:46:22,CUST4207,Restaurant_33,Desserts,Hyderabad,150.18,37.31,0.0,187.49,UPI,21,Delivered,4
ORD001979,2023-12-17,20:10:43,CUST6692,Restaurant_75,Desserts,Lucknow,937.36,55.38,12.57,980.17,Wallet,,Cancelled,
ORD001980,2023-04-22,07:58:12,CUST1539,Restaurant_99,Beverages,Pune,565.97,98.64,0.0,664.61,Wallet,56,Delivered,3
ORD001981,2023-10-04,11:21:11,CUST5505,Restaurant_53,Italian,Mumbai,278.43,85.34,25.27,338.5,Debit Card,36,Delivered,1
ORD001982,2023-08-06,08:28:06,CUST8122,Restaurant_29,Healthy Food,Hyderabad,1060.06,46.64,0.0,1106.7,Debit Card,15,Delivered,
ORD001983,2023-02-11,17:19:10,CUST3392,Restaurant_7,Desserts,Chennai,1373.15,71.28,141.33,1303.1,Cash on Delivery,,Cancelled,
ORD001984,2023-12-07,11:44:21,CUST1620,Restaurant_74,Desserts,Chennai,1067.02,32.32,0.0,1099.34,Credit Card,,Refunded,
ORD001985,2023-05-27,22:02:46,CUST7202,Restaurant_19,Fast Food,Jaipur,853.43,69.58,12.75,910.26,Wallet,19,Delivered,1
ORD001986,2023-08-04,16:02:04,CUST8224,Restaurant_30,Desserts,Pune,558.07,98.61,0.0,656.68,Cash on Delivery,33,Delivered,2
ORD001987,2023-07-07,17:11:43,CUST9789,Restaurant_15,North Indian,Delhi,428.5,38.17,0.0,466.67,Wallet,64,Delivered,2
ORD001988,2023-09-02,07:24:38,CUST5954,Restaurant_94,Street Food,Bengaluru,1230.53,61.37,0.0,1291.9,Debit Card,21,Delivered,5
ORD001989,2023-08-03,06:14:53,CUST5160,Restaurant_46,Italian,Jaipur,155.65,66.72,0.0,222.37,Debit Card,,Cancelled,
ORD001990,2023-11-16,06:23:50,CUST7303,Restaurant_23,Fast Food,Chennai,1284.52,24.93,0.0,1309.45,Credit Card,,Cancelled,
ORD001991,2023-04-25,16:30:13,CUST1495,Restaurant_64,Desserts,Jaipur,1066.0,56.65,0.0,1122.65,UPI,,Cancelled,
ORD001992,2023-01-09,10:10:28,CUST8272,Restaurant_69,North Indian,Kolkata,456.0,42.44,27.22,471.22,Credit Card,20,Delivered,4
ORD001993,2023-03-11,12:39:51,CUST4867,Restaurant_2,South Indian,Jaipur,577.4,42.63,81.6,538.43,Wallet,,Cancelled,
ORD001994,2023-09-06,10:29:28,CUST7205,Restaurant_99,Street Food,Hyderabad,986.31,89.28,0.0,1075.59,Credit Card,21,Delivered,3
ORD001995,2023-10-29,05:12:56,CUST1754,Restaurant_64,Beverages,Lucknow,1325.48,65.65,0.0,1391.13,Wallet,15,Delivered,4
ORD001996,2023-12-12,09:19:36,CUST1245,Restaurant_48,Chinese,Lucknow,1426.37,32.52,96.43,1362.46,UPI,40,Delivered,
ORD001997,2023-11-25,09:19:20,CUST6712,Restaurant_19,Desserts,Delhi,978.86,32.6,66.96,944.5,Wallet,37,Delivered,3
ORD001998,2023-01-07,08:41:53,CUST6065,Restaurant_50,North Indian,Chennai,507.51,56.41,0.0,563.92,Wallet,50,Delivered,1
ORD001999,2023-11-06,14:12:18,CUST7199,Restaurant_8,Biryani,Mumbai,260.43,98.29,0.0,358.72,UPI,,Cancelled,
ORD002000,2023-12-17,06:01:49,CUST6999,Restaurant_100,Beverages,Kolkata,207.04,35.07,52.5,189.61,Credit Card,46,Delivered,1
ORD002001,2023-10-02,02:58:28,CUST6990,Restaurant_43,North Indian,Delhi,488.1,63.98,0.0,552.08,Wallet,35,Delivered,2
ORD002002,2023-07-06,13:56:09,CUST3326,Restaurant_2,Desserts,Delhi,842.42,29.2,0.0,871.62,Credit Card,34,Delivered,1
ORD002003,2023-12-03,09:14:46,CUST7244,Restaurant_9,Chinese,Ahmedabad,636.27,97.52,0.0,733.79,Debit Card,,Cancelled,
ORD002004,2023-05-22,21:12:12,CUST1579,Restaurant_21,Biryani,Delhi,1318.85,32.98,0.0,1351.83,Debit Card,15,Delivered,
ORD002005,2023-06-05,23:17:07,CUST7730,Restaurant_5,Biryani,Hyderabad,1335.92,43.88,24.09,1355.71,Wallet,52,Delivered,
ORD002006,2023-06-13,21:29:54,CUST8753,Restaurant_23,Chinese,Ahmedabad,278.14,27.75,0.0,305.89,Wallet,53,Delivered,1
ORD002007,2023-12-21,03:31:47,CUST2728,Restaurant_78,Street Food,Mumbai,791.29,57.8,0.0,849.09,Cash on Delivery,27,Delivered,5
ORD002008,2023-09-27,13:40:03,CUST2829,Restaurant_79,Desserts,Ahmedabad,744.88,26.27,0.0,771.15,Credit Card,,Refunded,
ORD002009,2023-09-20,15:46:01,CUST7445,Restaurant_14,Beverages,Jaipur,1272.11,84.58,0.0,1356.69,Cash on Delivery,65,Delivered,3
ORD002010,2023-02-15,07:49:21,CUST9105,Restaurant_7,Italian,Lucknow,478.91,86.25,127.59,437.57,UPI,63,Delivered,3
ORD002011,2023-11-04,00:31:59,CUST7218,Restaurant_43,Desserts,Jaipur,949.07,45.64,0.0,994.71,Credit Card,58,Delivered,4
ORD002012,2023-10-19,08:30:52,CUST4169,Restaurant_16,Beverages,Jaipur,1364.17,45.94,0.0,1410.11,Cash on Delivery,45,Delivered,
ORD002013,2023-08-15,20:45:01,CUST8009,Restaurant_31,Healthy Food,Hyderabad,1184.87,98.63,0.0,1283.5,Wallet,53,Delivered,4
ORD002014,2023-09-09,03:18:52,CUST5256,Restaurant_20,Fast Food,Chennai,792.22,23.22,0.0,815.44,Wallet,59,Delivered,5
ORD002015,2023-06-03,09:24:04,CUST3455,Restaurant_83,Healthy Food,Kolkata,860.04,57.55,61.92,855.67,Wallet,33,Delivered,5
ORD002016,2023-11-28,23:04:43,CUST7548,Restaurant_56,Beverages,Chennai,1214.55,74.22,125.94,1162.83,Credit Card,46,Delivered,
ORD002017,2023-11-19,23:29:24,CUST9699,Restaurant_38,Desserts,Bengaluru,1477.61,23.96,101.08,1400.49,Wallet,18,Delivered,2
ORD002018,2023-05-28,07:57:25,CUST5084,Restaurant_97,Healthy Food,Jaipur,337.82,61.13,66.84,332.11,Credit Card,43,Delivered,1
ORD002019,2023-10-01,04:21:49,CUST3085,Restaurant_99,Fast Food,Hyderabad,598.03,40.3,76.77,561.56,Credit Card,15,Delivered,1
ORD002020,2023-06-28,05:40:39,CUST6447,Restaurant_93,Street Food,Jaipur,874.26,48.25,0.0,922.51,UPI,,Cancelled,
ORD002021,2023-11-03,20:35:28,CUST7488,Restaurant_67,Street Food,Lucknow,1252.53,72.68,28.05,1297.16,Cash on Delivery,,Refunded,
ORD002022,2023-08-29,04:20:12,CUST4957,Restaurant_44,Desserts,Mumbai,463.35,96.53,0.0,559.88,UPI,61,Delivered,1
ORD002023,2023-05-16,00:54:36,CUST6871,Restaurant_44,Desserts,Hyderabad,240.34,47.08,137.59,149.83,UPI,,Cancelled,
ORD002024,2023-06-11,12:22:02,CUST9971,Restaurant_41,Biryani,Delhi,417.86,73.86,75.51,416.21,Debit Card,27,Delivered,1
ORD002025,2023-12-05,13:15:55,CUST3156,Restaurant_48,Fast Food,Bengaluru,1209.71,31.55,0.0,1241.26,UPI,29,Delivered,5
ORD002026,2023-02-08,07:12:21,CUST2427,Restaurant_39,South Indian,Chennai,1337.36,98.88,75.39,1360.85,Cash on Delivery,38,Delivered,5
ORD002027,2023-10-04,04:52:08,CUST1753,Restaurant_12,Italian,Bengaluru,1332.28,31.91,45.07,1319.12,UPI,,Refunded,
ORD002028,2023-10-05,13:02:31,CUST5064,Restaurant_63,Beverages,Mumbai,996.46,57.57,0.0,1054.03,Credit Card,,Cancelled,
ORD002029,2023-02-03,14:07:01,CUST4601,Restaurant_44,Desserts,Mumbai,1472.59,21.22,0.0,1493.81,Wallet,,Refunded,
ORD002030,2023-07-02,01:18:40,CUST4672,Restaurant_34,Italian,Ahmedabad,507.88,72.4,0.0,580.28,Cash on Delivery,,Cancelled,
ORD002031,2023-01-24,18:23:21,CUST4606,Restaurant_1,Biryani,Chennai,1491.74,91.4,13.41,1569.73,Wallet,26,Delivered,5
ORD002032,2023-03-26,11:52:29,CUST9154,Restaurant_51,Biryani,Delhi,1289.51,77.81,115.91,1251.41,Cash on Delivery,,Refunded,
ORD002033,2023-12-13,13:09:25,CUST9849,Restaurant_69,North Indian,Hyderabad,1343.93,51.78,0.0,1395.71,UPI,,Refunded,
ORD002034,2023-09-18,12:32:27,CUST9671,Restaurant_90,Beverages,Chennai,1006.62,30.7,55.69,981.63,Credit Card,22,Delivered,5
ORD002035,2023-10-13,22:29:19,CUST5512,Restaurant_2,Healthy Food,Pune,949.62,90.94,0.0,1040.56,Cash on Delivery,61,Delivered,5
ORD002036,2023-04-15,02:34:27,CUST4710,Restaurant_29,North Indian,Ahmedabad,703.8,49.6,0.0,753.4,UPI,45,Delivered,1
ORD002037,2023-12-16,20:25:45,CUST1496,Restaurant_88,South Indian,Chennai,327.19,37.88,0.0,365.07,UPI,,Cancelled,
ORD002038,2023-01-01,15:46:26,CUST4690,Restaurant_64,Beverages,Mumbai,1318.84,88.45,0.0,1407.29,UPI,47,Delivered,4
ORD002039,2023-10-07,02:46:30,CUST9125,Restaurant_33,North Indian,Jaipur,258.08,71.29,10.56,318.81,Debit Card,56,Delivered,
ORD002040,2023-08-30,21:43:22,CUST7959,Restaurant_35,Street Food,Kolkata,1254.43,25.21,0.0,1279.64,Credit Card,50,Delivered,
ORD002041,2023-04-29,07:45:04,CUST9766,Restaurant_32,Fast Food,Kolkata,935.92,64.54,0.0,1000.46,Cash on Delivery,18,Delivered,4
ORD002042,2023-01-12,20:09:14,CUST3863,Restaurant_84,Desserts,Hyderabad,737.69,96.59,122.95,711.33,Debit Card,55,Delivered,
ORD002043,2023-11-12,01:04:35,CUST3491,Restaurant_91,Italian,Bengaluru,887.52,51.18,0.0,938.7,Wallet,29,Delivered,4
ORD002044,2023-11-23,13:35:32,CUST6519,Restaurant_57,Beverages,Ahmedabad,836.97,85.95,139.97,782.95,Credit Card,60,Delivered,5
ORD002045,2023-12-03,04:56:02,CUST3925,Restaurant_56,Beverages,Bengaluru,1191.58,70.99,103.19,1159.38,Debit Card,57,Delivered,3
ORD002046,2023-06-28,13:38:00,CUST6604,Restaurant_27,Fast Food,Mumbai,809.84,91.0,0.0,900.84,Cash on Delivery,62,Delivered,2
ORD002047,2023-11-05,18:26:31,CUST4818,Restaurant_96,North Indian,Hyderabad,1022.39,33.52,0.0,1055.91,UPI,,Cancelled,
ORD002048,2023-11-04,19:43:47,CUST6524,Restaurant_53,South Indian,Ahmedabad,1402.93,50.58,125.68,1327.83,Credit Card,58,Delivered,4
ORD002049,2023-04-29,12:01:11,CUST9713,Restaurant_74,Fast Food,Pune,751.67,79.28,0.0,830.95,Wallet,,Cancelled,
ORD002050,2023-03-30,22:23:38,CUST2029,Restaurant_69,Biryani,Mumbai,1220.59,52.98,121.46,1152.11,Credit Card,64,Delivered,
ORD002051,2023-12-08,08:18:14,CUST9397,Restaurant_33,South Indian,Hyderabad,1275.27,55.82,0.0,1331.09,Wallet,55,Delivered,3
ORD002052,2023-04-24,20:48:06,CUST8596,Restaurant_37,Italian,Lucknow,1336.95,31.74,47.64,1321.05,Debit Card,28,Delivered,4
ORD002053,2023-07-17,21:57:10,CUST6867,Restaurant_60,Beverages,Bengaluru,323.86,47.11,0.0,370.97,UPI,,Cancelled,
ORD002054,2023-08-28,08:32:37,CUST4256,Restaurant_90,Biryani,Kolkata,229.07,50.17,0.0,279.24,Wallet,,Refunded,
ORD002055,2023-12-21,22:30:46,CUST2938,Restaurant_36,Street Food,Pune,716.09,40.39,0.0,756.48,Wallet,43,Delivered,5
ORD002056,2023-07-17,03:55:35,CUST4794,Restaurant_2,Italian,Pune,178.57,21.36,0.0,199.93,UPI,25,Delivered,
ORD002057,2023-10-29,00:13:46,CUST4370,Restaurant_71,Chinese,Bengaluru,676.09,45.32,0.0,721.41,Cash on Delivery,16,Delivered,5
ORD002058,2023-04-10,21:20:04,CUST7385,Restaurant_19,Beverages,Ahmedabad,399.06,36.87,0.0,435.93,Wallet,57,Delivered,
ORD002059,2023-09-26,22:43:15,CUST9229,Restaurant_25,Healthy Food,Chennai,1052.5,34.83,0.0,1087.33,Wallet,44,Delivered,2
ORD002060,2023-02-02,08:08:46,CUST9890,Restaurant_39,Desserts,Jaipur,178.99,85.33,100.01,164.31,Credit Card,49,Delivered,
ORD002061,2023-05-22,11:04:54,CUST7683,Restaurant_26,Desserts,Kolkata,1017.71,58.83,0.0,1076.54,Debit Card,,Refunded,
ORD002062,2023-06-14,08:18:24,CUST4795,Restaurant_62,Chinese,Bengaluru,1282.76,83.57,0.0,1366.33,UPI,,Cancelled,
ORD002063,2023-06-30,23:57:13,CUST6365,Restaurant_27,South Indian,Ahmedabad,695.73,90.36,0.0,786.09,Credit Card,65,Delivered,4
ORD002064,2023-02-18,10:42:40,CUST6247,Restaurant_30,Street Food,Delhi,288.81,51.86,56.29,284.38,Debit Card,23,Delivered,2
ORD002065,2023-10-08,01:38:43,CUST1460,Restaurant_86,Biryani,Bengaluru,752.76,25.43,0.0,778.19,UPI,53,Delivered,5
ORD002066,2023-11-30,13:57:18,CUST2419,Restaurant_79,Fast Food,Kolkata,291.12,37.62,0.0,328.74,Debit Card,22,Delivered,2
ORD002067,2023-09-18,01:39:02,CUST1798,Restaurant_12,North Indian,Kolkata,1235.99,75.65,0.0,1311.64,UPI,34,Delivered,5
ORD002068,2023-01-22,04:54:25,CUST1216,Restaurant_86,Chinese,Ahmedabad,871.84,58.32,37.39,892.77,Debit Card,,Refunded,
ORD002069,2023-10-18,20:25:45,CUST7131,Restaurant_33,North Indian,Pune,819.18,76.76,57.47,838.47,Wallet,63,Delivered,
ORD002070,2023-04-27,05:26:35,CUST2208,Restaurant_76,Healthy Food,Hyderabad,1376.56,61.07,117.33,1320.3,Wallet,,Cancelled,
ORD002071,2023-03-16,03:32:50,CUST3797,Restaurant_61,Healthy Food,Jaipur,1219.12,96.31,0.0,1315.43,Debit Card,,Cancelled,
ORD002072,2023-03-16,22:21:01,CUST4932,Restaurant_25,Beverages,Hyderabad,555.83,52.13,98.36,509.6,Wallet,,Cancelled,
ORD002073,2023-10-08,03:33:09,CUST5109,Restaurant_88,Desserts,Jaipur,602.59,69.51,0.0,672.1,Cash on Delivery,20,Delivered,4
ORD002074,2023-12-06,12:32:52,CUST7088,Restaurant_56,South Indian,Lucknow,1046.62,78.6,0.0,1125.22,Debit Card,57,Delivered,5
ORD002075,2023-11-24,07:23:03,CUST1164,Restaurant_31,Healthy Food,Lucknow,1258.94,86.97,0.0,1345.91,Wallet,46,Delivered,
ORD002076,2023-03-01,21:38:38,CUST9798,Restaurant_36,Italian,Bengaluru,390.98,21.44,135.83,276.59,Wallet,63,Delivered,
ORD002077,2023-09-22,10:22:52,CUST7246,Restaurant_5,Beverages,Ahmedabad,1433.37,57.11,0.0,1490.48,UPI,23,Delivered,1
ORD002078,2023-05-20,11:25:18,CUST1153,Restaurant_70,North Indian,Hyderabad,1447.92,56.27,0.0,1504.19,Wallet,41,Delivered,5
ORD002079,2023-04-12,16:40:30,CUST1017,Restaurant_76,South Indian,Hyderabad,1304.25,90.83,127.44,1267.64,UPI,55,Delivered,
ORD002080,2023-08-21,15:47:28,CUST6441,Restaurant_26,Chinese,Lucknow,604.56,85.57,0.0,690.13,Wallet,61,Delivered,5
ORD002081,2023-06-24,06:56:33,CUST9700,Restaurant_59,Desserts,Kolkata,234.24,89.58,0.0,323.82,Wallet,24,Delivered,4
ORD002082,2023-10-10,21:01:19,CUST5767,Restaurant_98,Healthy Food,Mumbai,158.94,40.81,0.0,199.75,Debit Card,50,Delivered,1
ORD002083,2023-04-23,04:36:58,CUST7930,Restaurant_48,Healthy Food,Lucknow,189.94,85.95,0.0,275.89,UPI,21,Delivered,4
ORD002084,2023-01-27,10:33:59,CUST3197,Restaurant_63,Desserts,Ahmedabad,785.99,51.41,0.0,837.4,Debit Card,52,Delivered,
ORD002085,2023-09-25,03:24:57,CUST5826,Restaurant_99,Desserts,Chennai,260.88,68.08,0.0,328.96,UPI,27,Delivered,3
ORD002086,2023-11-20,22:42:49,CUST5878,Restaurant_28,North Indian,Ahmedabad,1334.2,74.01,90.06,1318.15,Wallet,61,Delivered,3
ORD002087,2023-09-25,06:57:36,CUST5146,Restaurant_94,North Indian,Ahmedabad,1096.74,80.93,0.0,1177.67,Wallet,53,Delivered,2
ORD002088,2023-10-09,11:24:30,CUST7970,Restaurant_16,Healthy Food,Ahmedabad,751.58,93.09,0.0,844.67,Credit Card,16,Delivered,3
ORD002089,2023-08-04,08:29:56,CUST1518,Restaurant_60,South Indian,Mumbai,1381.59,59.44,0.0,1441.03,Credit Card,63,Delivered,4
ORD002090,2023-01-18,18:47:47,CUST3657,Restaurant_36,Italian,Pune,1354.49,61.36,118.31,1297.54,Debit Card,,Refunded,
ORD002091,2023-03-22,08:24:11,CUST2106,Restaurant_50,Fast Food,Lucknow,320.46,82.2,39.19,363.47,Wallet,47,Delivered,2
ORD002092,2023-03-08,10:20:46,CUST9700,Restaurant_42,South Indian,Lucknow,562.21,65.04,0.0,627.25,Debit Card,18,Delivered,
ORD002093,2023-10-26,05:15:00,CUST8655,Restaurant_68,Biryani,Ahmedabad,1271.02,69.37,0.0,1340.39,UPI,26,Delivered,
ORD002094,2023-01-31,15:03:46,CUST6387,Restaurant_74,Street Food,Lucknow,1134.42,90.84,0.0,1225.26,Cash on Delivery,62,Delivered,
ORD002095,2023-06-28,18:22:08,CUST1125,Restaurant_71,Biryani,Mumbai,1364.72,86.07,137.19,1313.6,UPI,40,Delivered,2
ORD002096,2023-06-02,01:40:08,CUST7010,Restaurant_28,Healthy Food,Delhi,1493.67,21.9,0.0,1515.57,Cash on Delivery,41,Delivered,3
ORD002097,2023-08-12,12:21:22,CUST4993,Restaurant_99,Fast Food,Delhi,180.6,78.21,17.66,241.15,UPI,57,Delivered,4
ORD002098,2023-01-13,17:24:48,CUST8889,Restaurant_54,Street Food,Hyderabad,1356.46,87.77,0.0,1444.23,Cash on Delivery,,Refunded,
ORD002099,2023-05-28,13:36:01,CUST8293,Restaurant_33,Street Food,Hyderabad,570.0,84.06,0.0,654.06,UPI,54,Delivered,4
ORD002100,2023-01-19,16:25:24,CUST3979,Restaurant_85,Street Food,Jaipur,1318.69,83.22,0.0,1401.91,Debit Card,59,Delivered,2
ORD002101,2023-09-05,15:57:37,CUST4311,Restaurant_63,South Indian,Chennai,1011.72,81.05,0.0,1092.77,Wallet,29,Delivered,
ORD002102,2023-01-27,07:59:24,CUST1332,Restaurant_93,Desserts,Pune,701.19,89.92,80.48,710.63,UPI,,Cancelled,
ORD002103,2023-11-13,20:06:39,CUST4099,Restaurant_35,Biryani,Pune,275.27,35.71,0.0,310.98,Debit Card,,Refunded,
ORD002104,2023-03-11,09:03:21,CUST9782,Restaurant_4,Chinese,Jaipur,450.27,63.83,0.0,514.1,Credit Card,57,Delivered,2
ORD002105,2023-08-11,21:03:14,CUST3523,Restaurant_14,Chinese,Jaipur,1443.75,42.07,0.0,1485.82,UPI,27,Delivered,3
ORD002106,2023-01-01,08:56:53,CUST3133,Restaurant_55,Beverages,Bengaluru,399.95,61.61,93.02,368.54,UPI,,Cancelled,
ORD002107,2023-02-28,00:47:56,CUST7468,Restaurant_71,Fast Food,Kolkata,1238.19,33.41,69.29,1202.31,Wallet,46,Delivered,2
ORD002108,2023-04-12,02:22:24,CUST8128,Restaurant_69,Fast Food,Hyderabad,749.27,69.41,0.0,818.68,UPI,,Cancelled,
ORD002109,2023-07-10,13:11:27,CUST5386,Restaurant_4,Biryani,Lucknow,923.35,91.29,0.0,1014.64,Cash on Delivery,30,Delivered,3
ORD002110,2023-05-17,09:13:11,CUST1193,Restaurant_55,Desserts,Delhi,627.02,72.75,0.0,699.77,Wallet,59,Delivered,
ORD002111,2023-12-03,02:28:13,CUST9233,Restaurant_79,Biryani,Mumbai,875.36,57.05,0.0,932.41,Debit Card,63,Delivered,2
ORD002112,2023-07-19,21:12:22,CUST2502,Restaurant_6,Healthy Food,Jaipur,1466.81,87.11,0.0,1553.92,Credit Card,59,Delivered,4
ORD002113,2023-01-17,22:06:07,CUST6335,Restaurant_64,Italian,Kolkata,1327.76,57.98,0.0,1385.74,Credit Card,45,Delivered,3
ORD002114,2023-07-21,01:21:54,CUST8036,Restaurant_83,Desserts,Kolkata,880.49,91.67,123.49,848.67,Debit Card,20,Delivered,
ORD002115,2023-12-07,17:49:01,CUST7433,Restaurant_60,Chinese,Chennai,280.82,80.79,103.26,258.35,Credit Card,52,Delivered,
ORD002116,2023-10-19,01:53:48,CUST2279,Restaurant_37,Desserts,Ahmedabad,779.38,25.33,0.0,804.71,Credit Card,43,Delivered,
ORD002117,2023-05-04,12:23:52,CUST1427,Restaurant_83,Italian,Bengaluru,202.81,22.04,119.8,105.05,Credit Card,63,Delivered,5
ORD002118,2023-01-21,02:03:38,CUST8407,Restaurant_51,Italian,Jaipur,1372.32,80.62,0.0,1452.94,Wallet,,Cancelled,
ORD002119,2023-07-11,16:33:51,CUST7676,Restaurant_79,Street Food,Pune,1114.49,67.08,135.56,1046.01,Wallet,,Refunded,
ORD002120,2023-09-07,13:14:20,CUST3286,Restaurant_28,Desserts,Chennai,1005.36,44.9,0.0,1050.26,Cash on Delivery,20,Delivered,4
ORD002121,2023-02-26,07:35:18,CUST5557,Restaurant_34,Desserts,Hyderabad,1310.59,68.79,0.0,1379.38,Wallet,,Refunded,
ORD002122,2023-11-21,16:17:38,CUST3658,Restaurant_69,Biryani,Bengaluru,536.75,93.04,0.0,629.79,Credit Card,62,Delivered,5
ORD002123,2023-05-15,13:57:40,CUST2584,Restaurant_94,Fast Food,Chennai,445.71,35.87,26.13,455.45,Debit Card,47,Delivered,3
ORD002124,2023-07-31,00:41:17,CUST6858,Restaurant_83,Chinese,Pune,564.05,66.24,0.0,630.29,UPI,26,Delivered,
ORD002125,2023-01-30,03:35:36,CUST1874,Restaurant_21,Fast Food,Pune,1491.11,23.06,142.42,1371.75,UPI,56,Delivered,3
ORD002126,2023-12-20,21:41:13,CUST3803,Restaurant_89,Fast Food,Jaipur,913.55,70.51,144.07,839.99,Debit Card,53,Delivered,1
ORD002127,2023-11-28,17:21:07,CUST3665,Restaurant_10,Desserts,Jaipur,1373.33,44.07,144.35,1273.05,Cash on Delivery,53,Delivered,5
ORD002128,2023-12-03,20:47:44,CUST8420,Restaurant_5,Fast Food,Chennai,1002.05,29.98,22.07,1009.96,Cash on Delivery,47,Delivered,5
ORD002129,2023-01-01,03:45:54,CUST8778,Restaurant_88,North Indian,Pune,833.71,96.81,70.73,859.79,Wallet,55,Delivered,2
ORD002130,2023-04-23,16:38:48,CUST5933,Restaurant_16,Chinese,Pune,1389.99,52.26,15.07,1427.18,Wallet,18,Delivered,4
ORD002131,2023-05-26,02:02:06,CUST6961,Restaurant_18,South Indian,Chennai,498.81,84.85,98.34,485.32,Cash on Delivery,25,Delivered,5
ORD002132,2023-03-21,23:16:12,CUST1720,Restaurant_42,Street Food,Delhi,1492.3,96.89,0.0,1589.19,Debit Card,59,Delivered,
ORD002133,2023-02-09,16:34:04,CUST1126,Restaurant_80,Healthy Food,Hyderabad,1300.91,36.45,0.0,1337.36,UPI,30,Delivered,1
ORD002134,2023-12-29,08:27:56,CUST6760,Restaurant_28,Biryani,Chennai,510.98,59.31,0.0,570.29,Cash on Delivery,56,Delivered,1
ORD002135,2023-08-22,01:47:41,CUST3760,Restaurant_88,Fast Food,Kolkata,1309.96,49.56,0.0,1359.52,Cash on Delivery,,Refunded,
ORD002136,2023-01-09,17:19:44,CUST4273,Restaurant_16,Italian,Jaipur,719.06,68.12,95.71,691.47,Cash on Delivery,28,Delivered,4
ORD002137,2023-11-29,11:38:38,CUST8233,Restaurant_28,South Indian,Delhi,631.53,73.43,0.0,704.96,Wallet,43,Delivered,2
ORD002138,2023-11-25,21:39:34,CUST9070,Restaurant_32,Street Food,Jaipur,1169.83,96.76,64.96,1201.63,Wallet,26,Delivered,1
ORD002139,2023-07-21,09:24:49,CUST8892,Restaurant_95,Beverages,Kolkata,1294.24,58.86,0.0,1353.1,Cash on Delivery,,Refunded,
ORD002140,2023-08-23,23:03:46,CUST8177,Restaurant_100,Italian,Kolkata,1128.98,46.2,39.28,1135.9,Debit Card,,Cancelled,
ORD002141,2023-04-05,02:37:49,CUST5407,Restaurant_86,Fast Food,Pune,305.15,57.77,0.0,362.92,Credit Card,50,Delivered,2
ORD002142,2023-07-08,04:37:56,CUST8196,Restaurant_47,Beverages,Mumbai,1241.05,89.78,0.0,1330.83,Cash on Delivery,27,Delivered,4
ORD002143,2023-12-21,23:03:33,CUST4879,Restaurant_89,Beverages,Hyderabad,912.14,21.36,0.0,933.5,UPI,,Refunded,
ORD002144,2023-03-30,05:44:02,CUST3867,Restaurant_70,Desserts,Kolkata,1293.66,71.73,95.92,1269.47,Wallet,,Cancelled,
ORD002145,2023-11-19,11:14:31,CUST8928,Restaurant_78,South Indian,Ahmedabad,459.22,93.34,89.82,462.74,Credit Card,27,Delivered,1
ORD002146,2023-04-21,11:42:09,CUST4684,Restaurant_37,Beverages,Hyderabad,800.47,95.37,116.43,779.41,Wallet,61,Delivered,2
ORD002147,2023-04-20,09:15:35,CUST9003,Restaurant_81,Beverages,Hyderabad,233.0,65.08,0.0,298.08,Credit Card,20,Delivered,3
ORD002148,2023-03-13,23:46:12,CUST5659,Restaurant_62,Chinese,Jaipur,1421.76,34.74,21.41,1435.09,UPI,,Cancelled,
ORD002149,2023-06-29,22:42:26,CUST4757,Restaurant_55,Italian,Kolkata,1229.11,48.57,0.0,1277.68,Wallet,37,Delivered,
ORD002150,2023-05-19,19:11:36,CUST4853,Restaurant_68,South Indian,Lucknow,914.52,65.42,37.69,942.25,Credit Card,,Refunded,
ORD002151,2023-09-09,01:51:31,CUST2013,Restaurant_31,Biryani,Mumbai,1261.57,57.34,0.0,1318.91,Cash on Delivery,47,Delivered,2
ORD002152,2023-04-28,05:12:43,CUST8420,Restaurant_82,Chinese,Hyderabad,1001.41,72.89,0.0,1074.3,UPI,35,Delivered,1
ORD002153,2023-07-20,07:48:05,CUST1005,Restaurant_36,Desserts,Hyderabad,287.62,51.39,55.22,283.79,Credit Card,29,Delivered,4
ORD002154,2023-10-14,07:02:52,CUST5629,Restaurant_89,North Indian,Mumbai,1113.84,71.12,120.95,1064.01,UPI,40,Delivered,4
ORD002155,2023-01-09,10:12:51,CUST8101,Restaurant_5,Italian,Chennai,232.63,43.59,0.0,276.22,Credit Card,,Refunded,
ORD002156,2023-07-25,20:54:25,CUST7182,Restaurant_87,Street Food,Hyderabad,1148.62,95.32,0.0,1243.94,Debit Card,,Refunded,
ORD002157,2023-01-23,22:38:54,CUST6334,Restaurant_31,Desserts,Pune,666.43,46.66,0.0,713.09,Credit Card,35,Delivered,1
ORD002158,2023-11-02,21:34:52,CUST3193,Restaurant_33,Desserts,Lucknow,567.91,78.32,0.0,646.23,Wallet,22,Delivered,1
ORD002159,2023-05-10,07:07:47,CUST7670,Restaurant_59,Healthy Food,Ahmedabad,1471.1,46.36,31.81,1485.65,Debit Card,55,Delivered,1
ORD002160,2023-11-21,06:15:09,CUST2086,Restaurant_95,Italian,Delhi,254.16,77.15,0.0,331.31,UPI,,Refunded,
ORD002161,2023-05-07,13:19:34,CUST9619,Restaurant_59,Desserts,Hyderabad,1166.98,38.48,11.07,1194.39,Debit Card,33,Delivered,2
ORD002162,2023-11-20,01:47:57,CUST6850,Restaurant_17,Healthy Food,Pune,529.26,60.48,130.8,458.94,UPI,,Refunded,
ORD002163,2023-09-21,17:33:40,CUST6232,Restaurant_5,Beverages,Kolkata,1036.34,38.82,0.0,1075.16,Debit Card,,Cancelled,
ORD002164,2023-03-04,06:43:40,CUST5461,Restaurant_1,Healthy Food,Chennai,286.07,20.65,0.0,306.72,Cash on Delivery,,Refunded,
ORD002165,2023-12-21,22:14:46,CUST7895,Restaurant_66,Chinese,Hyderabad,405.86,91.41,88.82,408.45,Debit Card,36,Delivered,2
ORD002166,2023-06-23,12:47:10,CUST8594,Restaurant_14,Italian,Hyderabad,1162.36,56.16,23.15,1195.37,Credit Card,15,Delivered,2
ORD002167,2023-04-09,16:15:08,CUST7607,Restaurant_23,Beverages,Kolkata,292.53,91.83,148.87,235.49,UPI,43,Delivered,
ORD002168,2023-06-10,23:39:25,CUST3870,Restaurant_24,Italian,Hyderabad,718.68,54.37,0.0,773.05,Credit Card,57,Delivered,3
ORD002169,2023-01-29,04:51:59,CUST3618,Restaurant_67,Street Food,Delhi,1457.21,36.94,0.0,1494.15,Cash on Delivery,34,Delivered,4
ORD002170,2023-06-19,13:57:06,CUST4148,Restaurant_23,South Indian,Jaipur,171.98,94.53,0.0,266.51,Wallet,,Refunded,
ORD002171,2023-05-07,06:45:31,CUST6475,Restaurant_67,Biryani,Jaipur,636.87,82.95,0.0,719.82,Wallet,23,Delivered,4
ORD002172,2023-11-08,22:22:05,CUST1826,Restaurant_85,Street Food,Hyderabad,192.7,90.5,0.0,283.2,Cash on Delivery,41,Delivered,5
ORD002173,2023-11-06,17:44:13,CUST2110,Restaurant_75,Beverages,Lucknow,1310.45,68.79,63.13,1316.11,UPI,,Cancelled,
ORD002174,2023-10-26,00:05:07,CUST3396,Restaurant_10,Italian,Ahmedabad,313.29,29.62,0.0,342.91,UPI,57,Delivered,2
ORD002175,2023-09-18,11:36:40,CUST8767,Restaurant_38,Chinese,Ahmedabad,1067.07,28.46,0.0,1095.53,Cash on Delivery,45,Delivered,2
ORD002176,2023-03-22,08:19:39,CUST8256,Restaurant_22,Chinese,Kolkata,461.58,86.76,50.69,497.65,Credit Card,21,Delivered,4
ORD002177,2023-10-17,02:43:26,CUST1615,Restaurant_46,Chinese,Bengaluru,1090.86,95.78,114.13,1072.51,Credit Card,,Cancelled,
ORD002178,2023-04-05,14:43:18,CUST1300,Restaurant_97,Street Food,Ahmedabad,1168.96,80.13,18.44,1230.65,UPI,60,Delivered,4
ORD002179,2023-12-16,13:57:31,CUST1625,Restaurant_55,Street Food,Mumbai,398.59,81.58,17.82,462.35,UPI,48,Delivered,3
ORD002180,2023-03-19,11:23:25,CUST3405,Restaurant_50,South Indian,Chennai,446.04,88.77,0.0,534.81,Cash on Delivery,33,Delivered,2
ORD002181,2023-01-15,23:56:00,CUST8675,Restaurant_78,North Indian,Delhi,900.67,77.95,95.75,882.87,UPI,59,Delivered,1
ORD002182,2023-11-23,21:40:48,CUST3814,Restaurant_62,Fast Food,Bengaluru,1054.22,89.65,0.0,1143.87,Credit Card,52,Delivered,5
ORD002183,2023-05-20,05:26:41,CUST8852,Restaurant_19,North Indian,Hyderabad,189.12,62.72,102.66,149.18,Credit Card,,Cancelled,
ORD002184,2023-09-22,01:57:28,CUST2113,Restaurant_45,Beverages,Ahmedabad,481.37,56.81,57.35,480.83,Credit Card,15,Delivered,5
ORD002185,2023-12-08,20:33:51,CUST7754,Restaurant_20,North Indian,Jaipur,676.17,46.07,0.0,722.24,Credit Card,23,Delivered,3
ORD002186,2023-09-09,00:27:30,CUST5546,Restaurant_5,Biryani,Jaipur,708.67,25.34,0.0,734.01,Credit Card,55,Delivered,2
ORD002187,2023-07-15,22:10:41,CUST7216,Restaurant_45,Chinese,Pune,227.36,97.88,0.0,325.24,Debit Card,52,Delivered,5
ORD002188,2023-06-07,22:26:40,CUST3745,Restaurant_39,Fast Food,Chennai,1160.32,28.86,0.0,1189.18,Debit Card,,Cancelled,
ORD002189,2023-08-06,13:02:17,CUST1539,Restaurant_76,Fast Food,Mumbai,922.74,63.55,101.77,884.52,Debit Card,,Refunded,
ORD002190,2023-02-12,10:44:45,CUST1962,Restaurant_20,Street Food,Delhi,1357.29,53.9,0.0,1411.19,Cash on Delivery,21,Delivered,2
ORD002191,2023-02-02,07:06:20,CUST9174,Restaurant_27,South Indian,Delhi,362.31,43.99,0.0,406.3,Credit Card,,Refunded,
ORD002192,2023-10-18,02:44:29,CUST1536,Restaurant_47,Biryani,Mumbai,813.1,94.82,105.12,802.8,Wallet,,Cancelled,
ORD002193,2023-05-16,08:28:26,CUST9897,Restaurant_5,Healthy Food,Hyderabad,863.19,37.26,0.0,900.45,UPI,26,Delivered,1
ORD002194,2023-01-17,03:33:59,CUST5147,Restaurant_79,Healthy Food,Chennai,282.18,44.31,0.0,326.49,Debit Card,45,Delivered,
ORD002195,2023-05-23,18:29:19,CUST2808,Restaurant_22,Chinese,Chennai,1308.25,36.52,65.08,1279.69,Credit Card,,Cancelled,
ORD002196,2023-09-20,09:51:53,CUST9150,Restaurant_91,Street Food,Kolkata,868.83,21.93,0.0,890.76,Cash on Delivery,45,Delivered,1
ORD002197,2023-06-13,19:22:14,CUST7918,Restaurant_13,Beverages,Bengaluru,332.21,26.88,0.0,359.09,Wallet,58,Delivered,
ORD002198,2023-10-06,19:53:47,CUST2343,Restaurant_21,Italian,Delhi,1456.61,56.65,0.0,1513.26,Debit Card,24,Delivered,
ORD002199,2023-06-25,09:52:34,CUST3763,Restaurant_67,Street Food,Chennai,719.43,33.28,0.0,752.71,Credit Card,,Refunded,
ORD002200,2023-08-25,13:25:54,CUST7983,Restaurant_47,South Indian,Hyderabad,866.21,94.95,0.0,961.16,Credit Card,24,Delivered,
ORD002201,2023-12-25,08:30:58,CUST9783,Restaurant_8,Italian,Delhi,613.95,95.92,0.0,709.87,UPI,25,Delivered,
ORD002202,2023-09-24,20:55:00,CUST1870,Restaurant_91,Italian,Delhi,161.16,53.71,0.0,214.87,Cash on Delivery,63,Delivered,4
ORD002203,2023-01-26,14:05:19,CUST5178,Restaurant_89,Desserts,Pune,1458.56,93.57,0.0,1552.13,Credit Card,,Refunded,
ORD002204,2023-08-28,18:30:21,CUST8992,Restaurant_24,Biryani,Bengaluru,1220.42,68.28,0.0,1288.7,Debit Card,18,Delivered,3
ORD002205,2023-08-27,00:34:30,CUST3663,Restaurant_26,Desserts,Kolkata,406.11,40.85,90.49,356.47,Debit Card,33,Delivered,5
ORD002206,2023-10-23,19:11:54,CUST1162,Restaurant_25,Italian,Lucknow,240.72,95.85,0.0,336.57,Wallet,59,Delivered,
ORD002207,2023-03-29,15:15:54,CUST5389,Restaurant_83,North Indian,Chennai,864.26,79.79,61.94,882.11,Wallet,,Cancelled,
ORD002208,2023-04-03,17:24:19,CUST2181,Restaurant_59,South Indian,Hyderabad,638.84,66.31,0.0,705.15,UPI,,Cancelled,
ORD002209,2023-10-30,07:42:00,CUST2154,Restaurant_96,Italian,Lucknow,1456.63,53.97,106.65,1403.95,Wallet,,Cancelled,
ORD002210,2023-01-12,06:56:17,CUST4784,Restaurant_34,North Indian,Lucknow,548.78,30.09,0.0,578.87,Cash on Delivery,15,Delivered,3
ORD002211,2023-11-05,03:55:24,CUST4812,Restaurant_95,Chinese,Chennai,430.39,38.8,0.0,469.19,UPI,64,Delivered,2
ORD002212,2023-10-22,04:36:49,CUST2101,Restaurant_78,North Indian,Bengaluru,553.18,63.97,0.0,617.15,Cash on Delivery,49,Delivered,4
ORD002213,2023-07-03,01:15:19,CUST4606,Restaurant_84,North Indian,Mumbai,522.79,24.29,103.11,443.97,UPI,63,Delivered,1
ORD002214,2023-11-05,15:53:54,CUST4877,Restaurant_82,South Indian,Hyderabad,1012.24,38.67,30.0,1020.91,Credit Card,35,Delivered,5
ORD002215,2023-02-09,00:26:24,CUST9890,Restaurant_76,Street Food,Delhi,1448.84,43.49,0.0,1492.33,Cash on Delivery,,Refunded,
ORD002216,2023-05-24,14:46:01,CUST3493,Restaurant_77,South Indian,Mumbai,512.53,86.95,0.0,599.48,Wallet,21,Delivered,4
ORD002217,2023-08-25,23:59:58,CUST4238,Restaurant_58,North Indian,Delhi,1085.04,57.42,0.0,1142.46,UPI,,Refunded,
ORD002218,2023-03-27,19:04:16,CUST7051,Restaurant_18,Biryani,Chennai,156.29,65.86,0.0,222.15,UPI,46,Delivered,
ORD002219,2023-08-18,11:06:22,CUST7631,Restaurant_3,Italian,Chennai,176.78,85.56,0.0,262.34,Cash on Delivery,42,Delivered,1
ORD002220,2023-01-07,17:29:26,CUST4587,Restaurant_93,South Indian,Jaipur,186.79,74.1,72.1,188.79,Credit Card,,Refunded,
ORD002221,2023-01-05,16:48:26,CUST5029,Restaurant_63,Biryani,Jaipur,372.62,28.72,0.0,401.34,UPI,15,Delivered,4
ORD002222,2023-10-24,23:24:21,CUST6865,Restaurant_39,Beverages,Delhi,957.4,56.1,0.0,1013.5,Wallet,16,Delivered,5
ORD002223,2023-10-30,18:04:53,CUST1819,Restaurant_48,Healthy Food,Chennai,1340.65,93.29,37.55,1396.39,UPI,,Cancelled,
ORD002224,2023-04-18,02:59:07,CUST7730,Restaurant_98,South Indian,Lucknow,1468.32,69.76,53.11,1484.97,Credit Card,19,Delivered,5
ORD002225,2023-12-17,17:35:40,CUST2504,Restaurant_77,Healthy Food,Pune,1235.82,50.82,0.0,1286.64,Debit Card,37,Delivered,5
ORD002226,2023-05-02,16:54:04,CUST8898,Restaurant_6,Italian,Mumbai,676.56,42.03,0.0,718.59,UPI,22,Delivered,
ORD002227,2023-05-05,12:32:25,CUST6138,Restaurant_50,Fast Food,Delhi,1028.46,47.94,121.75,954.65,Debit Card,21,Delivered,4
ORD002228,2023-11-05,04:23:50,CUST9421,Restaurant_59,South Indian,Chennai,740.45,77.98,0.0,818.43,Debit Card,,Refunded,
ORD002229,2023-06-06,05:12:27,CUST8744,Restaurant_16,South Indian,Jaipur,187.12,65.14,0.0,252.26,Cash on Delivery,19,Delivered,
ORD002230,2023-11-15,16:57:44,CUST3289,Restaurant_60,Fast Food,Bengaluru,598.74,73.79,145.96,526.57,Debit Card,36,Delivered,1
ORD002231,2023-11-18,11:05:43,CUST9075,Restaurant_32,Biryani,Bengaluru,968.44,94.66,0.0,1063.1,Credit Card,50,Delivered,3
ORD002232,2023-03-02,22:53:41,CUST4317,Restaurant_76,Street Food,Chennai,954.05,33.69,66.76,920.98,Cash on Delivery,55,Delivered,
ORD002233,2023-05-29,22:51:30,CUST8971,Restaurant_32,Italian,Kolkata,702.87,71.93,141.34,633.46,Debit Card,34,Delivered,
ORD002234,2023-01-22,07:43:37,CUST2402,Restaurant_90,Healthy Food,Kolkata,1426.45,94.41,0.0,1520.86,Wallet,62,Delivered,3
ORD002235,2023-10-30,19:35:08,CUST7012,Restaurant_8,Beverages,Hyderabad,1316.59,29.68,66.29,1279.98,Cash on Delivery,49,Delivered,
ORD002236,2023-02-13,07:08:46,CUST7370,Restaurant_18,Chinese,Ahmedabad,435.81,97.33,0.0,533.14,Cash on Delivery,,Refunded,
ORD002237,2023-09-10,14:49:27,CUST2338,Restaurant_4,Healthy Food,Mumbai,1255.86,32.72,0.0,1288.58,Wallet,,Cancelled,
ORD002238,2023-03-09,13:53:08,CUST4587,Restaurant_83,Healthy Food,Pune,811.29,56.91,32.26,835.94,Credit Card,44,Delivered,2
ORD002239,2023-05-26,16:24:50,CUST4441,Restaurant_89,Italian,Delhi,610.44,26.81,134.97,502.28,Credit Card,56,Delivered,4
ORD002240,2023-07-01,01:55:45,CUST3353,Restaurant_55,Chinese,Chennai,956.59,97.71,0.0,1054.3,Debit Card,,Refunded,
ORD002241,2023-06-03,20:09:11,CUST4230,Restaurant_29,North Indian,Kolkata,1251.69,65.85,0.0,1317.54,Cash on Delivery,,Cancelled,
ORD002242,2023-01-30,09:33:19,CUST4198,Restaurant_91,Desserts,Jaipur,503.05,24.91,0.0,527.96,Cash on Delivery,26,Delivered,4
ORD002243,2023-05-06,08:04:32,CUST2619,Restaurant_67,Healthy Food,Lucknow,709.8,85.98,0.0,795.78,Wallet,62,Delivered,3
ORD002244,2023-02-19,01:13:34,CUST1582,Restaurant_38,Fast Food,Ahmedabad,400.6,39.45,116.49,323.56,Debit Card,43,Delivered,
ORD002245,2023-09-07,11:55:09,CUST9400,Restaurant_4,South Indian,Mumbai,1342.38,57.97,0.0,1400.35,Debit Card,36,Delivered,3
ORD002246,2023-08-12,19:45:15,CUST2602,Restaurant_83,Beverages,Pune,198.99,88.81,111.94,175.86,Cash on Delivery,27,Delivered,
ORD002247,2023-01-16,08:51:26,CUST6826,Restaurant_100,Street Food,Chennai,1381.24,68.93,104.51,1345.66,Credit Card,,Cancelled,
ORD002248,2023-10-14,18:14:41,CUST9278,Restaurant_58,Fast Food,Pune,1330.75,23.25,0.0,1354.0,Credit Card,34,Delivered,
ORD002249,2023-11-17,04:15:06,CUST1683,Restaurant_15,Healthy Food,Ahmedabad,426.18,48.65,0.0,474.83,Wallet,55,Delivered,
ORD002250,2023-01-07,16:06:40,CUST3751,Restaurant_24,South Indian,Delhi,887.0,96.15,0.0,983.15,Credit Card,57,Delivered,
ORD002251,2023-08-08,13:23:03,CUST5713,Restaurant_67,Italian,Lucknow,445.48,73.05,0.0,518.53,Debit Card,55,Delivered,3
ORD002252,2023-11-20,15:20:13,CUST7034,Restaurant_63,Biryani,Pune,505.68,53.64,0.0,559.32,Cash on Delivery,35,Delivered,5
ORD002253,2023-04-25,14:04:09,CUST5091,Restaurant_61,South Indian,Bengaluru,589.81,21.86,0.0,611.67,UPI,52,Delivered,2
ORD002254,2023-09-04,03:25:35,CUST8624,Restaurant_19,South Indian,Hyderabad,226.02,34.54,0.0,260.56,Credit Card,58,Delivered,3
ORD002255,2023-01-29,14:43:16,CUST5509,Restaurant_70,Street Food,Lucknow,453.44,82.87,47.9,488.41,UPI,44,Delivered,4
ORD002256,2023-10-27,09:20:05,CUST2939,Restaurant_11,Healthy Food,Lucknow,769.36,45.03,77.04,737.35,Wallet,60,Delivered,2
ORD002257,2023-11-25,14:54:17,CUST4588,Restaurant_70,Chinese,Lucknow,1015.5,74.33,19.77,1070.06,UPI,39,Delivered,1
ORD002258,2023-06-03,03:24:23,CUST9040,Restaurant_84,Desserts,Bengaluru,1132.17,33.42,0.0,1165.59,Debit Card,,Refunded,
ORD002259,2023-10-21,17:52:21,CUST8094,Restaurant_49,Biryani,Bengaluru,530.79,63.65,0.0,594.44,Wallet,24,Delivered,4
ORD002260,2023-06-13,07:59:00,CUST7659,Restaurant_100,North Indian,Mumbai,623.9,33.26,0.0,657.16,Debit Card,55,Delivered,1
ORD002261,2023-11-28,10:53:09,CUST6154,Restaurant_32,Beverages,Bengaluru,426.45,39.35,0.0,465.8,Debit Card,,Cancelled,
ORD002262,2023-09-11,07:44:59,CUST9789,Restaurant_28,Fast Food,Jaipur,1462.94,46.54,0.0,1509.48,UPI,46,Delivered,4
ORD002263,2023-02-20,00:34:52,CUST5876,Restaurant_65,South Indian,Delhi,1366.36,32.7,0.0,1399.06,Credit Card,29,Delivered,1
ORD002264,2023-10-23,08:05:31,CUST8823,Restaurant_18,Biryani,Jaipur,1358.38,78.23,0.0,1436.61,Wallet,34,Delivered,
ORD002265,2023-08-24,19:09:32,CUST1914,Restaurant_90,Street Food,Lucknow,590.77,48.72,89.37,550.12,UPI,,Refunded,
ORD002266,2023-01-26,07:40:24,CUST3322,Restaurant_86,South Indian,Lucknow,480.97,72.51,0.0,553.48,Credit Card,20,Delivered,3
ORD002267,2023-01-13,10:04:23,CUST6090,Restaurant_29,Healthy Food,Hyderabad,1449.1,57.63,0.0,1506.73,Wallet,35,Delivered,
ORD002268,2023-12-08,21:19:12,CUST9332,Restaurant_78,Chinese,Lucknow,189.74,78.14,0.0,267.88,Debit Card,56,Delivered,5
ORD002269,2023-01-23,23:23:01,CUST8345,Restaurant_91,Italian,Delhi,339.33,39.2,0.0,378.53,UPI,24,Delivered,5
ORD002270,2023-04-07,16:58:44,CUST8348,Restaurant_32,Healthy Food,Kolkata,1435.82,72.23,35.53,1472.52,UPI,22,Delivered,
ORD002271,2023-08-23,16:57:47,CUST7715,Restaurant_53,Desserts,Pune,1068.5,68.28,0.0,1136.78,Wallet,24,Delivered,
ORD002272,2023-09-13,13:29:22,CUST7580,Restaurant_25,Desserts,Jaipur,226.55,75.1,51.85,249.8,Wallet,57,Delivered,
ORD002273,2023-09-10,15:42:35,CUST9831,Restaurant_82,South Indian,Jaipur,779.16,77.06,0.0,856.22,Wallet,,Refunded,
ORD002274,2023-08-12,13:26:34,CUST9238,Restaurant_40,Desserts,Pune,810.52,72.75,0.0,883.27,Cash on Delivery,,Cancelled,
ORD002275,2023-10-23,13:34:31,CUST8418,Restaurant_26,North Indian,Hyderabad,1104.89,51.5,0.0,1156.39,Cash on Delivery,49,Delivered,5
ORD002276,2023-02-07,07:39:37,CUST8987,Restaurant_86,South Indian,Ahmedabad,431.87,96.08,0.0,527.95,Cash on Delivery,32,Delivered,5
ORD002277,2023-08-25,03:08:42,CUST3918,Restaurant_42,Italian,Pune,735.62,54.36,0.0,789.98,Cash on Delivery,60,Delivered,4
ORD002278,2023-11-03,07:30:32,CUST4493,Restaurant_47,Fast Food,Chennai,558.13,67.18,0.0,625.31,Credit Card,,Cancelled,
ORD002279,2023-03-01,07:37:39,CUST5832,Restaurant_34,Biryani,Chennai,1146.24,34.8,0.0,1181.04,Debit Card,,Refunded,
ORD002280,2023-12-13,21:34:49,CUST6611,Restaurant_90,Street Food,Bengaluru,1371.63,62.46,0.0,1434.09,Credit Card,,Cancelled,
ORD002281,2023-10-21,15:20:26,CUST7398,Restaurant_58,Italian,Jaipur,1261.92,62.43,0.0,1324.35,Debit Card,60,Delivered,
ORD002282,2023-04-06,10:29:10,CUST1044,Restaurant_63,Fast Food,Pune,1305.59,43.66,0.0,1349.25,Debit Card,61,Delivered,4
ORD002283,2023-11-29,21:27:39,CUST5555,Restaurant_88,Beverages,Ahmedabad,221.85,54.99,0.0,276.84,Credit Card,29,Delivered,
ORD002284,2023-02-12,03:16:05,CUST6383,Restaurant_56,Beverages,Pune,577.88,39.47,0.0,617.35,Wallet,21,Delivered,5
ORD002285,2023-12-12,04:55:12,CUST7991,Restaurant_57,South Indian,Delhi,1042.99,22.83,0.0,1065.82,Credit Card,28,Delivered,5
ORD002286,2023-03-21,00:05:58,CUST4551,Restaurant_87,Fast Food,Ahmedabad,887.76,81.82,128.03,841.55,Credit Card,,Cancelled,
ORD002287,2023-09-14,08:54:20,CUST7438,Restaurant_38,South Indian,Chennai,1185.54,43.42,110.25,1118.71,Credit Card,,Cancelled,
ORD002288,2023-11-27,16:58:53,CUST3254,Restaurant_24,North Indian,Hyderabad,1335.86,22.44,0.0,1358.3,UPI,36,Delivered,3
ORD002289,2023-09-30,07:43:47,CUST6518,Restaurant_4,Biryani,Pune,1219.3,64.9,143.1,1141.1,UPI,55,Delivered,3
ORD002290,2023-07-09,19:28:41,CUST1068,Restaurant_66,Desserts,Kolkata,1072.98,27.06,107.78,992.26,UPI,,Cancelled,
ORD002291,2023-09-25,11:41:47,CUST8307,Restaurant_19,Healthy Food,Kolkata,969.3,92.75,0.0,1062.05,Cash on Delivery,29,Delivered,
ORD002292,2023-06-02,21:46:15,CUST5387,Restaurant_14,Desserts,Delhi,445.34,49.2,0.0,494.54,Debit Card,44,Delivered,3
ORD002293,2023-07-29,23:38:24,CUST1229,Restaurant_82,Beverages,Chennai,435.67,80.22,0.0,515.89,UPI,25,Delivered,5
ORD002294,2023-03-02,05:53:39,CUST3786,Restaurant_2,Beverages,Kolkata,463.78,23.38,0.0,487.16,Debit Card,34,Delivered,3
ORD002295,2023-09-11,15:47:05,CUST9817,Restaurant_24,Healthy Food,Lucknow,816.07,35.74,114.18,737.63,Wallet,43,Delivered,1
ORD002296,2023-09-06,05:03:03,CUST6610,Restaurant_75,Italian,Lucknow,1441.38,90.13,0.0,1531.51,Credit Card,,Cancelled,
ORD002297,2023-08-06,07:11:22,CUST4181,Restaurant_19,South Indian,Ahmedabad,944.39,64.17,0.0,1008.56,Wallet,,Cancelled,
ORD002298,2023-04-14,20:02:00,CUST3111,Restaurant_63,Beverages,Pune,399.36,36.91,0.0,436.27,Credit Card,62,Delivered,3
ORD002299,2023-11-23,08:18:41,CUST8443,Restaurant_81,Beverages,Chennai,903.43,57.26,0.0,960.69,UPI,23,Delivered,2
ORD002300,2023-11-04,00:30:55,CUST4103,Restaurant_15,Beverages,Kolkata,746.11,24.15,0.0,770.26,Credit Card,21,Delivered,5
ORD002301,2023-03-22,02:39:03,CUST7844,Restaurant_30,Italian,Pune,1076.2,53.02,0.0,1129.22,Wallet,48,Delivered,4
ORD002302,2023-06-02,00:46:58,CUST6123,Restaurant_41,Chinese,Delhi,395.66,78.72,23.99,450.39,Debit Card,,Refunded,
ORD002303,2023-06-08,01:50:17,CUST7798,Restaurant_58,Street Food,Ahmedabad,276.65,69.67,0.0,346.32,UPI,43,Delivered,
ORD002304,2023-01-18,14:10:33,CUST1413,Restaurant_24,Beverages,Kolkata,1324.48,45.05,0.0,1369.53,Cash on Delivery,,Refunded,
ORD002305,2023-12-08,07:20:00,CUST3884,Restaurant_74,Healthy Food,Hyderabad,1054.64,55.81,100.85,1009.6,Debit Card,28,Delivered,
ORD002306,2023-08-09,06:30:17,CUST1207,Restaurant_88,Fast Food,Lucknow,1086.22,37.15,75.67,1047.7,UPI,,Refunded,
ORD002307,2023-05-15,06:53:28,CUST7300,Restaurant_87,Biryani,Hyderabad,382.55,91.95,0.0,474.5,Debit Card,59,Delivered,1
ORD002308,2023-03-14,13:57:02,CUST3252,Restaurant_54,Fast Food,Chennai,1026.52,65.74,94.39,997.87,Debit Card,63,Delivered,2
ORD002309,2023-05-05,01:07:44,CUST6367,Restaurant_89,North Indian,Pune,1369.83,84.74,0.0,1454.57,Wallet,,Refunded,
ORD002310,2023-06-17,23:14:22,CUST3440,Restaurant_79,Beverages,Ahmedabad,1254.71,61.12,47.73,1268.1,UPI,37,Delivered,1
ORD002311,2023-03-11,18:45:01,CUST6513,Restaurant_36,Healthy Food,Pune,891.18,51.65,0.0,942.83,UPI,,Cancelled,
ORD002312,2023-09-29,12:19:56,CUST4933,Restaurant_27,Beverages,Lucknow,399.8,48.4,0.0,448.2,Debit Card,34,Delivered,4
ORD002313,2023-12-05,17:03:29,CUST7808,Restaurant_6,Biryani,Mumbai,685.54,48.36,0.0,733.9,Wallet,,Cancelled,
ORD002314,2023-05-03,18:42:52,CUST9694,Restaurant_92,North Indian,Jaipur,1238.15,57.89,0.0,1296.04,UPI,,Cancelled,
ORD002315,2023-02-09,02:03:00,CUST6733,Restaurant_2,Healthy Food,Kolkata,1146.82,82.08,0.0,1228.9,Cash on Delivery,25,Delivered,2
ORD002316,2023-07-12,15:11:36,CUST1208,Restaurant_13,North Indian,Lucknow,1328.99,87.34,32.09,1384.24,Credit Card,,Refunded,
ORD002317,2023-06-27,05:44:32,CUST1982,Restaurant_98,Fast Food,Ahmedabad,1341.56,77.18,0.0,1418.74,UPI,59,Delivered,3
ORD002318,2023-02-07,20:56:26,CUST2628,Restaurant_72,Chinese,Ahmedabad,1400.91,23.22,79.38,1344.75,Wallet,58,Delivered,
ORD002319,2023-01-17,18:28:55,CUST2181,Restaurant_11,Desserts,Pune,1031.83,65.8,68.33,1029.3,Cash on Delivery,29,Delivered,3
ORD002320,2023-01-04,12:54:02,CUST1297,Restaurant_43,Chinese,Hyderabad,702.94,61.63,0.0,764.57,Credit Card,19,Delivered,3
ORD002321,2023-03-13,20:14:42,CUST6984,Restaurant_10,Chinese,Ahmedabad,176.65,82.57,75.88,183.34,Cash on Delivery,65,Delivered,3
ORD002322,2023-08-16,00:50:37,CUST2631,Restaurant_53,Italian,Kolkata,700.82,91.7,0.0,792.52,Credit Card,,Refunded,
ORD002323,2023-11-12,01:55:43,CUST4297,Restaurant_13,Chinese,Jaipur,1022.58,46.67,0.0,1069.25,Credit Card,,Refunded,
ORD002324,2023-05-14,09:41:10,CUST7901,Restaurant_3,Healthy Food,Jaipur,1191.51,92.56,145.44,1138.63,UPI,,Refunded,
ORD002325,2023-06-03,03:05:36,CUST8021,Restaurant_6,Street Food,Bengaluru,1213.43,27.29,0.0,1240.72,Debit Card,25,Delivered,
ORD002326,2023-10-25,00:45:57,CUST7335,Restaurant_45,North Indian,Delhi,956.16,88.83,0.0,1044.99,Credit Card,,Refunded,
ORD002327,2023-05-20,07:43:16,CUST9430,Restaurant_83,Italian,Delhi,1442.85,92.95,47.79,1488.01,Wallet,24,Delivered,
ORD002328,2023-12-04,14:32:42,CUST3372,Restaurant_61,Beverages,Pune,920.62,90.8,112.77,898.65,UPI,56,Delivered,1
ORD002329,2023-10-01,09:51:01,CUST4370,Restaurant_37,Biryani,Bengaluru,483.0,92.76,0.0,575.76,Wallet,,Refunded,
ORD002330,2023-04-18,12:27:22,CUST4418,Restaurant_69,South Indian,Pune,1224.11,71.29,0.0,1295.4,UPI,49,Delivered,4
ORD002331,2023-05-26,03:02:04,CUST4094,Restaurant_80,Italian,Lucknow,267.59,79.03,16.28,330.34,Debit Card,32,Delivered,5
ORD002332,2023-12-28,01:57:54,CUST2831,Restaurant_27,North Indian,Jaipur,968.25,87.48,0.0,1055.73,Debit Card,63,Delivered,2
ORD002333,2023-08-29,03:46:53,CUST1370,Restaurant_75,Fast Food,Hyderabad,638.96,89.16,22.28,705.84,Debit Card,42,Delivered,3
ORD002334,2023-08-05,11:54:24,CUST2479,Restaurant_58,North Indian,Hyderabad,1227.75,51.0,90.69,1188.06,Wallet,,Cancelled,
ORD002335,2023-03-22,02:29:27,CUST9652,Restaurant_81,Street Food,Ahmedabad,1242.53,21.91,31.39,1233.05,Wallet,64,Delivered,5
ORD002336,2023-07-13,07:36:17,CUST6563,Restaurant_51,Italian,Jaipur,1332.81,60.7,0.0,1393.51,Wallet,40,Delivered,4
ORD002337,2023-09-27,09:38:35,CUST4716,Restaurant_26,Street Food,Delhi,754.02,91.44,129.15,716.31,Debit Card,21,Delivered,1
ORD002338,2023-09-13,03:29:34,CUST6052,Restaurant_88,Italian,Pune,533.87,27.95,43.72,518.1,Debit Card,,Cancelled,
ORD002339,2023-05-17,17:20:52,CUST1340,Restaurant_51,Biryani,Ahmedabad,1074.9,47.89,0.0,1122.79,Credit Card,,Cancelled,
ORD002340,2023-11-21,11:45:19,CUST9999,Restaurant_94,North Indian,Ahmedabad,269.26,75.94,0.0,345.2,UPI,,Refunded,
ORD002341,2023-03-04,18:58:02,CUST3648,Restaurant_63,North Indian,Delhi,1109.21,68.13,0.0,1177.34,Debit Card,53,Delivered,3
ORD002342,2023-12-13,00:37:43,CUST4010,Restaurant_91,Beverages,Delhi,876.78,34.2,0.0,910.98,Credit Card,51,Delivered,
ORD002343,2023-11-20,23:08:53,CUST6909,Restaurant_38,Healthy Food,Chennai,363.59,36.35,0.0,399.94,Credit Card,58,Delivered,5
ORD002344,2023-04-28,14:52:15,CUST6932,Restaurant_32,Healthy Food,Jaipur,1070.39,55.96,0.0,1126.35,Debit Card,,Refunded,
ORD002345,2023-03-28,17:05:20,CUST7998,Restaurant_29,South Indian,Bengaluru,442.08,31.71,26.37,447.42,Cash on Delivery,20,Delivered,4
ORD002346,2023-09-06,18:34:44,CUST6720,Restaurant_81,Fast Food,Delhi,226.09,82.69,0.0,308.78,UPI,64,Delivered,2
ORD002347,2023-07-30,08:40:09,CUST6355,Restaurant_72,North Indian,Chennai,1427.6,47.78,0.0,1475.38,Debit Card,58,Delivered,1
ORD002348,2023-01-17,14:41:20,CUST3162,Restaurant_88,Street Food,Delhi,409.16,96.51,115.15,390.52,Credit Card,57,Delivered,3
ORD002349,2023-03-30,17:10:41,CUST3121,Restaurant_40,Biryani,Delhi,915.59,63.61,0.0,979.2,Credit Card,17,Delivered,1
ORD002350,2023-03-02,06:14:33,CUST1888,Restaurant_76,North Indian,Bengaluru,671.48,21.55,0.0,693.03,Debit Card,54,Delivered,2
ORD002351,2023-11-12,13:07:21,CUST8885,Restaurant_2,Biryani,Delhi,723.86,93.39,22.35,794.9,UPI,42,Delivered,5
ORD002352,2023-08-23,16:04:47,CUST1855,Restaurant_14,Chinese,Kolkata,1447.99,78.12,0.0,1526.11,Cash on Delivery,,Cancelled,
ORD002353,2023-07-18,19:34:46,CUST6638,Restaurant_83,Healthy Food,Delhi,908.04,52.46,0.0,960.5,Wallet,,Cancelled,
ORD002354,2023-07-11,11:04:33,CUST6455,Restaurant_19,Desserts,Mumbai,279.69,69.65,0.0,349.34,Wallet,21,Delivered,2
ORD002355,2023-06-14,04:36:21,CUST6943,Restaurant_69,North Indian,Jaipur,1486.97,71.87,0.0,1558.84,Wallet,64,Delivered,3
ORD002356,2023-11-13,17:36:04,CUST7502,Restaurant_82,Beverages,Hyderabad,448.14,94.94,26.67,516.41,UPI,52,Delivered,5
ORD002357,2023-06-08,02:47:27,CUST9599,Restaurant_5,Biryani,Mumbai,1409.46,53.67,0.0,1463.13,Wallet,,Refunded,
ORD002358,2023-11-06,23:50:19,CUST9667,Restaurant_18,Italian,Pune,1225.31,21.85,21.98,1225.18,Debit Card,29,Delivered,5
ORD002359,2023-04-07,23:59:28,CUST1047,Restaurant_54,Healthy Food,Chennai,1003.05,78.96,0.0,1082.01,Debit Card,16,Delivered,4
ORD002360,2023-11-03,11:37:25,CUST1219,Restaurant_8,Desserts,Hyderabad,171.48,34.07,0.0,205.55,Debit Card,31,Delivered,2
ORD002361,2023-06-23,12:27:05,CUST6646,Restaurant_62,Healthy Food,Bengaluru,420.9,46.08,0.0,466.98,Debit Card,16,Delivered,4
ORD002362,2023-08-11,02:40:50,CUST2798,Restaurant_68,Biryani,Chennai,204.44,41.04,68.16,177.32,UPI,55,Delivered,1
ORD002363,2023-01-18,21:39:07,CUST1984,Restaurant_57,Healthy Food,Delhi,162.19,84.63,0.0,246.82,Debit Card,,Refunded,
ORD002364,2023-04-04,03:17:05,CUST4337,Restaurant_54,Street Food,Mumbai,675.99,87.48,0.0,763.47,Cash on Delivery,20,Delivered,1
ORD002365,2023-12-13,15:53:20,CUST1705,Restaurant_56,Healthy Food,Ahmedabad,1341.03,41.21,0.0,1382.24,Wallet,42,Delivered,4
ORD002366,2023-09-25,03:21:29,CUST3938,Restaurant_39,Beverages,Ahmedabad,1498.84,60.58,0.0,1559.42,UPI,30,Delivered,5
ORD002367,2023-11-15,18:37:37,CUST7331,Restaurant_89,Beverages,Chennai,309.28,58.56,0.0,367.84,Debit Card,,Refunded,
ORD002368,2023-10-21,10:09:42,CUST8504,Restaurant_45,Desserts,Kolkata,1224.25,65.83,29.34,1260.74,Cash on Delivery,44,Delivered,3
ORD002369,2023-10-16,04:58:12,CUST5571,Restaurant_69,Italian,Jaipur,1390.48,32.34,0.0,1422.82,Cash on Delivery,47,Delivered,5
ORD002370,2023-10-31,14:07:12,CUST8519,Restaurant_36,Biryani,Hyderabad,1023.09,35.24,34.32,1024.01,Debit Card,52,Delivered,5
ORD002371,2023-07-20,20:51:34,CUST3710,Restaurant_95,Italian,Mumbai,1467.72,38.48,37.77,1468.43,Debit Card,27,Delivered,3
ORD002372,2023-06-19,01:12:43,CUST5523,Restaurant_58,North Indian,Bengaluru,535.32,63.83,145.32,453.83,UPI,54,Delivered,
ORD002373,2023-05-20,20:11:39,CUST1957,Restaurant_7,Beverages,Kolkata,321.92,43.82,20.53,345.21,Wallet,,Refunded,
ORD002374,2023-12-08,06:03:28,CUST4901,Restaurant_18,Healthy Food,Chennai,1087.98,70.25,0.0,1158.23,Debit Card,34,Delivered,5
ORD002375,2023-11-14,08:26:28,CUST6647,Restaurant_40,South Indian,Kolkata,1344.33,95.04,98.56,1340.81,Debit Card,46,Delivered,3
ORD002376,2023-03-20,00:10:35,CUST9082,Restaurant_27,Healthy Food,Lucknow,972.2,31.67,0.0,1003.87,Cash on Delivery,59,Delivered,4
ORD002377,2023-11-02,08:34:52,CUST2276,Restaurant_2,Healthy Food,Hyderabad,386.84,44.98,0.0,431.82,Credit Card,23,Delivered,5
ORD002378,2023-11-19,14:01:59,CUST1465,Restaurant_9,Beverages,Ahmedabad,676.88,26.37,0.0,703.25,Debit Card,62,Delivered,2
ORD002379,2023-06-06,15:19:18,CUST2664,Restaurant_2,Chinese,Kolkata,492.48,70.76,0.0,563.24,Debit Card,65,Delivered,3
ORD002380,2023-05-22,10:04:19,CUST4432,Restaurant_85,Healthy Food,Bengaluru,400.43,76.88,0.0,477.31,Credit Card,,Cancelled,
ORD002381,2023-05-12,17:28:23,CUST8649,Restaurant_55,Fast Food,Hyderabad,913.75,28.32,0.0,942.07,Credit Card,31,Delivered,4
ORD002382,2023-01-29,18:33:16,CUST3779,Restaurant_91,Healthy Food,Mumbai,265.03,76.16,73.14,268.05,Wallet,39,Delivered,
ORD002383,2023-03-22,18:05:12,CUST9010,Restaurant_18,North Indian,Pune,1081.85,61.48,0.0,1143.33,Cash on Delivery,,Refunded,
ORD002384,2023-02-22,14:45:48,CUST6667,Restaurant_19,Street Food,Ahmedabad,707.83,86.49,0.0,794.32,UPI,38,Delivered,3
ORD002385,2023-10-10,17:23:36,CUST4071,Restaurant_20,Biryani,Chennai,301.39,68.67,134.67,235.39,Credit Card,,Refunded,
ORD002386,2023-11-26,11:31:45,CUST8432,Restaurant_25,Healthy Food,Ahmedabad,1003.57,28.64,0.0,1032.21,Credit Card,61,Delivered,
ORD002387,2023-03-10,16:33:59,CUST1077,Restaurant_95,Desserts,Ahmedabad,1121.62,65.98,0.0,1187.6,Wallet,24,Delivered,2
ORD002388,2023-06-15,19:44:23,CUST4495,Restaurant_10,Biryani,Jaipur,773.76,91.43,0.0,865.19,UPI,,Cancelled,
ORD002389,2023-04-14,06:28:18,CUST9782,Restaurant_100,Desserts,Bengaluru,412.46,34.12,0.0,446.58,Credit Card,44,Delivered,4
ORD002390,2023-11-07,09:04:34,CUST1644,Restaurant_86,Desserts,Pune,239.12,99.73,0.0,338.85,Debit Card,,Cancelled,
ORD002391,2023-09-27,02:10:31,CUST2001,Restaurant_80,Street Food,Ahmedabad,162.25,67.87,0.0,230.12,Wallet,,Cancelled,
ORD002392,2023-02-04,15:01:43,CUST1544,Restaurant_3,Desserts,Chennai,479.6,31.75,0.0,511.35,Debit Card,22,Delivered,5
ORD002393,2023-03-09,16:25:14,CUST2170,Restaurant_82,Fast Food,Ahmedabad,1048.84,55.95,0.0,1104.79,UPI,44,Delivered,1
ORD002394,2023-02-03,15:17:37,CUST3815,Restaurant_85,Chinese,Ahmedabad,1248.81,90.59,0.0,1339.4,Credit Card,,Cancelled,
ORD002395,2023-12-18,11:09:32,CUST1450,Restaurant_50,Beverages,Hyderabad,829.6,61.26,0.0,890.86,Cash on Delivery,63,Delivered,3
ORD002396,2023-09-25,16:07:01,CUST5071,Restaurant_45,North Indian,Delhi,996.43,96.74,0.0,1093.17,Debit Card,48,Delivered,
ORD002397,2023-03-26,21:57:22,CUST1651,Restaurant_66,Healthy Food,Delhi,1284.44,71.48,79.18,1276.74,Wallet,,Cancelled,
ORD002398,2023-03-24,03:26:45,CUST3324,Restaurant_5,Healthy Food,Mumbai,1189.3,36.88,0.0,1226.18,Wallet,,Cancelled,
ORD002399,2023-04-02,12:31:42,CUST5300,Restaurant_70,Beverages,Hyderabad,187.87,82.05,0.0,269.92,Credit Card,28,Delivered,2
ORD002400,2023-08-25,10:06:37,CUST6511,Restaurant_89,Fast Food,Chennai,1435.35,26.49,0.0,1461.84,Wallet,,Cancelled,
ORD002401,2023-01-22,22:28:57,CUST3527,Restaurant_56,South Indian,Kolkata,440.31,70.92,0.0,511.23,Cash on Delivery,,Cancelled,
ORD002402,2023-07-03,15:31:45,CUST2737,Restaurant_88,North Indian,Jaipur,707.68,36.82,133.29,611.21,Debit Card,23,Delivered,4
ORD002403,2023-05-19,00:51:59,CUST2680,Restaurant_26,South Indian,Mumbai,1499.29,35.17,0.0,1534.46,Debit Card,44,Delivered,4
ORD002404,2023-10-09,16:04:21,CUST8910,Restaurant_62,Desserts,Bengaluru,1499.65,94.24,0.0,1593.89,Wallet,37,Delivered,
ORD002405,2023-11-29,13:25:26,CUST4577,Restaurant_56,South Indian,Bengaluru,241.4,29.8,0.0,271.2,Wallet,49,Delivered,2
ORD002406,2023-06-26,22:48:40,CUST5979,Restaurant_63,Beverages,Ahmedabad,412.71,72.25,78.3,406.66,Credit Card,28,Delivered,
ORD002407,2023-06-25,14:26:55,CUST7713,Restaurant_78,South Indian,Chennai,1094.08,58.64,0.0,1152.72,Cash on Delivery,,Cancelled,
ORD002408,2023-03-01,11:54:23,CUST9422,Restaurant_6,South Indian,Pune,1237.25,61.91,84.49,1214.67,Cash on Delivery,29,Delivered,1
ORD002409,2023-05-25,16:21:36,CUST5663,Restaurant_45,Desserts,Kolkata,745.39,30.98,0.0,776.37,Debit Card,32,Delivered,3
ORD002410,2023-09-26,00:44:19,CUST2358,Restaurant_83,North Indian,Hyderabad,322.22,64.11,125.26,261.07,Debit Card,47,Delivered,1
ORD002411,2023-04-05,06:19:36,CUST2457,Restaurant_68,Healthy Food,Ahmedabad,1189.26,88.64,0.0,1277.9,Credit Card,42,Delivered,4
ORD002412,2023-06-02,20:16:58,CUST9066,Restaurant_59,Fast Food,Lucknow,870.18,76.3,0.0,946.48,Debit Card,,Cancelled,
ORD002413,2023-04-19,14:46:05,CUST3565,Restaurant_28,Street Food,Lucknow,823.25,76.28,33.9,865.63,Wallet,,Refunded,
ORD002414,2023-06-12,21:18:11,CUST2104,Restaurant_76,Desserts,Pune,285.82,32.29,0.0,318.11,Wallet,35,Delivered,4
ORD002415,2023-07-21,21:00:34,CUST6052,Restaurant_94,Fast Food,Kolkata,1020.74,81.08,0.0,1101.82,Debit Card,,Cancelled,
ORD002416,2023-04-11,13:22:56,CUST2575,Restaurant_76,Desserts,Pune,1109.56,30.69,130.65,1009.6,UPI,20,Delivered,1
ORD002417,2023-02-04,09:39:21,CUST7410,Restaurant_58,South Indian,Chennai,1467.04,28.2,0.0,1495.24,Wallet,58,Delivered,2
ORD002418,2023-03-20,21:19:03,CUST8864,Restaurant_7,Desserts,Lucknow,1441.47,40.77,59.28,1422.96,UPI,,Cancelled,
ORD002419,2023-08-24,19:02:08,CUST8403,Restaurant_19,Biryani,Ahmedabad,516.99,55.19,62.0,510.18,Wallet,54,Delivered,2
ORD002420,2023-05-28,18:05:13,CUST8394,Restaurant_72,Chinese,Hyderabad,530.99,48.7,0.0,579.69,Wallet,,Refunded,
ORD002421,2023-10-22,02:54:41,CUST3296,Restaurant_86,Desserts,Mumbai,704.82,72.84,0.0,777.66,Wallet,16,Delivered,3
ORD002422,2023-10-13,18:56:21,CUST1512,Restaurant_55,Biryani,Kolkata,1189.61,22.11,0.0,1211.72,Credit Card,21,Delivered,
ORD002423,2023-03-26,18:17:53,CUST1487,Restaurant_78,Italian,Jaipur,586.91,31.82,0.0,618.73,UPI,27,Delivered,1
ORD002424,2023-12-08,10:19:40,CUST4358,Restaurant_63,Healthy Food,Mumbai,783.3,48.35,0.0,831.65,UPI,36,Delivered,3
ORD002425,2023-07-02,00:19:20,CUST8620,Restaurant_75,Biryani,Hyderabad,442.97,89.5,22.83,509.64,UPI,61,Delivered,1
ORD002426,2023-09-13,12:03:17,CUST9392,Restaurant_71,Fast Food,Mumbai,377.84,24.93,0.0,402.77,Wallet,36,Delivered,4
ORD002427,2023-06-07,01:09:58,CUST8837,Restaurant_58,Healthy Food,Bengaluru,1076.46,86.01,0.0,1162.47,Wallet,28,Delivered,
ORD002428,2023-06-27,16:56:01,CUST9840,Restaurant_85,Italian,Mumbai,866.15,50.02,129.24,786.93,Credit Card,,Refunded,
ORD002429,2023-07-10,23:35:15,CUST1234,Restaurant_42,Biryani,Jaipur,677.68,27.42,58.55,646.55,UPI,33,Delivered,3
ORD002430,2023-08-30,17:18:30,CUST8749,Restaurant_16,Street Food,Hyderabad,503.98,51.51,0.0,555.49,Cash on Delivery,44,Delivered,4
ORD002431,2023-09-03,19:54:47,CUST9914,Restaurant_50,Biryani,Ahmedabad,973.46,88.84,0.0,1062.3,UPI,17,Delivered,
ORD002432,2023-06-13,15:40:03,CUST8809,Restaurant_73,Biryani,Jaipur,1050.39,71.05,0.0,1121.44,Debit Card,,Refunded,
ORD002433,2023-01-24,12:30:59,CUST2399,Restaurant_93,Healthy Food,Kolkata,169.27,39.2,22.08,186.39,Credit Card,,Refunded,
ORD002434,2023-06-26,10:40:00,CUST4336,Restaurant_16,Beverages,Bengaluru,1399.7,58.39,135.88,1322.21,UPI,56,Delivered,
ORD002435,2023-02-01,05:05:30,CUST1846,Restaurant_79,Healthy Food,Ahmedabad,389.34,72.96,0.0,462.3,UPI,21,Delivered,4
ORD002436,2023-02-15,14:04:44,CUST8150,Restaurant_40,Healthy Food,Ahmedabad,1129.72,57.57,0.0,1187.29,Wallet,35,Delivered,2
ORD002437,2023-11-05,13:20:14,CUST7231,Restaurant_31,Desserts,Bengaluru,1481.68,80.72,0.0,1562.4,Cash on Delivery,61,Delivered,
ORD002438,2023-11-24,13:53:42,CUST6133,Restaurant_52,Italian,Jaipur,912.3,31.0,16.14,927.16,Cash on Delivery,,Refunded,
ORD002439,2023-02-16,10:31:50,CUST4066,Restaurant_68,Street Food,Pune,349.26,39.19,141.13,247.32,Credit Card,,Cancelled,
ORD002440,2023-02-10,08:50:10,CUST7545,Restaurant_80,Italian,Mumbai,1048.72,26.26,0.0,1074.98,Credit Card,32,Delivered,3
ORD002441,2023-12-02,13:17:01,CUST9639,Restaurant_48,Chinese,Kolkata,495.18,50.99,0.0,546.17,UPI,,Cancelled,
ORD002442,2023-02-12,22:51:55,CUST8062,Restaurant_25,Desserts,Lucknow,307.5,39.49,113.03,233.96,UPI,42,Delivered,2
ORD002443,2023-03-12,09:31:04,CUST3221,Restaurant_27,Street Food,Pune,1015.91,34.79,127.86,922.84,Debit Card,,Cancelled,
ORD002444,2023-11-27,06:19:36,CUST2692,Restaurant_76,Healthy Food,Pune,948.59,38.68,0.0,987.27,Debit Card,45,Delivered,2
ORD002445,2023-04-14,21:11:03,CUST2432,Restaurant_45,Beverages,Chennai,1287.45,84.75,115.48,1256.72,Cash on Delivery,50,Delivered,5
ORD002446,2023-06-10,03:23:44,CUST5228,Restaurant_72,Healthy Food,Kolkata,1467.38,63.63,0.0,1531.01,Cash on Delivery,55,Delivered,3
ORD002447,2023-12-28,22:50:26,CUST6418,Restaurant_73,Desserts,Mumbai,905.41,86.89,65.41,926.89,Credit Card,48,Delivered,4
ORD002448,2023-12-30,04:44:03,CUST8812,Restaurant_85,South Indian,Hyderabad,1182.69,68.3,0.0,1250.99,UPI,15,Delivered,1
ORD002449,2023-04-18,11:18:46,CUST3593,Restaurant_27,Biryani,Kolkata,795.8,89.67,0.0,885.47,Credit Card,53,Delivered,2
ORD002450,2023-11-29,06:45:42,CUST8146,Restaurant_37,Beverages,Mumbai,749.6,85.62,0.0,835.22,UPI,15,Delivered,2
ORD002451,2023-08-09,07:12:41,CUST1899,Restaurant_32,Biryani,Jaipur,710.02,87.18,0.0,797.2,Credit Card,56,Delivered,4
ORD002452,2023-04-09,00:28:47,CUST1117,Restaurant_19,Street Food,Ahmedabad,437.22,41.28,136.1,342.4,Credit Card,,Refunded,
ORD002453,2023-02-01,22:12:04,CUST6282,Restaurant_45,Italian,Bengaluru,1092.6,33.74,24.54,1101.8,Wallet,,Cancelled,
ORD002454,2023-01-10,17:36:06,CUST4439,Restaurant_30,Fast Food,Kolkata,236.98,56.54,0.0,293.52,Debit Card,48,Delivered,5
ORD002455,2023-09-02,11:13:52,CUST4295,Restaurant_50,Italian,Lucknow,545.44,97.44,0.0,642.88,Credit Card,23,Delivered,1
ORD002456,2023-06-23,00:39:14,CUST9317,Restaurant_45,North Indian,Jaipur,1340.05,83.69,0.0,1423.74,Debit Card,,Cancelled,
ORD002457,2023-03-27,19:17:25,CUST4682,Restaurant_18,South Indian,Ahmedabad,233.5,30.94,0.0,264.44,Credit Card,35,Delivered,5
ORD002458,2023-01-09,09:40:58,CUST9706,Restaurant_86,North Indian,Mumbai,1078.26,91.65,0.0,1169.91,Wallet,,Cancelled,
ORD002459,2023-08-15,23:54:58,CUST6908,Restaurant_16,North Indian,Mumbai,741.8,89.02,0.0,830.82,Debit Card,57,Delivered,4
ORD002460,2023-06-12,02:48:49,CUST2317,Restaurant_66,Desserts,Mumbai,215.82,37.64,57.57,195.89,Wallet,25,Delivered,4
ORD002461,2023-09-12,06:02:53,CUST5042,Restaurant_25,Chinese,Ahmedabad,1243.93,65.79,0.0,1309.72,Cash on Delivery,51,Delivered,2
ORD002462,2023-10-11,00:03:56,CUST3331,Restaurant_92,Chinese,Ahmedabad,1234.51,55.5,25.65,1264.36,Credit Card,30,Delivered,5
ORD002463,2023-10-08,08:17:46,CUST7601,Restaurant_57,Italian,Kolkata,282.64,69.83,0.0,352.47,Wallet,39,Delivered,2
ORD002464,2023-06-20,15:27:14,CUST2495,Restaurant_57,Desserts,Ahmedabad,885.5,70.53,53.77,902.26,Wallet,,Cancelled,
ORD002465,2023-08-19,15:20:45,CUST8059,Restaurant_24,Italian,Pune,1254.32,22.78,0.0,1277.1,Credit Card,34,Delivered,
ORD002466,2023-09-25,07:19:53,CUST6386,Restaurant_30,Italian,Chennai,517.03,70.38,0.0,587.41,Cash on Delivery,59,Delivered,3
ORD002467,2023-10-14,10:03:40,CUST8135,Restaurant_49,Desserts,Ahmedabad,605.54,68.02,0.0,673.56,Cash on Delivery,,Cancelled,
ORD002468,2023-06-30,11:46:28,CUST5281,Restaurant_40,Beverages,Ahmedabad,927.03,55.44,97.41,885.06,UPI,,Refunded,
ORD002469,2023-01-15,18:16:03,CUST9943,Restaurant_6,Biryani,Delhi,512.26,38.78,0.0,551.04,UPI,16,Delivered,1
ORD002470,2023-08-26,02:33:05,CUST3138,Restaurant_99,North Indian,Bengaluru,482.33,45.39,0.0,527.72,Debit Card,,Refunded,
ORD002471,2023-08-26,07:27:02,CUST2318,Restaurant_85,Chinese,Lucknow,500.56,80.56,64.38,516.74,Cash on Delivery,25,Delivered,5
ORD002472,2023-07-07,12:13:11,CUST7166,Restaurant_17,Italian,Chennai,670.94,83.07,0.0,754.01,Credit Card,62,Delivered,3
ORD002473,2023-01-19,22:22:21,CUST3665,Restaurant_95,Desserts,Bengaluru,1223.87,25.14,14.89,1234.12,Cash on Delivery,,Cancelled,
ORD002474,2023-03-03,18:24:59,CUST1503,Restaurant_15,North Indian,Mumbai,740.81,28.51,0.0,769.32,Cash on Delivery,65,Delivered,1
ORD002475,2023-01-25,05:29:48,CUST7658,Restaurant_73,Fast Food,Ahmedabad,198.62,66.93,34.96,230.59,Debit Card,53,Delivered,1
ORD002476,2023-11-04,16:04:50,CUST1274,Restaurant_79,Chinese,Kolkata,258.35,50.37,0.0,308.72,Credit Card,61,Delivered,
ORD002477,2023-05-20,08:30:08,CUST1198,Restaurant_23,Chinese,Kolkata,908.85,58.76,122.68,844.93,Credit Card,,Cancelled,
ORD002478,2023-02-23,23:03:29,CUST8018,Restaurant_75,Beverages,Pune,271.27,87.36,119.91,238.72,UPI,37,Delivered,
ORD002479,2023-12-24,23:38:53,CUST8719,Restaurant_28,Fast Food,Ahmedabad,412.76,28.73,14.88,426.61,UPI,60,Delivered,5
ORD002480,2023-04-12,06:23:04,CUST3755,Restaurant_76,Healthy Food,Pune,1085.45,51.42,0.0,1136.87,UPI,55,Delivered,2
ORD002481,2023-03-17,23:24:29,CUST7660,Restaurant_98,North Indian,Lucknow,417.61,94.48,0.0,512.09,UPI,45,Delivered,3
ORD002482,2023-04-26,07:43:18,CUST5921,Restaurant_65,North Indian,Lucknow,1097.8,75.23,22.7,1150.33,Credit Card,31,Delivered,2
ORD002483,2023-04-24,05:23:01,CUST3723,Restaurant_8,North Indian,Ahmedabad,1410.39,38.23,0.0,1448.62,UPI,44,Delivered,5
ORD002484,2023-11-03,19:42:06,CUST1941,Restaurant_34,Chinese,Jaipur,319.82,33.46,107.33,245.95,Debit Card,35,Delivered,
ORD002485,2023-02-05,14:05:50,CUST6920,Restaurant_34,Italian,Chennai,1442.65,44.77,0.0,1487.42,Credit Card,,Cancelled,
ORD002486,2023-06-18,21:24:32,CUST3469,Restaurant_70,Chinese,Pune,1213.22,44.75,133.52,1124.45,Debit Card,,Refunded,
ORD002487,2023-03-07,06:20:55,CUST9764,Restaurant_8,Italian,Bengaluru,186.74,94.4,0.0,281.14,Debit Card,,Cancelled,
ORD002488,2023-10-31,20:39:42,CUST4653,Restaurant_54,Biryani,Pune,716.49,78.45,36.67,758.27,Wallet,,Refunded,
ORD002489,2023-07-15,01:45:13,CUST5816,Restaurant_90,Beverages,Lucknow,934.0,38.97,0.0,972.97,Wallet,34,Delivered,
ORD002490,2023-08-15,13:21:48,CUST8433,Restaurant_4,Italian,Jaipur,412.44,23.39,0.0,435.83,Wallet,,Refunded,
ORD002491,2023-05-23,02:18:03,CUST1305,Restaurant_29,South Indian,Hyderabad,451.84,96.9,0.0,548.74,Cash on Delivery,59,Delivered,2
ORD002492,2023-03-01,10:04:02,CUST2836,Restaurant_94,South Indian,Ahmedabad,248.73,86.69,137.06,198.36,Debit Card,46,Delivered,4
ORD002493,2023-12-12,23:03:30,CUST1764,Restaurant_81,Street Food,Mumbai,1171.89,77.46,0.0,1249.35,Wallet,55,Delivered,
ORD002494,2023-03-04,11:49:28,CUST7343,Restaurant_92,Street Food,Kolkata,1367.53,71.04,0.0,1438.57,Cash on Delivery,18,Delivered,2
ORD002495,2023-02-18,22:43:27,CUST8275,Restaurant_64,South Indian,Ahmedabad,673.87,75.02,0.0,748.89,Credit Card,49,Delivered,3
ORD002496,2023-08-21,12:53:51,CUST2930,Restaurant_96,Beverages,Ahmedabad,1324.32,82.72,0.0,1407.04,UPI,,Refunded,
ORD002497,2023-05-01,11:51:09,CUST3137,Restaurant_44,Chinese,Hyderabad,613.23,39.77,0.0,653.0,Wallet,32,Delivered,5
ORD002498,2023-08-01,19:03:44,CUST1003,Restaurant_48,Fast Food,Mumbai,302.15,43.74,0.0,345.89,Cash on Delivery,61,Delivered,
ORD002499,2023-11-25,12:42:47,CUST6239,Restaurant_21,Healthy Food,Bengaluru,227.47,81.76,0.0,309.23,UPI,19,Delivered,
ORD002500,2023-05-02,10:06:13,CUST6948,Restaurant_36,Beverages,Kolkata,971.37,83.15,0.0,1054.52,UPI,59,Delivered,2
ORD002501,2023-03-10,13:59:24,CUST1080,Restaurant_54,Desserts,Jaipur,1337.76,92.19,28.88,1401.07,Cash on Delivery,59,Delivered,
ORD002502,2023-05-21,23:37:28,CUST1808,Restaurant_28,Desserts,Jaipur,1145.73,99.92,0.0,1245.65,Wallet,16,Delivered,4
ORD002503,2023-05-02,00:24:45,CUST2282,Restaurant_9,Beverages,Ahmedabad,752.58,90.98,61.81,781.75,Credit Card,56,Delivered,4
ORD002504,2023-12-25,22:57:14,CUST7721,Restaurant_19,Beverages,Ahmedabad,1381.04,44.28,141.66,1283.66,Debit Card,25,Delivered,5
ORD002505,2023-04-12,09:06:54,CUST7485,Restaurant_67,Chinese,Kolkata,1124.6,96.78,0.0,1221.38,Credit Card,64,Delivered,2
ORD002506,2023-09-05,17:16:33,CUST3843,Restaurant_51,South Indian,Ahmedabad,1107.14,73.69,130.33,1050.5,Debit Card,16,Delivered,5
ORD002507,2023-06-25,23:37:15,CUST3162,Restaurant_39,Italian,Delhi,1124.44,90.01,0.0,1214.45,Cash on Delivery,33,Delivered,3
ORD002508,2023-07-21,07:21:42,CUST5364,Restaurant_23,North Indian,Bengaluru,1315.91,90.43,104.3,1302.04,Debit Card,45,Delivered,4
ORD002509,2023-07-20,15:07:49,CUST7454,Restaurant_50,Beverages,Lucknow,639.73,32.41,0.0,672.14,Wallet,24,Delivered,
ORD002510,2023-12-26,06:22:42,CUST9889,Restaurant_18,Beverages,Hyderabad,944.08,42.69,0.0,986.77,UPI,31,Delivered,1
ORD002511,2023-10-08,12:19:37,CUST8440,Restaurant_76,Italian,Kolkata,618.34,95.34,123.5,590.18,Credit Card,38,Delivered,
ORD002512,2023-02-02,15:56:54,CUST1835,Restaurant_95,South Indian,Mumbai,578.8,94.68,0.0,673.48,Cash on Delivery,,Cancelled,
ORD002513,2023-09-08,03:26:10,CUST3233,Restaurant_15,Desserts,Pune,212.61,53.83,115.53,150.91,Debit Card,27,Delivered,
ORD002514,2023-11-25,05:23:32,CUST5477,Restaurant_54,Italian,Jaipur,855.51,21.63,0.0,877.14,UPI,25,Delivered,
ORD002515,2023-03-11,06:22:27,CUST3192,Restaurant_52,Healthy Food,Ahmedabad,306.72,62.82,0.0,369.54,Credit Card,,Cancelled,
ORD002516,2023-01-31,03:56:52,CUST5444,Restaurant_7,Fast Food,Pune,712.33,96.09,0.0,808.42,Debit Card,,Refunded,
ORD002517,2023-08-16,20:49:17,CUST8959,Restaurant_12,North Indian,Ahmedabad,604.13,65.47,0.0,669.6,Wallet,42,Delivered,
ORD002518,2023-04-29,14:58:49,CUST5045,Restaurant_23,Italian,Kolkata,244.91,51.7,0.0,296.61,Cash on Delivery,37,Delivered,
ORD002519,2023-06-01,03:12:41,CUST7514,Restaurant_55,Beverages,Hyderabad,954.19,56.68,0.0,1010.87,Wallet,46,Delivered,
ORD002520,2023-07-31,14:21:45,CUST6627,Restaurant_51,South Indian,Hyderabad,850.36,76.85,0.0,927.21,Cash on Delivery,22,Delivered,
ORD002521,2023-10-15,01:10:03,CUST1138,Restaurant_92,Biryani,Chennai,1143.8,42.12,0.0,1185.92,Credit Card,51,Delivered,4
ORD002522,2023-12-07,15:19:20,CUST9064,Restaurant_76,Street Food,Kolkata,986.34,59.77,0.0,1046.11,Wallet,63,Delivered,
ORD002523,2023-06-13,15:55:56,CUST1366,Restaurant_92,South Indian,Hyderabad,385.49,80.38,0.0,465.87,Credit Card,46,Delivered,1
ORD002524,2023-09-23,12:33:35,CUST2757,Restaurant_84,Healthy Food,Lucknow,423.8,81.46,140.13,365.13,Debit Card,,Refunded,
ORD002525,2023-01-24,22:43:11,CUST9077,Restaurant_6,Beverages,Mumbai,1139.32,93.13,149.28,1083.17,Credit Card,33,Delivered,
ORD002526,2023-09-14,09:21:38,CUST3508,Restaurant_18,Italian,Kolkata,560.37,78.63,0.0,639.0,Cash on Delivery,,Cancelled,
ORD002527,2023-08-14,04:52:47,CUST5130,Restaurant_42,Healthy Food,Kolkata,1368.12,63.76,0.0,1431.88,Credit Card,33,Delivered,5
ORD002528,2023-08-20,21:55:53,CUST4028,Restaurant_48,Fast Food,Chennai,1376.31,29.0,26.49,1378.82,UPI,,Cancelled,
ORD002529,2023-06-16,15:04:02,CUST8410,Restaurant_81,Chinese,Lucknow,283.12,61.88,0.0,345.0,Credit Card,49,Delivered,3
ORD002530,2023-01-05,07:57:02,CUST4344,Restaurant_97,South Indian,Hyderabad,963.93,76.2,0.0,1040.13,Debit Card,21,Delivered,
ORD002531,2023-09-10,18:35:44,CUST2542,Restaurant_93,Biryani,Delhi,790.87,24.0,101.65,713.22,Cash on Delivery,64,Delivered,4
ORD002532,2023-01-30,05:51:15,CUST3940,Restaurant_1,Italian,Hyderabad,424.93,88.7,0.0,513.63,Credit Card,,Refunded,
ORD002533,2023-12-11,18:03:43,CUST4443,Restaurant_65,North Indian,Lucknow,1294.51,80.81,0.0,1375.32,Debit Card,,Cancelled,
ORD002534,2023-02-27,01:00:57,CUST8950,Restaurant_74,Beverages,Jaipur,1430.95,83.0,81.83,1432.12,Credit Card,56,Delivered,
ORD002535,2023-10-13,10:01:40,CUST9173,Restaurant_83,South Indian,Lucknow,1168.91,68.69,0.0,1237.6,Cash on Delivery,53,Delivered,2
ORD002536,2023-05-16,07:35:56,CUST6116,Restaurant_35,North Indian,Chennai,762.82,29.57,0.0,792.39,UPI,,Cancelled,
ORD002537,2023-12-06,15:49:37,CUST5078,Restaurant_66,Desserts,Pune,1022.27,49.09,0.0,1071.36,Debit Card,,Cancelled,
ORD002538,2023-08-02,06:01:01,CUST9920,Restaurant_57,North Indian,Lucknow,1006.43,31.5,0.0,1037.93,Debit Card,48,Delivered,3
ORD002539,2023-07-14,09:25:03,CUST3781,Restaurant_70,Beverages,Jaipur,1260.78,84.87,0.0,1345.65,Wallet,52,Delivered,
ORD002540,2023-07-03,05:27:18,CUST8353,Restaurant_55,Healthy Food,Pune,614.56,67.87,0.0,682.43,Debit Card,43,Delivered,5
ORD002541,2023-03-14,02:15:18,CUST4419,Restaurant_45,Chinese,Bengaluru,823.3,76.37,0.0,899.67,Debit Card,34,Delivered,5
ORD002542,2023-05-27,14:54:39,CUST9354,Restaurant_98,Beverages,Kolkata,223.19,88.12,30.62,280.69,Credit Card,63,Delivered,
ORD002543,2023-09-28,07:58:29,CUST4541,Restaurant_8,Biryani,Delhi,1094.08,92.08,0.0,1186.16,Wallet,35,Delivered,2
ORD002544,2023-09-12,12:03:52,CUST4408,Restaurant_67,Biryani,Pune,1279.15,85.72,0.0,1364.87,UPI,53,Delivered,
ORD002545,2023-12-23,22:05:26,CUST3179,Restaurant_68,Chinese,Delhi,1298.96,63.24,0.0,1362.2,Cash on Delivery,,Cancelled,
ORD002546,2023-07-04,04:02:11,CUST4275,Restaurant_73,South Indian,Delhi,623.63,79.76,73.43,629.96,Cash on Delivery,63,Delivered,4
ORD002547,2023-12-11,01:54:11,CUST1497,Restaurant_94,Chinese,Chennai,352.09,52.43,0.0,404.52,Cash on Delivery,40,Delivered,5
ORD002548,2023-04-17,21:13:05,CUST4657,Restaurant_53,Beverages,Ahmedabad,1097.9,89.63,0.0,1187.53,Credit Card,63,Delivered,3
ORD002549,2023-04-28,00:10:46,CUST3939,Restaurant_62,Fast Food,Pune,916.6,45.69,0.0,962.29,Debit Card,,Refunded,
ORD002550,2023-05-09,08:24:32,CUST7205,Restaurant_23,Beverages,Pune,1109.21,23.61,0.0,1132.82,UPI,64,Delivered,
ORD002551,2023-07-08,01:56:10,CUST2433,Restaurant_68,North Indian,Hyderabad,1425.05,34.19,0.0,1459.24,Wallet,,Cancelled,
ORD002552,2023-01-16,19:15:17,CUST1135,Restaurant_29,Italian,Jaipur,243.85,27.32,0.0,271.17,UPI,20,Delivered,3
ORD002553,2023-10-05,12:30:46,CUST3721,Restaurant_80,South Indian,Jaipur,745.29,70.75,0.0,816.04,Wallet,,Cancelled,
ORD002554,2023-10-25,07:54:09,CUST3794,Restaurant_36,Healthy Food,Lucknow,1294.49,36.11,0.0,1330.6,Credit Card,,Cancelled,
ORD002555,2023-12-26,06:52:53,CUST1815,Restaurant_74,Biryani,Pune,1273.83,69.35,142.16,1201.02,UPI,,Cancelled,
ORD002556,2023-01-08,17:41:27,CUST9862,Restaurant_88,Healthy Food,Chennai,1077.15,87.74,0.0,1164.89,UPI,60,Delivered,2
ORD002557,2023-07-05,12:10:15,CUST6547,Restaurant_39,South Indian,Hyderabad,305.16,68.24,0.0,373.4,Credit Card,36,Delivered,3
ORD002558,2023-11-26,07:26:54,CUST7433,Restaurant_45,Italian,Lucknow,382.53,48.91,38.34,393.1,Cash on Delivery,36,Delivered,1
ORD002559,2023-10-02,02:47:31,CUST6894,Restaurant_12,Italian,Jaipur,1453.74,58.21,26.39,1485.56,Debit Card,46,Delivered,3
ORD002560,2023-10-01,05:27:44,CUST3252,Restaurant_21,Street Food,Mumbai,736.93,69.98,0.0,806.91,UPI,42,Delivered,1
ORD002561,2023-06-13,22:13:39,CUST1416,Restaurant_16,South Indian,Hyderabad,590.96,69.74,59.98,600.72,Wallet,41,Delivered,1
ORD002562,2023-04-14,15:14:16,CUST8704,Restaurant_76,South Indian,Kolkata,695.78,78.48,0.0,774.26,UPI,47,Delivered,3
ORD002563,2023-12-20,19:47:31,CUST9825,Restaurant_9,South Indian,Ahmedabad,421.22,63.65,0.0,484.87,UPI,24,Delivered,
ORD002564,2023-09-25,23:57:44,CUST2832,Restaurant_68,Fast Food,Hyderabad,202.22,20.05,0.0,222.27,Wallet,,Cancelled,
ORD002565,2023-04-30,13:04:37,CUST2547,Restaurant_13,Italian,Ahmedabad,804.62,43.41,0.0,848.03,Credit Card,,Cancelled,
ORD002566,2023-11-27,07:30:28,CUST7725,Restaurant_83,Biryani,Jaipur,1282.27,98.09,0.0,1380.36,Cash on Delivery,46,Delivered,1
ORD002567,2023-02-21,19:36:23,CUST5013,Restaurant_8,South Indian,Bengaluru,197.38,48.78,0.0,246.16,UPI,36,Delivered,3
ORD002568,2023-11-09,13:03:16,CUST6616,Restaurant_100,Beverages,Delhi,619.4,99.94,0.0,719.34,Wallet,,Refunded,
ORD002569,2023-10-29,05:27:11,CUST7077,Restaurant_69,Italian,Kolkata,793.13,20.68,0.0,813.81,UPI,,Cancelled,
ORD002570,2023-01-29,18:32:50,CUST1955,Restaurant_100,South Indian,Delhi,304.96,60.82,118.82,246.96,UPI,36,Delivered,3
ORD002571,2023-12-18,18:10:08,CUST5369,Restaurant_76,Chinese,Mumbai,965.06,85.73,0.0,1050.79,UPI,36,Delivered,5
ORD002572,2023-04-10,01:47:02,CUST1868,Restaurant_60,Healthy Food,Delhi,256.04,26.76,0.0,282.8,UPI,45,Delivered,2
ORD002573,2023-06-12,07:39:31,CUST2242,Restaurant_24,Biryani,Jaipur,562.26,86.0,94.87,553.39,Credit Card,62,Delivered,
ORD002574,2023-05-26,15:13:06,CUST8142,Restaurant_85,Healthy Food,Hyderabad,1489.56,80.62,0.0,1570.18,UPI,,Refunded,
ORD002575,2023-05-25,06:25:34,CUST4955,Restaurant_14,Chinese,Lucknow,1052.77,42.43,112.76,982.44,UPI,61,Delivered,1
ORD002576,2023-06-04,11:28:35,CUST1890,Restaurant_65,Fast Food,Jaipur,1114.05,97.63,0.0,1211.68,UPI,19,Delivered,2
ORD002577,2023-08-28,03:30:42,CUST3552,Restaurant_58,Chinese,Chennai,721.02,77.55,0.0,798.57,Debit Card,33,Delivered,5
ORD002578,2023-12-18,06:43:58,CUST3571,Restaurant_74,Fast Food,Bengaluru,473.24,34.94,0.0,508.18,Debit Card,,Refunded,
ORD002579,2023-03-10,03:22:06,CUST2772,Restaurant_17,Beverages,Lucknow,1016.01,26.68,0.0,1042.69,Cash on Delivery,32,Delivered,3
ORD002580,2023-03-29,17:19:26,CUST2205,Restaurant_28,Fast Food,Mumbai,732.63,26.52,0.0,759.15,Wallet,18,Delivered,2
ORD002581,2023-01-30,23:46:32,CUST9715,Restaurant_23,Beverages,Bengaluru,671.36,67.98,96.3,643.04,Debit Card,,Cancelled,
ORD002582,2023-01-18,00:45:34,CUST3003,Restaurant_86,South Indian,Ahmedabad,227.37,76.27,0.0,303.64,Credit Card,28,Delivered,3
ORD002583,2023-09-24,10:02:10,CUST3878,Restaurant_75,Beverages,Hyderabad,754.52,62.43,0.0,816.95,Cash on Delivery,,Cancelled,
ORD002584,2023-01-27,05:24:41,CUST7447,Restaurant_79,Healthy Food,Hyderabad,1466.78,48.35,0.0,1515.13,Debit Card,64,Delivered,1
ORD002585,2023-07-17,05:35:19,CUST7876,Restaurant_50,Biryani,Ahmedabad,295.35,96.33,66.42,325.26,Credit Card,36,Delivered,3
ORD002586,2023-01-18,21:25:37,CUST5210,Restaurant_91,Healthy Food,Delhi,935.73,51.54,30.65,956.62,Debit Card,63,Delivered,5
ORD002587,2023-12-24,16:25:01,CUST1954,Restaurant_39,Beverages,Hyderabad,1450.04,35.33,48.82,1436.55,Debit Card,,Refunded,
ORD002588,2023-03-17,04:01:09,CUST7559,Restaurant_19,North Indian,Kolkata,475.81,34.91,64.16,446.56,Cash on Delivery,,Refunded,
ORD002589,2023-06-19,20:31:54,CUST3058,Restaurant_27,North Indian,Jaipur,698.16,89.97,58.07,730.06,Wallet,55,Delivered,2
ORD002590,2023-04-18,01:30:29,CUST6758,Restaurant_53,North Indian,Mumbai,1267.97,71.25,145.18,1194.04,Cash on Delivery,28,Delivered,4
ORD002591,2023-08-25,13:33:58,CUST7893,Restaurant_63,Biryani,Kolkata,1281.79,61.56,58.23,1285.12,Cash on Delivery,24,Delivered,
ORD002592,2023-08-01,01:40:39,CUST5544,Restaurant_28,Desserts,Chennai,1194.98,68.89,0.0,1263.87,Debit Card,57,Delivered,
ORD002593,2023-05-05,16:23:47,CUST2556,Restaurant_99,Street Food,Bengaluru,580.79,36.09,127.69,489.19,Cash on Delivery,,Cancelled,
ORD002594,2023-04-10,18:02:46,CUST8293,Restaurant_61,Italian,Mumbai,1396.72,66.59,103.22,1360.09,Cash on Delivery,47,Delivered,
ORD002595,2023-11-30,20:32:41,CUST8294,Restaurant_21,Desserts,Ahmedabad,196.33,89.52,49.52,236.33,Debit Card,16,Delivered,4
ORD002596,2023-12-07,09:51:07,CUST9248,Restaurant_15,Desserts,Hyderabad,592.11,31.34,44.6,578.85,Wallet,,Cancelled,
ORD002597,2023-11-10,15:13:22,CUST8950,Restaurant_33,Fast Food,Chennai,418.35,81.47,108.19,391.63,Wallet,28,Delivered,4
ORD002598,2023-01-22,11:38:09,CUST4570,Restaurant_84,Street Food,Jaipur,1267.57,38.39,0.0,1305.96,Credit Card,,Cancelled,
ORD002599,2023-05-26,04:48:41,CUST4558,Restaurant_53,Street Food,Kolkata,730.17,73.91,0.0,804.08,Debit Card,,Refunded,
ORD002600,2023-08-30,11:01:49,CUST5586,Restaurant_27,Fast Food,Ahmedabad,496.21,37.97,26.76,507.42,Cash on Delivery,22,Delivered,1
ORD002601,2023-09-06,04:05:02,CUST2988,Restaurant_93,Desserts,Pune,366.23,33.98,131.73,268.48,Cash on Delivery,31,Delivered,1
ORD002602,2023-03-09,07:22:12,CUST6094,Restaurant_31,Desserts,Pune,628.07,50.13,117.89,560.31,Credit Card,,Refunded,
ORD002603,2023-06-25,18:48:29,CUST8143,Restaurant_87,Chinese,Jaipur,1126.15,96.97,0.0,1223.12,UPI,62,Delivered,3
ORD002604,2023-06-17,22:43:28,CUST3595,Restaurant_73,South Indian,Kolkata,577.66,40.53,0.0,618.19,Wallet,35,Delivered,
ORD002605,2023-05-31,18:08:07,CUST3462,Restaurant_47,Beverages,Delhi,993.74,77.13,0.0,1070.87,Debit Card,19,Delivered,3
ORD002606,2023-09-15,06:24:04,CUST2544,Restaurant_90,Healthy Food,Delhi,639.41,72.33,0.0,711.74,UPI,46,Delivered,2
ORD002607,2023-02-19,21:59:31,CUST9960,Restaurant_33,North Indian,Jaipur,247.09,55.04,0.0,302.13,UPI,55,Delivered,4
ORD002608,2023-04-30,12:41:56,CUST3398,Restaurant_1,Italian,Ahmedabad,881.84,31.96,59.88,853.92,Credit Card,16,Delivered,2
ORD002609,2023-11-27,17:55:25,CUST7757,Restaurant_97,North Indian,Kolkata,863.93,38.89,0.0,902.82,Debit Card,15,Delivered,2
ORD002610,2023-05-09,09:14:20,CUST7861,Restaurant_47,Healthy Food,Delhi,287.12,80.49,0.0,367.61,Wallet,50,Delivered,3
ORD002611,2023-06-05,18:25:20,CUST4541,Restaurant_81,Fast Food,Pune,258.71,85.28,103.43,240.56,Wallet,36,Delivered,
ORD002612,2023-03-30,08:22:58,CUST5163,Restaurant_14,South Indian,Ahmedabad,1284.0,94.66,114.21,1264.45,Cash on Delivery,38,Delivered,1
ORD002613,2023-11-25,20:58:54,CUST3766,Restaurant_27,Healthy Food,Bengaluru,1004.95,36.82,0.0,1041.77,Cash on Delivery,41,Delivered,3
ORD002614,2023-09-04,01:49:08,CUST5469,Restaurant_36,North Indian,Chennai,1176.66,74.73,0.0,1251.39,UPI,30,Delivered,3
ORD002615,2023-12-24,05:07:03,CUST7829,Restaurant_57,Desserts,Bengaluru,364.68,31.58,77.31,318.95,UPI,,Cancelled,
ORD002616,2023-02-15,21:28:55,CUST6944,Restaurant_18,Desserts,Kolkata,1366.89,73.08,43.77,1396.2,Cash on Delivery,36,Delivered,3
ORD002617,2023-12-05,02:44:40,CUST9250,Restaurant_23,Chinese,Chennai,170.2,51.08,121.79,99.49,UPI,38,Delivered,5
ORD002618,2023-06-07,17:31:48,CUST5433,Restaurant_44,Fast Food,Pune,911.59,64.25,0.0,975.84,Credit Card,,Cancelled,
ORD002619,2023-10-16,17:56:39,CUST4724,Restaurant_30,Italian,Hyderabad,1432.57,73.27,85.86,1419.98,Credit Card,30,Delivered,2
ORD002620,2023-11-24,00:46:43,CUST6818,Restaurant_80,Street Food,Pune,287.03,82.67,0.0,369.7,Cash on Delivery,42,Delivered,
ORD002621,2023-01-16,01:27:00,CUST3713,Restaurant_2,Chinese,Lucknow,1158.5,23.21,47.12,1134.59,Credit Card,35,Delivered,3
ORD002622,2023-11-13,22:47:04,CUST9166,Restaurant_82,Fast Food,Jaipur,190.35,46.42,49.15,187.62,Debit Card,63,Delivered,
ORD002623,2023-05-04,00:57:50,CUST2443,Restaurant_54,Fast Food,Mumbai,813.81,55.49,0.0,869.3,Wallet,,Cancelled,
ORD002624,2023-08-03,23:23:59,CUST7944,Restaurant_37,Italian,Mumbai,1354.69,41.31,0.0,1396.0,UPI,,Refunded,
ORD002625,2023-03-23,13:42:14,CUST3263,Restaurant_46,Healthy Food,Delhi,570.06,30.92,0.0,600.98,Wallet,,Refunded,
ORD002626,2023-11-12,23:35:59,CUST7703,Restaurant_81,Chinese,Pune,583.37,65.32,0.0,648.69,Wallet,49,Delivered,5
ORD002627,2023-08-16,21:45:23,CUST3698,Restaurant_93,South Indian,Delhi,467.85,64.18,0.0,532.03,Cash on Delivery,,Cancelled,
ORD002628,2023-03-05,23:25:04,CUST4660,Restaurant_22,North Indian,Hyderabad,531.16,53.21,0.0,584.37,Debit Card,16,Delivered,4
ORD002629,2023-09-17,13:24:26,CUST1405,Restaurant_13,Italian,Kolkata,739.71,36.58,0.0,776.29,UPI,,Cancelled,
ORD002630,2023-05-06,21:44:51,CUST8896,Restaurant_37,Healthy Food,Kolkata,212.54,96.36,0.0,308.9,UPI,62,Delivered,1
ORD002631,2023-01-06,18:41:08,CUST7304,Restaurant_29,North Indian,Ahmedabad,269.11,23.19,0.0,292.3,Wallet,19,Delivered,1
ORD002632,2023-05-21,04:44:00,CUST4045,Restaurant_31,Italian,Hyderabad,716.84,22.69,0.0,739.53,Credit Card,55,Delivered,
ORD002633,2023-11-04,17:18:37,CUST8556,Restaurant_24,South Indian,Kolkata,1400.73,40.35,0.0,1441.08,Cash on Delivery,46,Delivered,4
ORD002634,2023-05-01,14:44:49,CUST2730,Restaurant_79,South Indian,Ahmedabad,638.8,69.38,0.0,708.18,Wallet,58,Delivered,4
ORD002635,2023-08-11,16:53:21,CUST6442,Restaurant_100,Street Food,Delhi,906.87,60.55,0.0,967.42,Credit Card,40,Delivered,3
ORD002636,2023-01-24,17:38:17,CUST2792,Restaurant_83,Desserts,Jaipur,909.27,68.8,137.49,840.58,UPI,55,Delivered,1
ORD002637,2023-03-22,23:56:58,CUST3630,Restaurant_53,Chinese,Mumbai,418.09,72.14,0.0,490.23,Credit Card,,Cancelled,
ORD002638,2023-01-26,15:45:03,CUST6006,Restaurant_60,North Indian,Hyderabad,890.14,79.31,0.0,969.45,UPI,21,Delivered,2
ORD002639,2023-01-18,08:45:38,CUST3226,Restaurant_27,Desserts,Chennai,260.9,66.01,0.0,326.91,UPI,64,Delivered,1
ORD002640,2023-05-05,07:04:44,CUST4983,Restaurant_35,South Indian,Kolkata,1318.58,62.59,88.04,1293.13,Credit Card,,Cancelled,
ORD002641,2023-04-17,10:03:47,CUST7154,Restaurant_70,Street Food,Pune,1461.59,82.48,108.45,1435.62,Cash on Delivery,19,Delivered,1
ORD002642,2023-02-03,19:40:43,CUST4430,Restaurant_22,Desserts,Hyderabad,351.24,81.05,0.0,432.29,Cash on Delivery,35,Delivered,3
ORD002643,2023-07-16,10:23:35,CUST6120,Restaurant_84,Street Food,Bengaluru,267.98,36.82,110.39,194.41,Cash on Delivery,,Refunded,
ORD002644,2023-12-14,13:53:17,CUST2182,Restaurant_76,Beverages,Kolkata,1338.63,92.73,0.0,1431.36,UPI,16,Delivered,1
ORD002645,2023-09-01,05:46:41,CUST6711,Restaurant_68,Beverages,Ahmedabad,1312.08,43.18,0.0,1355.26,UPI,52,Delivered,5
ORD002646,2023-09-26,03:33:21,CUST7582,Restaurant_6,Street Food,Kolkata,1083.22,54.49,0.0,1137.71,Credit Card,56,Delivered,5
ORD002647,2023-08-01,11:32:23,CUST5005,Restaurant_74,Chinese,Bengaluru,1095.73,75.87,0.0,1171.6,Debit Card,38,Delivered,
ORD002648,2023-04-29,17:52:30,CUST9646,Restaurant_69,Italian,Pune,921.48,21.5,31.0,911.98,Debit Card,27,Delivered,5
ORD002649,2023-03-22,10:17:21,CUST9585,Restaurant_21,Street Food,Pune,1039.91,89.76,0.0,1129.67,Debit Card,59,Delivered,2
ORD002650,2023-12-05,06:21:02,CUST3255,Restaurant_3,Healthy Food,Jaipur,161.89,68.43,0.0,230.32,Debit Card,54,Delivered,3
ORD002651,2023-04-06,14:06:53,CUST8600,Restaurant_24,Fast Food,Jaipur,191.58,42.7,149.68,84.6,Wallet,32,Delivered,
ORD002652,2023-04-27,20:39:40,CUST7910,Restaurant_33,North Indian,Mumbai,1087.61,91.31,0.0,1178.92,Wallet,29,Delivered,2
ORD002653,2023-11-25,02:49:05,CUST3884,Restaurant_54,Desserts,Kolkata,849.37,50.92,0.0,900.29,UPI,55,Delivered,5
ORD002654,2023-01-04,22:11:01,CUST7286,Restaurant_4,Italian,Mumbai,255.69,73.85,0.0,329.54,UPI,,Cancelled,
ORD002655,2023-08-13,12:09:46,CUST8815,Restaurant_68,South Indian,Hyderabad,1473.44,46.35,17.37,1502.42,Wallet,63,Delivered,2
ORD002656,2023-01-22,03:58:45,CUST4896,Restaurant_16,Beverages,Lucknow,471.17,26.11,0.0,497.28,Wallet,35,Delivered,3
ORD002657,2023-07-30,07:31:28,CUST7723,Restaurant_20,North Indian,Jaipur,1492.97,63.73,138.65,1418.05,Credit Card,,Cancelled,
ORD002658,2023-08-13,21:39:25,CUST8748,Restaurant_65,Beverages,Lucknow,1462.93,56.21,53.98,1465.16,Debit Card,51,Delivered,5
ORD002659,2023-07-09,23:44:56,CUST4975,Restaurant_19,Beverages,Chennai,333.34,42.38,0.0,375.72,UPI,37,Delivered,1
ORD002660,2023-09-01,07:31:36,CUST6671,Restaurant_29,Desserts,Delhi,329.05,42.83,0.0,371.88,Debit Card,25,Delivered,5
ORD002661,2023-08-13,07:20:27,CUST4625,Restaurant_42,Healthy Food,Bengaluru,1111.47,76.99,0.0,1188.46,UPI,15,Delivered,3
ORD002662,2023-02-20,11:01:29,CUST1330,Restaurant_90,North Indian,Jaipur,851.27,34.05,0.0,885.32,UPI,62,Delivered,
ORD002663,2023-07-11,03:12:11,CUST9510,Restaurant_13,Desserts,Mumbai,1250.55,81.31,0.0,1331.86,Credit Card,26,Delivered,3
ORD002664,2023-12-20,19:12:45,CUST9603,Restaurant_56,North Indian,Chennai,288.02,32.18,0.0,320.2,Cash on Delivery,53,Delivered,
ORD002665,2023-06-28,20:55:10,CUST7201,Restaurant_26,North Indian,Delhi,806.2,76.53,0.0,882.73,Debit Card,,Refunded,
ORD002666,2023-01-08,20:15:21,CUST3893,Restaurant_24,Biryani,Jaipur,1227.42,81.58,0.0,1309.0,Credit Card,47,Delivered,1
ORD002667,2023-07-05,12:50:24,CUST7298,Restaurant_43,Street Food,Hyderabad,919.31,58.07,0.0,977.38,Credit Card,62,Delivered,4
ORD002668,2023-08-10,14:35:48,CUST3923,Restaurant_54,Healthy Food,Hyderabad,624.0,64.65,60.39,628.26,Wallet,62,Delivered,4
ORD002669,2023-11-17,05:02:58,CUST6140,Restaurant_18,Italian,Kolkata,1250.21,45.22,0.0,1295.43,Debit Card,,Refunded,
ORD002670,2023-05-21,10:14:03,CUST2541,Restaurant_76,Beverages,Mumbai,246.74,83.64,0.0,330.38,Wallet,,Cancelled,
ORD002671,2023-03-03,13:24:27,CUST9911,Restaurant_5,Fast Food,Hyderabad,709.49,89.88,0.0,799.37,Debit Card,53,Delivered,3
ORD002672,2023-06-04,05:30:57,CUST9391,Restaurant_21,Italian,Delhi,316.69,74.08,0.0,390.77,Credit Card,31,Delivered,5
ORD002673,2023-07-28,08:21:04,CUST5053,Restaurant_27,Desserts,Bengaluru,951.27,50.94,24.8,977.41,UPI,49,Delivered,5
ORD002674,2023-07-27,09:15:10,CUST2146,Restaurant_13,Biryani,Lucknow,669.91,45.2,139.15,575.96,Wallet,46,Delivered,2
ORD002675,2023-10-21,07:52:44,CUST3371,Restaurant_58,Fast Food,Mumbai,949.44,56.52,0.0,1005.96,Debit Card,63,Delivered,2
ORD002676,2023-12-04,23:29:24,CUST5238,Restaurant_15,Street Food,Hyderabad,337.77,72.6,0.0,410.37,Credit Card,,Refunded,
ORD002677,2023-08-04,14:40:52,CUST7148,Restaurant_3,Street Food,Chennai,937.72,51.08,0.0,988.8,Credit Card,41,Delivered,5
ORD002678,2023-01-14,04:46:37,CUST6442,Restaurant_8,Healthy Food,Pune,1384.51,97.85,146.65,1335.71,UPI,40,Delivered,5
ORD002679,2023-09-11,20:57:04,CUST3277,Restaurant_11,Chinese,Jaipur,1463.09,82.04,0.0,1545.13,Cash on Delivery,,Refunded,
ORD002680,2023-05-24,01:48:43,CUST3481,Restaurant_81,Healthy Food,Hyderabad,841.61,96.31,50.74,887.18,UPI,44,Delivered,
ORD002681,2023-12-02,07:49:17,CUST6821,Restaurant_82,North Indian,Mumbai,1450.68,29.7,0.0,1480.38,Debit Card,16,Delivered,4
ORD002682,2023-12-13,01:31:08,CUST6563,Restaurant_36,South Indian,Pune,1099.66,80.32,0.0,1179.98,Credit Card,45,Delivered,
ORD002683,2023-05-18,08:07:43,CUST3434,Restaurant_18,Desserts,Delhi,668.18,90.33,52.08,706.43,Credit Card,56,Delivered,4
ORD002684,2023-03-28,10:51:30,CUST9720,Restaurant_98,Fast Food,Delhi,686.21,82.83,67.04,702.0,Wallet,19,Delivered,4
ORD002685,2023-03-29,20:40:54,CUST9662,Restaurant_27,Chinese,Hyderabad,1055.63,26.14,58.96,1022.81,Wallet,28,Delivered,2
ORD002686,2023-03-12,05:37:42,CUST8557,Restaurant_38,Italian,Jaipur,731.41,97.01,105.35,723.07,Cash on Delivery,,Refunded,
ORD002687,2023-11-22,06:34:00,CUST7426,Restaurant_15,South Indian,Pune,1206.04,75.66,52.05,1229.65,Credit Card,43,Delivered,3
ORD002688,2023-03-06,09:21:00,CUST5327,Restaurant_37,Desserts,Mumbai,1353.46,38.21,0.0,1391.67,Cash on Delivery,,Cancelled,
ORD002689,2023-10-17,10:40:42,CUST9581,Restaurant_23,Italian,Lucknow,542.67,86.69,75.47,553.89,Debit Card,,Refunded,
ORD002690,2023-07-17,13:18:24,CUST9092,Restaurant_26,Italian,Lucknow,1333.76,87.88,0.0,1421.64,Debit Card,,Cancelled,
ORD002691,2023-02-21,06:35:07,CUST1574,Restaurant_12,Italian,Kolkata,404.85,67.11,0.0,471.96,UPI,27,Delivered,4
ORD002692,2023-01-15,08:54:46,CUST7155,Restaurant_24,Italian,Delhi,734.67,48.37,0.0,783.04,Cash on Delivery,,Refunded,
ORD002693,2023-08-14,13:22:46,CUST2108,Restaurant_74,Italian,Jaipur,280.2,67.2,133.41,213.99,UPI,,Cancelled,
ORD002694,2023-06-27,21:44:10,CUST2204,Restaurant_13,Fast Food,Jaipur,1201.18,71.51,129.81,1142.88,UPI,22,Delivered,5
ORD002695,2023-01-27,16:13:30,CUST7030,Restaurant_72,South Indian,Kolkata,696.91,62.86,0.0,759.77,Debit Card,31,Delivered,
ORD002696,2023-10-25,06:58:16,CUST3150,Restaurant_78,South Indian,Jaipur,1410.51,84.0,0.0,1494.51,Wallet,64,Delivered,2
ORD002697,2023-12-29,18:00:53,CUST3226,Restaurant_55,Healthy Food,Ahmedabad,1120.35,46.66,0.0,1167.01,Credit Card,,Cancelled,
ORD002698,2023-09-13,08:51:37,CUST7095,Restaurant_24,Desserts,Lucknow,1344.75,30.41,0.0,1375.16,UPI,,Cancelled,
ORD002699,2023-10-16,02:16:05,CUST4189,Restaurant_95,Italian,Jaipur,475.79,45.89,19.98,501.7,UPI,56,Delivered,2
ORD002700,2023-12-29,04:00:51,CUST4058,Restaurant_2,Beverages,Chennai,1365.55,27.05,0.0,1392.6,Wallet,54,Delivered,5
ORD002701,2023-04-04,04:23:13,CUST4341,Restaurant_78,Street Food,Pune,1340.41,37.32,0.0,1377.73,Wallet,,Cancelled,
ORD002702,2023-10-16,19:40:13,CUST8801,Restaurant_86,Street Food,Mumbai,821.1,26.85,0.0,847.95,Wallet,50,Delivered,4
ORD002703,2023-06-18,00:59:44,CUST9163,Restaurant_8,Street Food,Lucknow,814.71,44.0,16.58,842.13,Debit Card,29,Delivered,4
ORD002704,2023-11-29,18:46:23,CUST6559,Restaurant_7,North Indian,Lucknow,915.92,84.81,0.0,1000.73,UPI,45,Delivered,5
ORD002705,2023-04-05,11:52:37,CUST2061,Restaurant_89,Biryani,Mumbai,308.18,75.5,47.37,336.31,Debit Card,,Cancelled,
ORD002706,2023-02-18,01:07:08,CUST9940,Restaurant_2,North Indian,Mumbai,868.79,56.84,0.0,925.63,Credit Card,41,Delivered,1
ORD002707,2023-05-04,06:37:20,CUST8707,Restaurant_7,Street Food,Lucknow,1269.83,86.31,135.72,1220.42,Wallet,59,Delivered,1
ORD002708,2023-07-06,09:53:55,CUST8955,Restaurant_50,North Indian,Kolkata,1023.07,61.05,0.0,1084.12,Cash on Delivery,55,Delivered,4
ORD002709,2023-05-28,23:09:38,CUST3228,Restaurant_35,North Indian,Pune,365.56,20.09,0.0,385.65,Wallet,57,Delivered,1
ORD002710,2023-03-30,13:50:47,CUST2542,Restaurant_45,Fast Food,Bengaluru,798.69,78.9,0.0,877.59,Cash on Delivery,64,Delivered,2
ORD002711,2023-08-14,10:37:14,CUST5853,Restaurant_19,Beverages,Hyderabad,310.46,49.34,0.0,359.8,UPI,15,Delivered,5
ORD002712,2023-07-29,04:35:57,CUST9583,Restaurant_97,Street Food,Chennai,1375.43,58.47,0.0,1433.9,UPI,29,Delivered,3
ORD002713,2023-01-03,00:14:15,CUST9241,Restaurant_53,Healthy Food,Pune,592.57,50.7,0.0,643.27,Wallet,64,Delivered,2
ORD002714,2023-04-13,06:37:18,CUST9404,Restaurant_10,Chinese,Bengaluru,1453.85,99.23,142.46,1410.62,Cash on Delivery,24,Delivered,2
ORD002715,2023-11-26,19:20:16,CUST8297,Restaurant_92,North Indian,Delhi,350.92,48.43,0.0,399.35,Cash on Delivery,46,Delivered,
ORD002716,2023-04-13,18:39:38,CUST7810,Restaurant_85,Chinese,Delhi,670.49,20.91,0.0,691.4,UPI,22,Delivered,2
ORD002717,2023-10-20,04:54:16,CUST4082,Restaurant_86,Street Food,Delhi,635.11,51.57,0.0,686.68,Debit Card,40,Delivered,5
ORD002718,2023-10-21,14:59:08,CUST7074,Restaurant_17,South Indian,Ahmedabad,980.55,44.59,0.0,1025.14,UPI,28,Delivered,2
ORD002719,2023-06-19,16:19:30,CUST1371,Restaurant_55,Chinese,Mumbai,891.22,56.55,0.0,947.77,UPI,65,Delivered,5
ORD002720,2023-01-12,11:19:23,CUST9021,Restaurant_75,North Indian,Ahmedabad,155.75,58.35,115.04,99.06,Credit Card,53,Delivered,3
ORD002721,2023-07-26,05:29:51,CUST9748,Restaurant_15,Italian,Chennai,1121.94,25.58,33.29,1114.23,UPI,33,Delivered,5
ORD002722,2023-06-06,14:48:03,CUST5539,Restaurant_94,Street Food,Hyderabad,587.15,29.95,0.0,617.1,Debit Card,,Cancelled,
ORD002723,2023-06-07,00:51:36,CUST2280,Restaurant_49,Healthy Food,Pune,1387.89,32.32,0.0,1420.21,UPI,26,Delivered,4
ORD002724,2023-06-22,18:52:58,CUST3862,Restaurant_42,Healthy Food,Bengaluru,1119.88,28.72,0.0,1148.6,Cash on Delivery,21,Delivered,3
ORD002725,2023-10-12,20:03:13,CUST2494,Restaurant_69,North Indian,Lucknow,1167.09,53.49,0.0,1220.58,UPI,39,Delivered,
ORD002726,2023-10-27,04:36:04,CUST4464,Restaurant_3,North Indian,Jaipur,439.01,86.44,0.0,525.45,Cash on Delivery,,Refunded,
ORD002727,2023-01-28,13:36:34,CUST6776,Restaurant_67,Fast Food,Bengaluru,819.34,64.27,0.0,883.61,UPI,19,Delivered,
ORD002728,2023-02-15,13:15:39,CUST3399,Restaurant_82,Street Food,Jaipur,709.1,41.28,0.0,750.38,UPI,44,Delivered,5
ORD002729,2023-10-12,19:52:38,CUST4771,Restaurant_59,South Indian,Ahmedabad,887.79,90.01,0.0,977.8,Cash on Delivery,20,Delivered,3
ORD002730,2023-03-14,18:06:20,CUST1819,Restaurant_94,Chinese,Hyderabad,1165.23,46.26,0.0,1211.49,UPI,56,Delivered,5
ORD002731,2023-06-11,14:25:26,CUST2008,Restaurant_23,South Indian,Lucknow,1062.88,44.27,0.0,1107.15,UPI,52,Delivered,1
ORD002732,2023-06-07,14:14:20,CUST4101,Restaurant_85,Beverages,Chennai,906.95,91.3,0.0,998.25,Credit Card,,Cancelled,
ORD002733,2023-07-29,10:22:07,CUST9410,Restaurant_5,Street Food,Jaipur,1197.02,83.28,0.0,1280.3,Debit Card,,Refunded,
ORD002734,2023-07-09,14:42:54,CUST9089,Restaurant_4,Desserts,Chennai,1009.93,68.39,0.0,1078.32,Wallet,50,Delivered,
ORD002735,2023-11-28,11:37:18,CUST5207,Restaurant_77,Beverages,Chennai,1396.8,52.93,148.18,1301.55,Cash on Delivery,,Cancelled,
ORD002736,2023-05-05,03:43:24,CUST4993,Restaurant_95,Biryani,Delhi,397.74,36.63,0.0,434.37,Wallet,58,Delivered,
ORD002737,2023-04-14,18:35:51,CUST9930,Restaurant_7,North Indian,Kolkata,1315.48,21.6,0.0,1337.08,Debit Card,25,Delivered,2
ORD002738,2023-11-24,09:47:10,CUST3784,Restaurant_56,Fast Food,Delhi,151.9,31.37,0.0,183.27,Credit Card,23,Delivered,3
ORD002739,2023-09-20,04:04:28,CUST9294,Restaurant_57,Italian,Delhi,1236.0,27.83,118.38,1145.45,Debit Card,,Cancelled,
ORD002740,2023-08-14,08:43:09,CUST9489,Restaurant_63,Fast Food,Lucknow,646.03,20.62,0.0,666.65,Credit Card,,Refunded,
ORD002741,2023-02-11,13:05:26,CUST9717,Restaurant_44,Fast Food,Chennai,580.19,99.2,0.0,679.39,UPI,,Refunded,
ORD002742,2023-02-05,21:14:52,CUST1272,Restaurant_34,Biryani,Pune,1032.12,46.97,0.0,1079.09,Cash on Delivery,17,Delivered,
ORD002743,2023-05-04,13:05:43,CUST1585,Restaurant_60,Beverages,Kolkata,820.16,51.15,0.0,871.31,UPI,,Refunded,
ORD002744,2023-08-14,15:54:07,CUST6689,Restaurant_47,Chinese,Chennai,232.15,21.09,0.0,253.24,Wallet,18,Delivered,3
ORD002745,2023-12-14,12:26:41,CUST1401,Restaurant_24,Italian,Chennai,336.38,43.95,131.54,248.79,Wallet,,Refunded,
ORD002746,2023-07-26,07:23:27,CUST5794,Restaurant_36,Healthy Food,Jaipur,1469.94,24.08,0.0,1494.02,Wallet,32,Delivered,2
ORD002747,2023-10-08,12:47:11,CUST3643,Restaurant_89,Beverages,Mumbai,628.85,85.96,106.12,608.69,Wallet,,Refunded,
ORD002748,2023-01-17,07:17:41,CUST7467,Restaurant_93,North Indian,Lucknow,1365.67,27.36,66.39,1326.64,Wallet,45,Delivered,3
ORD002749,2023-05-12,01:37:10,CUST5967,Restaurant_80,Healthy Food,Delhi,209.52,39.0,43.85,204.67,UPI,33,Delivered,
ORD002750,2023-11-20,19:17:55,CUST2093,Restaurant_66,Beverages,Kolkata,1213.17,53.44,0.0,1266.61,Wallet,31,Delivered,2
ORD002751,2023-01-18,14:53:32,CUST2098,Restaurant_25,Italian,Pune,514.82,53.22,0.0,568.04,Wallet,27,Delivered,4
ORD002752,2023-03-08,10:17:26,CUST2738,Restaurant_64,Street Food,Delhi,523.8,69.01,117.66,475.15,Debit Card,21,Delivered,2
ORD002753,2023-10-08,08:22:59,CUST8613,Restaurant_69,Italian,Lucknow,698.66,81.93,0.0,780.59,Cash on Delivery,26,Delivered,3
ORD002754,2023-05-31,13:06:36,CUST6804,Restaurant_3,Italian,Jaipur,1132.64,50.83,0.0,1183.47,Debit Card,,Cancelled,
ORD002755,2023-04-09,08:27:27,CUST1578,Restaurant_19,South Indian,Delhi,1304.98,78.6,0.0,1383.58,Cash on Delivery,,Cancelled,
ORD002756,2023-05-10,15:16:39,CUST9325,Restaurant_16,Fast Food,Chennai,357.41,70.54,0.0,427.95,UPI,55,Delivered,
ORD002757,2023-09-05,20:35:47,CUST4927,Restaurant_55,Healthy Food,Delhi,316.68,34.19,0.0,350.87,Cash on Delivery,,Cancelled,
ORD002758,2023-05-16,18:34:44,CUST7485,Restaurant_61,South Indian,Mumbai,346.51,85.16,0.0,431.67,Wallet,55,Delivered,
ORD002759,2023-05-03,09:51:43,CUST4178,Restaurant_18,Desserts,Ahmedabad,1318.97,57.36,0.0,1376.33,Credit Card,37,Delivered,5
ORD002760,2023-11-07,15:00:21,CUST6072,Restaurant_24,Biryani,Bengaluru,864.87,34.66,0.0,899.53,Credit Card,,Refunded,
ORD002761,2023-09-04,09:52:35,CUST1718,Restaurant_47,North Indian,Lucknow,1240.75,67.44,110.82,1197.37,Cash on Delivery,25,Delivered,3
ORD002762,2023-12-01,10:23:12,CUST8081,Restaurant_74,Chinese,Kolkata,798.39,47.23,0.0,845.62,Wallet,21,Delivered,2
ORD002763,2023-04-21,01:14:48,CUST9443,Restaurant_60,Desserts,Mumbai,246.2,40.61,0.0,286.81,Cash on Delivery,21,Delivered,1
ORD002764,2023-09-17,03:04:38,CUST4481,Restaurant_33,Desserts,Hyderabad,849.98,95.3,0.0,945.28,Credit Card,,Refunded,
ORD002765,2023-06-30,01:06:33,CUST7737,Restaurant_34,Beverages,Kolkata,508.31,84.39,97.53,495.17,Debit Card,39,Delivered,
ORD002766,2023-01-05,20:22:22,CUST2326,Restaurant_87,Biryani,Ahmedabad,378.05,27.59,0.0,405.64,Debit Card,62,Delivered,3
ORD002767,2023-02-25,10:16:24,CUST6720,Restaurant_95,South Indian,Pune,241.79,66.53,0.0,308.32,Debit Card,,Refunded,
ORD002768,2023-05-24,01:00:29,CUST6589,Restaurant_96,Italian,Mumbai,973.2,41.71,0.0,1014.91,UPI,,Refunded,
ORD002769,2023-07-10,18:06:04,CUST3217,Restaurant_35,Street Food,Chennai,186.23,37.04,0.0,223.27,Credit Card,,Refunded,
ORD002770,2023-07-03,01:27:32,CUST1356,Restaurant_88,Italian,Bengaluru,1382.66,34.59,132.06,1285.19,Wallet,52,Delivered,
ORD002771,2023-06-14,23:40:43,CUST4795,Restaurant_54,Italian,Mumbai,1370.47,74.58,0.0,1445.05,Wallet,64,Delivered,5
ORD002772,2023-04-20,15:11:30,CUST6404,Restaurant_30,South Indian,Kolkata,1199.72,52.69,0.0,1252.41,Wallet,22,Delivered,
ORD002773,2023-04-25,10:53:58,CUST6247,Restaurant_39,Beverages,Jaipur,568.46,29.8,0.0,598.26,Wallet,,Refunded,
ORD002774,2023-01-27,05:13:58,CUST7724,Restaurant_39,Street Food,Hyderabad,800.94,45.01,0.0,845.95,Wallet,24,Delivered,4
ORD002775,2023-02-20,23:11:22,CUST2220,Restaurant_32,Biryani,Hyderabad,302.06,98.51,25.84,374.73,Debit Card,51,Delivered,1
ORD002776,2023-09-06,09:18:19,CUST3491,Restaurant_8,Beverages,Delhi,975.26,98.19,0.0,1073.45,Debit Card,15,Delivered,
ORD002777,2023-03-15,12:02:08,CUST8099,Restaurant_24,Desserts,Mumbai,1186.44,46.63,0.0,1233.07,Wallet,58,Delivered,4
ORD002778,2023-01-17,09:14:38,CUST3850,Restaurant_54,Street Food,Chennai,392.68,27.77,69.59,350.86,Credit Card,,Refunded,
ORD002779,2023-12-06,15:09:51,CUST7290,Restaurant_3,Biryani,Bengaluru,468.26,44.8,0.0,513.06,Cash on Delivery,,Cancelled,
ORD002780,2023-10-03,15:20:33,CUST2293,Restaurant_13,Street Food,Delhi,1463.16,83.51,61.36,1485.31,Debit Card,,Cancelled,
ORD002781,2023-07-13,05:28:40,CUST8018,Restaurant_25,Desserts,Jaipur,955.02,93.5,0.0,1048.52,Credit Card,25,Delivered,5
ORD002782,2023-09-29,01:17:11,CUST7304,Restaurant_48,Desserts,Hyderabad,398.61,80.69,66.2,413.1,Debit Card,40,Delivered,3
ORD002783,2023-10-04,23:29:11,CUST3017,Restaurant_43,Biryani,Lucknow,577.02,79.48,0.0,656.5,UPI,48,Delivered,1
ORD002784,2023-09-28,23:10:06,CUST7574,Restaurant_84,Fast Food,Lucknow,390.36,47.96,0.0,438.32,Debit Card,37,Delivered,2
ORD002785,2023-07-22,14:21:13,CUST7757,Restaurant_13,Healthy Food,Delhi,966.77,44.18,0.0,1010.95,UPI,32,Delivered,1
ORD002786,2023-07-16,21:21:30,CUST9741,Restaurant_10,Beverages,Pune,1274.93,61.39,93.84,1242.48,Credit Card,63,Delivered,5
ORD002787,2023-04-02,11:06:35,CUST2295,Restaurant_34,Desserts,Bengaluru,599.22,60.59,0.0,659.81,Credit Card,,Cancelled,
ORD002788,2023-03-06,17:55:13,CUST8104,Restaurant_4,Desserts,Lucknow,1377.82,54.61,82.17,1350.26,Debit Card,,Refunded,
ORD002789,2023-11-13,13:18:11,CUST7775,Restaurant_81,Fast Food,Lucknow,1130.81,99.92,80.28,1150.45,Credit Card,33,Delivered,
ORD002790,2023-06-26,02:03:29,CUST4834,Restaurant_68,Chinese,Chennai,684.6,69.1,0.0,753.7,UPI,31,Delivered,
ORD002791,2023-03-19,15:56:48,CUST6795,Restaurant_66,Beverages,Mumbai,1151.56,40.07,147.45,1044.18,Debit Card,,Cancelled,
ORD002792,2023-05-26,10:58:55,CUST2415,Restaurant_68,Italian,Hyderabad,1271.55,36.47,0.0,1308.02,Credit Card,,Cancelled,
ORD002793,2023-07-31,01:31:49,CUST1321,Restaurant_44,Beverages,Hyderabad,1314.34,60.06,117.73,1256.67,Credit Card,,Cancelled,
ORD002794,2023-01-19,20:12:06,CUST5798,Restaurant_85,Healthy Food,Mumbai,589.68,88.92,0.0,678.6,UPI,28,Delivered,2
ORD002795,2023-11-23,06:23:12,CUST4043,Restaurant_85,Fast Food,Bengaluru,786.36,73.68,0.0,860.04,Debit Card,32,Delivered,5
ORD002796,2023-09-22,11:24:52,CUST1666,Restaurant_70,Desserts,Chennai,604.22,88.24,0.0,692.46,Wallet,60,Delivered,1
ORD002797,2023-03-15,23:20:31,CUST2195,Restaurant_46,Beverages,Lucknow,1340.42,67.1,0.0,1407.52,Cash on Delivery,51,Delivered,5
ORD002798,2023-04-17,23:23:01,CUST1880,Restaurant_2,Italian,Lucknow,1471.61,40.67,0.0,1512.28,Wallet,54,Delivered,3
ORD002799,2023-01-14,10:38:53,CUST5061,Restaurant_23,Chinese,Ahmedabad,317.92,21.9,136.64,203.18,Debit Card,29,Delivered,4
ORD002800,2023-08-11,22:09:40,CUST1842,Restaurant_88,Italian,Chennai,917.8,55.71,128.95,844.56,UPI,51,Delivered,
ORD002801,2023-10-03,22:18:11,CUST8002,Restaurant_93,North Indian,Lucknow,1020.1,72.54,54.27,1038.37,Debit Card,46,Delivered,5
ORD002802,2023-10-08,13:24:20,CUST9273,Restaurant_43,Italian,Lucknow,1225.36,85.97,0.0,1311.33,Cash on Delivery,37,Delivered,2
ORD002803,2023-01-17,04:16:56,CUST2540,Restaurant_4,Fast Food,Ahmedabad,325.58,72.82,0.0,398.4,UPI,19,Delivered,
ORD002804,2023-10-22,15:50:45,CUST2287,Restaurant_89,Healthy Food,Ahmedabad,1012.65,37.91,106.29,944.27,Cash on Delivery,,Refunded,
ORD002805,2023-08-21,05:22:13,CUST7903,Restaurant_47,Chinese,Bengaluru,172.31,77.76,0.0,250.07,Wallet,59,Delivered,5
ORD002806,2023-01-03,05:46:26,CUST4986,Restaurant_5,Italian,Pune,300.81,33.09,11.42,322.48,Wallet,,Cancelled,
ORD002807,2023-07-22,11:11:16,CUST6028,Restaurant_59,Street Food,Ahmedabad,549.06,42.79,0.0,591.85,Cash on Delivery,30,Delivered,
ORD002808,2023-10-15,00:20:04,CUST4878,Restaurant_2,Fast Food,Mumbai,789.26,86.51,113.34,762.43,Credit Card,25,Delivered,3
ORD002809,2023-03-31,22:41:22,CUST4215,Restaurant_39,Biryani,Kolkata,1323.6,96.66,19.75,1400.51,Credit Card,15,Delivered,
ORD002810,2023-07-30,00:15:04,CUST7144,Restaurant_86,Fast Food,Pune,1226.55,97.56,0.0,1324.11,Credit Card,25,Delivered,5
ORD002811,2023-03-21,03:24:02,CUST5590,Restaurant_100,Biryani,Mumbai,675.8,68.82,27.17,717.45,Wallet,47,Delivered,
ORD002812,2023-04-29,21:42:56,CUST2322,Restaurant_83,Italian,Hyderabad,176.45,28.03,0.0,204.48,Debit Card,18,Delivered,
ORD002813,2023-05-31,21:31:51,CUST2474,Restaurant_83,Fast Food,Bengaluru,788.76,94.79,0.0,883.55,Debit Card,,Cancelled,
ORD002814,2023-08-01,13:38:01,CUST8877,Restaurant_13,Fast Food,Delhi,175.17,86.23,0.0,261.4,Cash on Delivery,26,Delivered,
ORD002815,2023-08-17,15:20:06,CUST5757,Restaurant_3,Desserts,Jaipur,1429.37,74.97,0.0,1504.34,UPI,,Cancelled,
ORD002816,2023-03-06,12:54:40,CUST1619,Restaurant_4,Beverages,Lucknow,791.32,72.94,0.0,864.26,Debit Card,,Refunded,
ORD002817,2023-06-09,00:26:59,CUST6603,Restaurant_11,Biryani,Pune,564.19,23.05,0.0,587.24,UPI,58,Delivered,2
ORD002818,2023-10-18,06:19:39,CUST4065,Restaurant_79,Desserts,Mumbai,1302.1,38.51,0.0,1340.61,Debit Card,32,Delivered,3
ORD002819,2023-11-13,01:36:44,CUST3457,Restaurant_20,Desserts,Delhi,914.99,32.39,0.0,947.38,Credit Card,59,Delivered,5
ORD002820,2023-02-15,11:45:02,CUST6876,Restaurant_40,Desserts,Kolkata,1173.37,83.81,0.0,1257.18,Credit Card,60,Delivered,3
ORD002821,2023-08-31,15:01:20,CUST8623,Restaurant_91,Desserts,Delhi,1440.26,23.01,0.0,1463.27,Wallet,56,Delivered,1
ORD002822,2023-07-28,21:22:18,CUST4621,Restaurant_22,Fast Food,Kolkata,1337.47,69.32,0.0,1406.79,Wallet,19,Delivered,3
ORD002823,2023-06-02,13:15:12,CUST1109,Restaurant_81,Desserts,Chennai,235.9,80.35,52.92,263.33,Cash on Delivery,33,Delivered,2
ORD002824,2023-12-13,02:07:56,CUST2005,Restaurant_86,North Indian,Hyderabad,672.57,79.85,0.0,752.42,Cash on Delivery,19,Delivered,3
ORD002825,2023-04-07,19:12:52,CUST1141,Restaurant_53,South Indian,Pune,1477.32,76.45,130.58,1423.19,Wallet,32,Delivered,3
ORD002826,2023-12-28,06:09:01,CUST9537,Restaurant_3,Street Food,Lucknow,399.23,78.13,0.0,477.36,UPI,33,Delivered,
ORD002827,2023-02-11,14:22:34,CUST7038,Restaurant_97,Beverages,Bengaluru,1452.66,79.37,0.0,1532.03,Credit Card,50,Delivered,4
ORD002828,2023-04-25,20:34:05,CUST1676,Restaurant_60,Chinese,Delhi,470.11,54.77,0.0,524.88,Credit Card,36,Delivered,5
ORD002829,2023-08-01,14:20:49,CUST5813,Restaurant_68,Beverages,Kolkata,427.76,25.97,0.0,453.73,Cash on Delivery,48,Delivered,3
ORD002830,2023-06-30,01:59:04,CUST6535,Restaurant_25,North Indian,Mumbai,848.13,42.09,45.18,845.04,UPI,50,Delivered,2
ORD002831,2023-06-10,14:51:53,CUST4892,Restaurant_68,Street Food,Delhi,465.21,95.19,0.0,560.4,UPI,22,Delivered,
ORD002832,2023-04-23,02:11:40,CUST5032,Restaurant_82,Italian,Delhi,623.19,26.62,88.76,561.05,Debit Card,55,Delivered,2
ORD002833,2023-09-07,18:46:20,CUST7167,Restaurant_5,Beverages,Lucknow,882.21,81.43,117.62,846.02,Debit Card,,Refunded,
ORD002834,2023-06-26,05:32:30,CUST5221,Restaurant_89,Beverages,Pune,304.5,93.13,0.0,397.63,Cash on Delivery,,Cancelled,
ORD002835,2023-02-01,18:11:06,CUST8259,Restaurant_13,Italian,Hyderabad,1407.6,55.38,0.0,1462.98,Cash on Delivery,33,Delivered,5
ORD002836,2023-07-14,16:46:20,CUST6280,Restaurant_29,South Indian,Kolkata,537.63,57.77,0.0,595.4,UPI,,Cancelled,
ORD002837,2023-03-13,16:16:53,CUST8923,Restaurant_39,Italian,Hyderabad,744.75,50.34,12.13,782.96,Credit Card,25,Delivered,1
ORD002838,2023-11-23,18:33:19,CUST3859,Restaurant_96,Chinese,Chennai,1228.05,55.75,0.0,1283.8,Credit Card,21,Delivered,4
ORD002839,2023-11-03,15:45:56,CUST2848,Restaurant_64,North Indian,Jaipur,325.54,40.56,0.0,366.1,Debit Card,44,Delivered,2
ORD002840,2023-02-27,07:37:24,CUST1980,Restaurant_61,South Indian,Delhi,478.33,28.67,0.0,507.0,UPI,64,Delivered,1
ORD002841,2023-01-26,01:10:45,CUST3071,Restaurant_9,Desserts,Delhi,521.21,95.39,0.0,616.6,Credit Card,,Cancelled,
ORD002842,2023-12-20,08:30:04,CUST9236,Restaurant_90,Fast Food,Bengaluru,319.34,61.35,0.0,380.69,UPI,,Refunded,
ORD002843,2023-04-04,16:29:50,CUST3231,Restaurant_12,Street Food,Kolkata,577.16,45.15,0.0,622.31,Debit Card,50,Delivered,1
ORD002844,2023-12-04,10:50:38,CUST2151,Restaurant_14,Fast Food,Bengaluru,371.44,92.8,0.0,464.24,Debit Card,31,Delivered,
ORD002845,2023-12-24,01:19:48,CUST2476,Restaurant_75,Desserts,Delhi,919.54,69.78,0.0,989.32,Wallet,30,Delivered,3
ORD002846,2023-09-26,08:00:48,CUST9546,Restaurant_57,Italian,Mumbai,1476.51,53.83,0.0,1530.34,UPI,42,Delivered,3
ORD002847,2023-02-25,02:05:54,CUST3505,Restaurant_19,Healthy Food,Hyderabad,1041.78,27.18,83.96,985.0,Debit Card,63,Delivered,5
ORD002848,2023-01-12,05:33:36,CUST6676,Restaurant_91,North Indian,Delhi,1325.47,67.26,0.0,1392.73,Debit Card,45,Delivered,2
ORD002849,2023-11-24,20:40:23,CUST2569,Restaurant_73,North Indian,Jaipur,190.15,31.03,149.04,72.14,UPI,47,Delivered,5
ORD002850,2023-04-29,22:23:17,CUST4197,Restaurant_15,Fast Food,Kolkata,615.21,32.07,0.0,647.28,Debit Card,40,Delivered,4
ORD002851,2023-10-26,08:32:08,CUST9588,Restaurant_99,North Indian,Chennai,1377.79,86.9,0.0,1464.69,UPI,23,Delivered,5
ORD002852,2023-03-05,00:48:17,CUST4337,Restaurant_67,South Indian,Delhi,672.75,43.77,0.0,716.52,Cash on Delivery,,Refunded,
ORD002853,2023-09-19,16:58:36,CUST4048,Restaurant_21,Healthy Food,Chennai,1143.41,88.57,0.0,1231.98,Cash on Delivery,,Cancelled,
ORD002854,2023-04-22,18:26:29,CUST6158,Restaurant_29,Desserts,Kolkata,283.39,58.27,0.0,341.66,UPI,,Refunded,
ORD002855,2023-07-06,21:55:41,CUST3309,Restaurant_49,Biryani,Pune,531.57,93.97,0.0,625.54,Debit Card,24,Delivered,1
ORD002856,2023-05-17,20:08:39,CUST6910,Restaurant_22,Beverages,Chennai,732.79,99.65,0.0,832.44,Wallet,49,Delivered,1
ORD002857,2023-04-13,20:29:21,CUST3212,Restaurant_8,Italian,Pune,1247.0,90.36,117.69,1219.67,Credit Card,16,Delivered,
ORD002858,2023-07-15,20:58:14,CUST2559,Restaurant_61,Chinese,Lucknow,839.89,98.58,0.0,938.47,UPI,20,Delivered,2
ORD002859,2023-11-23,04:52:19,CUST5026,Restaurant_42,Desserts,Delhi,1189.35,41.19,0.0,1230.54,Wallet,28,Delivered,
ORD002860,2023-02-08,00:51:16,CUST9325,Restaurant_34,Fast Food,Mumbai,542.35,77.15,0.0,619.5,Debit Card,,Cancelled,
ORD002861,2023-12-02,01:45:10,CUST3106,Restaurant_16,North Indian,Ahmedabad,981.4,31.12,0.0,1012.52,Cash on Delivery,23,Delivered,4
ORD002862,2023-02-06,05:39:30,CUST8110,Restaurant_48,Desserts,Pune,1053.35,92.33,118.49,1027.19,UPI,,Cancelled,
ORD002863,2023-12-10,15:16:16,CUST8240,Restaurant_30,Chinese,Bengaluru,1436.84,69.49,0.0,1506.33,Wallet,19,Delivered,2
ORD002864,2023-05-22,20:30:11,CUST4104,Restaurant_51,Chinese,Lucknow,1022.81,59.22,114.45,967.58,Debit Card,25,Delivered,4
ORD002865,2023-03-06,22:59:48,CUST7320,Restaurant_37,Desserts,Bengaluru,911.81,58.47,39.61,930.67,Wallet,49,Delivered,3
ORD002866,2023-09-04,03:33:37,CUST5883,Restaurant_86,Desserts,Lucknow,265.84,82.1,0.0,347.94,Cash on Delivery,64,Delivered,1
ORD002867,2023-09-28,09:12:53,CUST9395,Restaurant_12,Biryani,Mumbai,1474.93,57.83,0.0,1532.76,Debit Card,49,Delivered,1
ORD002868,2023-11-14,11:10:01,CUST6695,Restaurant_16,South Indian,Jaipur,437.59,85.8,0.0,523.39,UPI,49,Delivered,5
ORD002869,2023-02-24,13:03:36,CUST7355,Restaurant_10,Healthy Food,Delhi,486.21,54.9,0.0,541.11,UPI,36,Delivered,3
ORD002870,2023-08-26,04:13:27,CUST2201,Restaurant_79,Fast Food,Delhi,1450.7,88.62,0.0,1539.32,Wallet,,Cancelled,
ORD002871,2023-09-12,23:05:50,CUST2675,Restaurant_40,Street Food,Ahmedabad,337.34,93.63,0.0,430.97,Cash on Delivery,32,Delivered,3
ORD002872,2023-12-26,05:14:59,CUST2490,Restaurant_64,Street Food,Jaipur,1210.1,83.14,0.0,1293.24,Debit Card,34,Delivered,
ORD002873,2023-08-29,02:08:54,CUST2214,Restaurant_54,Fast Food,Ahmedabad,1000.67,25.05,141.56,884.16,Debit Card,,Cancelled,
ORD002874,2023-02-24,14:26:27,CUST4964,Restaurant_86,Italian,Delhi,1312.23,34.25,0.0,1346.48,Cash on Delivery,58,Delivered,
ORD002875,2023-03-30,23:06:38,CUST6433,Restaurant_98,Healthy Food,Bengaluru,1139.21,72.57,0.0,1211.78,Credit Card,,Refunded,
ORD002876,2023-01-27,00:47:39,CUST5529,Restaurant_86,South Indian,Lucknow,1288.21,34.49,121.06,1201.64,Wallet,51,Delivered,3
ORD002877,2023-02-09,20:09:22,CUST6969,Restaurant_77,North Indian,Hyderabad,1186.81,88.79,0.0,1275.6,Cash on Delivery,23,Delivered,2
ORD002878,2023-09-07,16:27:18,CUST3963,Restaurant_40,Healthy Food,Lucknow,675.76,30.27,144.44,561.59,Cash on Delivery,,Cancelled,
ORD002879,2023-08-21,11:36:13,CUST7047,Restaurant_6,Beverages,Lucknow,496.54,67.16,0.0,563.7,Credit Card,38,Delivered,5
ORD002880,2023-06-24,16:12:21,CUST1364,Restaurant_56,Beverages,Pune,1475.01,91.74,63.2,1503.55,Credit Card,38,Delivered,3
ORD002881,2023-09-03,00:25:19,CUST7570,Restaurant_44,Beverages,Pune,151.17,27.48,95.02,83.63,Debit Card,53,Delivered,3
ORD002882,2023-12-03,23:59:48,CUST8538,Restaurant_86,Street Food,Lucknow,706.59,79.1,0.0,785.69,Wallet,,Cancelled,
ORD002883,2023-10-30,09:50:09,CUST9009,Restaurant_24,Desserts,Chennai,1146.41,35.38,0.0,1181.79,Cash on Delivery,58,Delivered,5
ORD002884,2023-05-12,11:25:11,CUST7473,Restaurant_52,North Indian,Pune,345.78,78.99,0.0,424.77,UPI,26,Delivered,2
ORD002885,2023-06-29,03:39:25,CUST2136,Restaurant_2,North Indian,Lucknow,1289.57,79.48,0.0,1369.05,Wallet,47,Delivered,3
ORD002886,2023-01-11,12:12:08,CUST1833,Restaurant_57,Biryani,Jaipur,396.63,55.76,0.0,452.39,UPI,46,Delivered,4
ORD002887,2023-01-03,08:33:08,CUST9565,Restaurant_45,Italian,Delhi,1343.87,83.99,98.46,1329.4,Wallet,25,Delivered,1
ORD002888,2023-01-18,11:22:37,CUST1128,Restaurant_1,Desserts,Chennai,1333.56,72.51,0.0,1406.07,Wallet,54,Delivered,
ORD002889,2023-08-27,18:14:17,CUST1061,Restaurant_16,Desserts,Pune,1179.18,93.22,0.0,1272.4,Wallet,24,Delivered,1
ORD002890,2023-10-11,14:33:33,CUST2751,Restaurant_85,North Indian,Chennai,694.0,80.32,0.0,774.32,Cash on Delivery,28,Delivered,2
ORD002891,2023-09-07,09:16:43,CUST6481,Restaurant_31,North Indian,Pune,916.42,30.98,73.49,873.91,UPI,43,Delivered,5
ORD002892,2023-11-01,04:43:26,CUST1396,Restaurant_79,Biryani,Delhi,369.89,88.5,82.11,376.28,Credit Card,52,Delivered,4
ORD002893,2023-10-08,19:09:34,CUST8467,Restaurant_1,Biryani,Kolkata,190.59,25.67,0.0,216.26,Wallet,45,Delivered,2
ORD002894,2023-01-25,05:14:54,CUST2917,Restaurant_75,Street Food,Kolkata,978.9,99.74,0.0,1078.64,UPI,,Cancelled,
ORD002895,2023-02-07,16:46:59,CUST6949,Restaurant_48,Chinese,Mumbai,248.65,34.89,46.58,236.96,Debit Card,,Cancelled,
ORD002896,2023-06-15,23:52:30,CUST9554,Restaurant_60,North Indian,Lucknow,422.67,60.95,71.27,412.35,Cash on Delivery,57,Delivered,1
ORD002897,2023-03-19,14:46:21,CUST1427,Restaurant_74,Street Food,Bengaluru,1017.86,47.14,0.0,1065.0,Credit Card,,Refunded,
ORD002898,2023-01-30,16:33:10,CUST8448,Restaurant_8,South Indian,Bengaluru,908.81,67.68,0.0,976.49,Cash on Delivery,30,Delivered,3
ORD002899,2023-10-04,02:45:53,CUST3152,Restaurant_43,North Indian,Hyderabad,1160.27,85.28,0.0,1245.55,Debit Card,34,Delivered,5
ORD002900,2023-06-03,06:19:14,CUST4980,Restaurant_68,South Indian,Chennai,253.14,40.17,0.0,293.31,Wallet,58,Delivered,3
ORD002901,2023-01-09,20:44:52,CUST1003,Restaurant_42,South Indian,Bengaluru,1171.21,73.58,68.07,1176.72,Wallet,64,Delivered,3
ORD002902,2023-08-08,12:55:38,CUST9030,Restaurant_55,Chinese,Chennai,167.25,68.75,0.0,236.0,UPI,39,Delivered,1
ORD002903,2023-06-05,08:09:46,CUST8812,Restaurant_76,Biryani,Lucknow,1236.15,97.54,0.0,1333.69,Debit Card,,Cancelled,
ORD002904,2023-02-14,22:06:59,CUST7178,Restaurant_24,Chinese,Lucknow,210.73,90.34,0.0,301.07,Cash on Delivery,19,Delivered,5
ORD002905,2023-07-13,07:25:44,CUST3751,Restaurant_78,Biryani,Delhi,885.77,24.64,0.0,910.41,UPI,17,Delivered,1
ORD002906,2023-02-14,03:18:29,CUST3290,Restaurant_92,Fast Food,Bengaluru,1327.39,44.21,0.0,1371.6,Cash on Delivery,61,Delivered,5
ORD002907,2023-08-10,14:36:35,CUST8570,Restaurant_41,Desserts,Pune,411.63,30.83,54.45,388.01,Debit Card,29,Delivered,5
ORD002908,2023-02-26,09:14:45,CUST5884,Restaurant_89,Biryani,Lucknow,578.16,76.79,0.0,654.95,Cash on Delivery,18,Delivered,5
ORD002909,2023-10-14,10:33:39,CUST8328,Restaurant_78,Fast Food,Chennai,719.62,68.7,0.0,788.32,Credit Card,26,Delivered,
ORD002910,2023-07-15,05:30:47,CUST5796,Restaurant_36,Biryani,Lucknow,1098.42,40.74,0.0,1139.16,UPI,,Refunded,
ORD002911,2023-04-20,09:21:23,CUST8988,Restaurant_76,Biryani,Bengaluru,1290.85,32.82,0.0,1323.67,Debit Card,64,Delivered,5
ORD002912,2023-08-09,17:30:12,CUST1619,Restaurant_46,Street Food,Mumbai,223.19,87.87,0.0,311.06,Credit Card,33,Delivered,3
ORD002913,2023-06-18,03:44:14,CUST1273,Restaurant_90,Beverages,Bengaluru,691.75,71.82,0.0,763.57,Debit Card,55,Delivered,3
ORD002914,2023-09-22,00:53:32,CUST7223,Restaurant_85,North Indian,Mumbai,1074.62,80.55,0.0,1155.17,Debit Card,64,Delivered,4
ORD002915,2023-12-24,23:06:15,CUST4843,Restaurant_81,Beverages,Mumbai,416.24,83.13,0.0,499.37,UPI,,Cancelled,
ORD002916,2023-04-08,01:17:16,CUST4937,Restaurant_67,Italian,Ahmedabad,253.81,79.24,0.0,333.05,Wallet,42,Delivered,3
ORD002917,2023-07-27,13:29:06,CUST2393,Restaurant_30,Biryani,Delhi,567.48,83.98,0.0,651.46,Credit Card,27,Delivered,2
ORD002918,2023-08-22,20:37:11,CUST1082,Restaurant_94,Chinese,Lucknow,332.71,21.22,0.0,353.93,UPI,53,Delivered,5
ORD002919,2023-02-08,07:24:33,CUST6480,Restaurant_53,Italian,Delhi,713.15,89.86,0.0,803.01,Wallet,41,Delivered,
ORD002920,2023-05-19,21:51:12,CUST9228,Restaurant_27,South Indian,Jaipur,360.42,21.77,0.0,382.19,Debit Card,48,Delivered,2
ORD002921,2023-10-24,13:06:30,CUST2417,Restaurant_30,Fast Food,Delhi,493.6,73.83,0.0,567.43,UPI,,Cancelled,
ORD002922,2023-11-19,07:24:41,CUST4277,Restaurant_47,Italian,Hyderabad,1454.42,41.61,0.0,1496.03,Cash on Delivery,,Cancelled,
ORD002923,2023-09-18,12:56:02,CUST2394,Restaurant_1,Biryani,Jaipur,175.62,43.39,74.08,144.93,Credit Card,27,Delivered,
ORD002924,2023-06-14,10:34:27,CUST2172,Restaurant_33,Biryani,Bengaluru,1016.93,86.59,0.0,1103.52,Debit Card,61,Delivered,5
ORD002925,2023-03-13,12:39:45,CUST7277,Restaurant_5,Street Food,Mumbai,686.84,60.93,0.0,747.77,Debit Card,,Refunded,
ORD002926,2023-02-25,12:42:37,CUST7668,Restaurant_80,Beverages,Jaipur,768.01,24.96,0.0,792.97,Debit Card,,Refunded,
ORD002927,2023-02-24,22:51:06,CUST6024,Restaurant_24,South Indian,Kolkata,1481.17,42.34,0.0,1523.51,Wallet,,Refunded,
ORD002928,2023-08-30,15:39:56,CUST8515,Restaurant_79,South Indian,Hyderabad,1167.6,64.78,0.0,1232.38,UPI,46,Delivered,1
ORD002929,2023-06-26,15:04:35,CUST4604,Restaurant_54,Biryani,Pune,1449.24,52.92,0.0,1502.16,Cash on Delivery,19,Delivered,4
ORD002930,2023-06-21,10:27:33,CUST8538,Restaurant_77,South Indian,Pune,335.34,29.91,0.0,365.25,Wallet,,Cancelled,
ORD002931,2023-05-27,07:31:42,CUST2746,Restaurant_27,Desserts,Ahmedabad,846.51,98.73,0.0,945.24,UPI,65,Delivered,
ORD002932,2023-08-17,10:39:00,CUST4179,Restaurant_40,Biryani,Pune,928.92,35.49,0.0,964.41,Wallet,,Cancelled,
ORD002933,2023-10-16,17:10:12,CUST4142,Restaurant_95,Chinese,Hyderabad,371.94,76.82,0.0,448.76,UPI,17,Delivered,5
ORD002934,2023-06-29,05:25:41,CUST5068,Restaurant_100,Italian,Hyderabad,592.47,51.23,0.0,643.7,Cash on Delivery,,Cancelled,
ORD002935,2023-10-14,00:26:30,CUST3498,Restaurant_31,Street Food,Chennai,839.76,53.26,0.0,893.02,Credit Card,63,Delivered,2
ORD002936,2023-01-25,03:39:34,CUST2125,Restaurant_39,Chinese,Pune,475.23,68.64,35.72,508.15,Wallet,24,Delivered,2
ORD002937,2023-03-15,02:52:05,CUST7790,Restaurant_54,North Indian,Delhi,650.78,41.45,0.0,692.23,UPI,41,Delivered,
ORD002938,2023-05-17,04:37:54,CUST7731,Restaurant_40,Fast Food,Ahmedabad,1425.66,82.24,0.0,1507.9,Debit Card,61,Delivered,4
ORD002939,2023-04-19,10:41:57,CUST8799,Restaurant_10,Chinese,Bengaluru,340.83,21.96,0.0,362.79,UPI,,Cancelled,
ORD002940,2023-03-22,19:27:09,CUST6880,Restaurant_40,Chinese,Pune,1012.52,45.73,0.0,1058.25,Credit Card,,Cancelled,
ORD002941,2023-05-28,02:23:28,CUST7395,Restaurant_2,Chinese,Ahmedabad,388.28,45.59,0.0,433.87,Cash on Delivery,15,Delivered,3
ORD002942,2023-06-29,08:03:56,CUST3331,Restaurant_16,Biryani,Mumbai,992.28,74.14,0.0,1066.42,Debit Card,,Refunded,
ORD002943,2023-05-12,08:15:18,CUST3395,Restaurant_45,Healthy Food,Chennai,203.35,60.64,0.0,263.99,Debit Card,57,Delivered,
ORD002944,2023-06-29,09:16:45,CUST8647,Restaurant_67,Healthy Food,Bengaluru,943.41,69.05,0.0,1012.46,Credit Card,39,Delivered,4
ORD002945,2023-10-07,04:58:54,CUST9228,Restaurant_44,Beverages,Mumbai,612.33,25.51,57.5,580.34,Debit Card,,Cancelled,
ORD002946,2023-09-03,20:19:03,CUST5401,Restaurant_14,Desserts,Ahmedabad,1437.79,68.94,24.12,1482.61,Credit Card,,Cancelled,
ORD002947,2023-09-02,22:33:24,CUST3845,Restaurant_56,North Indian,Hyderabad,1003.96,23.91,0.0,1027.87,UPI,,Refunded,
ORD002948,2023-10-30,10:08:48,CUST2285,Restaurant_52,Chinese,Bengaluru,719.26,34.8,106.88,647.18,Cash on Delivery,60,Delivered,3
ORD002949,2023-01-30,23:21:14,CUST5379,Restaurant_13,Healthy Food,Kolkata,1118.56,46.11,39.45,1125.22,Wallet,,Refunded,
ORD002950,2023-08-20,21:08:14,CUST5933,Restaurant_4,Desserts,Kolkata,276.65,92.94,0.0,369.59,Credit Card,59,Delivered,
ORD002951,2023-07-23,23:15:32,CUST1221,Restaurant_71,Fast Food,Ahmedabad,150.36,35.15,49.79,135.72,Cash on Delivery,47,Delivered,1
ORD002952,2023-08-16,16:39:54,CUST7078,Restaurant_6,Desserts,Mumbai,1033.46,80.88,0.0,1114.34,Wallet,,Refunded,
ORD002953,2023-11-16,02:04:57,CUST1126,Restaurant_67,South Indian,Kolkata,1039.93,74.05,0.0,1113.98,Credit Card,22,Delivered,1
ORD002954,2023-06-10,15:10:54,CUST4537,Restaurant_33,Fast Food,Bengaluru,219.61,35.54,83.86,171.29,Debit Card,31,Delivered,1
ORD002955,2023-10-07,16:27:18,CUST1053,Restaurant_48,North Indian,Bengaluru,1059.21,59.88,88.13,1030.96,Debit Card,42,Delivered,4
ORD002956,2023-09-29,08:57:48,CUST7682,Restaurant_68,Healthy Food,Jaipur,1405.44,46.74,13.07,1439.11,Credit Card,,Refunded,
ORD002957,2023-06-11,10:20:19,CUST8081,Restaurant_19,Beverages,Delhi,213.86,55.14,0.0,269.0,UPI,46,Delivered,1
ORD002958,2023-03-12,17:38:00,CUST8105,Restaurant_15,Fast Food,Chennai,1387.53,32.18,46.36,1373.35,Debit Card,44,Delivered,
ORD002959,2023-11-03,01:52:09,CUST2657,Restaurant_79,South Indian,Hyderabad,583.14,96.18,68.47,610.85,Debit Card,16,Delivered,5
ORD002960,2023-04-22,18:00:42,CUST9138,Restaurant_83,South Indian,Bengaluru,735.55,58.69,0.0,794.24,Debit Card,28,Delivered,2
ORD002961,2023-06-25,00:31:22,CUST7526,Restaurant_65,Italian,Kolkata,1135.55,48.78,0.0,1184.33,Credit Card,43,Delivered,4
ORD002962,2023-05-19,00:46:00,CUST3098,Restaurant_2,Street Food,Pune,462.26,31.81,0.0,494.07,Wallet,,Cancelled,
ORD002963,2023-04-10,11:20:12,CUST6599,Restaurant_28,Biryani,Chennai,616.05,86.4,0.0,702.45,UPI,21,Delivered,2
ORD002964,2023-04-25,19:55:49,CUST2960,Restaurant_67,Fast Food,Ahmedabad,1337.6,38.64,119.48,1256.76,Cash on Delivery,,Cancelled,
ORD002965,2023-08-25,14:22:15,CUST1610,Restaurant_50,Fast Food,Mumbai,174.23,58.52,0.0,232.75,Credit Card,46,Delivered,1
ORD002966,2023-03-28,15:44:16,CUST6879,Restaurant_38,Biryani,Bengaluru,826.35,29.15,0.0,855.5,Credit Card,29,Delivered,2
ORD002967,2023-03-13,18:37:35,CUST1620,Restaurant_23,Healthy Food,Kolkata,1023.92,49.0,101.94,970.98,Wallet,,Cancelled,
ORD002968,2023-04-19,19:29:48,CUST5484,Restaurant_39,Biryani,Kolkata,550.07,59.76,0.0,609.83,Wallet,,Cancelled,
ORD002969,2023-10-15,11:48:58,CUST7871,Restaurant_33,Fast Food,Jaipur,238.6,44.87,0.0,283.47,Wallet,55,Delivered,4
ORD002970,2023-03-19,08:14:21,CUST4483,Restaurant_85,Beverages,Lucknow,267.22,82.14,15.26,334.1,Debit Card,60,Delivered,3
ORD002971,2023-02-15,13:48:05,CUST5605,Restaurant_85,Desserts,Ahmedabad,724.54,72.87,0.0,797.41,UPI,,Refunded,
ORD002972,2023-11-23,23:56:05,CUST8273,Restaurant_4,Desserts,Chennai,1020.29,84.74,0.0,1105.03,Wallet,18,Delivered,5
ORD002973,2023-03-23,10:19:16,CUST5849,Restaurant_95,Chinese,Delhi,438.39,45.66,0.0,484.05,Cash on Delivery,,Cancelled,
ORD002974,2023-08-27,06:09:03,CUST8072,Restaurant_82,Beverages,Mumbai,1497.3,75.22,144.01,1428.51,Debit Card,,Refunded,
ORD002975,2023-12-04,11:46:40,CUST5706,Restaurant_50,Healthy Food,Mumbai,748.41,27.55,0.0,775.96,UPI,,Cancelled,
ORD002976,2023-05-12,19:33:19,CUST3284,Restaurant_53,Desserts,Hyderabad,1077.04,94.5,0.0,1171.54,UPI,,Refunded,
ORD002977,2023-06-30,10:46:34,CUST3055,Restaurant_64,Street Food,Jaipur,1131.55,31.59,0.0,1163.14,Credit Card,46,Delivered,5
ORD002978,2023-04-01,23:18:15,CUST3671,Restaurant_91,Biryani,Jaipur,437.22,48.61,0.0,485.83,Wallet,45,Delivered,1
ORD002979,2023-11-20,19:09:22,CUST5418,Restaurant_66,Desserts,Jaipur,761.68,46.25,0.0,807.93,Cash on Delivery,,Cancelled,
ORD002980,2023-08-22,00:59:16,CUST6799,Restaurant_86,South Indian,Pune,650.04,96.75,20.0,726.79,Debit Card,35,Delivered,1
ORD002981,2023-09-16,01:48:22,CUST4065,Restaurant_68,Biryani,Pune,259.14,61.89,0.0,321.03,Cash on Delivery,54,Delivered,1
ORD002982,2023-01-30,11:30:33,CUST3430,Restaurant_19,North Indian,Delhi,702.01,78.01,0.0,780.02,Credit Card,46,Delivered,4
ORD002983,2023-10-30,15:18:12,CUST7917,Restaurant_55,Street Food,Hyderabad,1219.98,28.82,0.0,1248.8,UPI,42,Delivered,5
ORD002984,2023-08-01,00:08:57,CUST9980,Restaurant_28,Fast Food,Kolkata,570.21,85.71,0.0,655.92,Debit Card,,Refunded,
ORD002985,2023-02-19,06:16:01,CUST8053,Restaurant_25,North Indian,Ahmedabad,479.82,62.73,36.55,506.0,Wallet,,Cancelled,
ORD002986,2023-05-10,22:55:19,CUST5824,Restaurant_10,Fast Food,Kolkata,1024.96,35.64,0.0,1060.6,Wallet,43,Delivered,2
ORD002987,2023-02-07,22:30:59,CUST2595,Restaurant_22,Fast Food,Lucknow,223.79,46.8,0.0,270.59,Cash on Delivery,59,Delivered,4
ORD002988,2023-10-04,09:03:39,CUST8682,Restaurant_11,South Indian,Lucknow,782.24,73.72,0.0,855.96,Debit Card,22,Delivered,4
ORD002989,2023-09-07,08:03:08,CUST3318,Restaurant_20,South Indian,Kolkata,1231.97,91.53,98.22,1225.28,Wallet,37,Delivered,5
ORD002990,2023-05-13,06:23:53,CUST3246,Restaurant_7,South Indian,Jaipur,991.74,31.33,0.0,1023.07,Cash on Delivery,34,Delivered,1
ORD002991,2023-10-13,20:00:16,CUST1292,Restaurant_23,Street Food,Chennai,1365.28,21.16,121.11,1265.33,Wallet,16,Delivered,3
ORD002992,2023-11-29,00:07:54,CUST9315,Restaurant_5,Italian,Jaipur,1414.22,90.24,0.0,1504.46,UPI,57,Delivered,1
ORD002993,2023-05-23,16:29:48,CUST1857,Restaurant_93,Street Food,Bengaluru,719.55,64.2,0.0,783.75,Wallet,48,Delivered,4
ORD002994,2023-10-14,12:56:09,CUST9444,Restaurant_43,Desserts,Hyderabad,430.99,76.5,0.0,507.49,Credit Card,30,Delivered,4
ORD002995,2023-08-03,19:38:43,CUST8567,Restaurant_49,Italian,Delhi,901.58,49.15,62.54,888.19,Cash on Delivery,,Cancelled,
ORD002996,2023-11-16,17:16:01,CUST8159,Restaurant_83,Street Food,Mumbai,530.71,31.41,0.0,562.12,Debit Card,,Cancelled,
ORD002997,2023-10-08,19:34:45,CUST1649,Restaurant_3,Biryani,Ahmedabad,1055.14,67.02,0.0,1122.16,UPI,41,Delivered,
ORD002998,2023-08-22,13:30:21,CUST5353,Restaurant_54,Italian,Hyderabad,668.83,48.39,0.0,717.22,Credit Card,42,Delivered,4
ORD002999,2023-11-10,21:44:26,CUST1248,Restaurant_46,Beverages,Hyderabad,165.43,70.71,0.0,236.14,Cash on Delivery,15,Delivered,3
ORD003000,2023-07-26,19:52:03,CUST5510,Restaurant_82,Street Food,Ahmedabad,1354.78,71.59,0.0,1426.37,Wallet,18,Delivered,2
ORD003001,2023-05-24,16:47:01,CUST8243,Restaurant_33,Fast Food,Lucknow,602.17,33.38,0.0,635.55,Cash on Delivery,,Refunded,
ORD003002,2023-10-16,12:32:50,CUST9139,Restaurant_17,Desserts,Mumbai,383.07,57.72,81.17,359.62,Cash on Delivery,52,Delivered,2
ORD003003,2023-08-12,13:55:18,CUST2329,Restaurant_78,North Indian,Chennai,982.43,46.34,0.0,1028.77,Wallet,30,Delivered,3
ORD003004,2023-03-07,10:58:35,CUST2479,Restaurant_66,Street Food,Kolkata,1091.36,91.8,0.0,1183.16,Cash on Delivery,59,Delivered,
ORD003005,2023-03-23,17:34:28,CUST2838,Restaurant_11,South Indian,Delhi,1036.37,31.16,0.0,1067.53,Debit Card,40,Delivered,
ORD003006,2023-05-30,06:43:58,CUST2907,Restaurant_26,Beverages,Jaipur,530.98,28.1,0.0,559.08,UPI,34,Delivered,
ORD003007,2023-05-31,00:30:27,CUST4375,Restaurant_41,Fast Food,Pune,617.96,96.98,0.0,714.94,Wallet,47,Delivered,2
ORD003008,2023-07-27,01:20:33,CUST6746,Restaurant_44,Desserts,Hyderabad,340.18,92.19,0.0,432.37,Wallet,,Refunded,
ORD003009,2023-01-24,20:32:48,CUST9310,Restaurant_88,Beverages,Lucknow,505.15,58.49,0.0,563.64,UPI,19,Delivered,5
ORD003010,2023-12-01,14:39:29,CUST6597,Restaurant_73,Fast Food,Chennai,852.47,30.85,0.0,883.32,UPI,22,Delivered,1
ORD003011,2023-07-28,19:01:50,CUST6734,Restaurant_50,Fast Food,Chennai,385.37,42.98,0.0,428.35,Debit Card,48,Delivered,
ORD003012,2023-11-25,16:05:06,CUST2290,Restaurant_17,Italian,Bengaluru,935.71,21.66,0.0,957.37,Wallet,,Cancelled,
ORD003013,2023-02-18,21:38:14,CUST9474,Restaurant_2,Beverages,Kolkata,299.74,78.22,41.53,336.43,Debit Card,53,Delivered,3
ORD003014,2023-02-08,06:15:46,CUST3406,Restaurant_92,Street Food,Ahmedabad,402.69,34.79,0.0,437.48,UPI,,Cancelled,
ORD003015,2023-08-05,15:07:49,CUST1436,Restaurant_12,North Indian,Lucknow,1464.76,27.27,131.49,1360.54,UPI,,Cancelled,
ORD003016,2023-07-10,11:47:06,CUST6747,Restaurant_38,Street Food,Ahmedabad,1397.05,87.18,0.0,1484.23,Debit Card,54,Delivered,
ORD003017,2023-09-06,19:27:22,CUST4689,Restaurant_14,North Indian,Lucknow,532.76,77.1,0.0,609.86,Credit Card,40,Delivered,
ORD003018,2023-10-27,04:24:35,CUST9189,Restaurant_25,Beverages,Jaipur,194.03,74.32,48.04,220.31,Wallet,41,Delivered,4
ORD003019,2023-12-16,10:08:35,CUST7785,Restaurant_16,Beverages,Bengaluru,454.51,69.19,0.0,523.7,Wallet,62,Delivered,5
ORD003020,2023-06-07,11:24:16,CUST7107,Restaurant_15,Biryani,Chennai,1427.04,46.54,0.0,1473.58,Cash on Delivery,40,Delivered,
ORD003021,2023-07-28,02:00:28,CUST2173,Restaurant_22,Biryani,Lucknow,1475.05,82.05,0.0,1557.1,Cash on Delivery,,Cancelled,
ORD003022,2023-08-13,00:26:50,CUST1129,Restaurant_16,Street Food,Jaipur,1026.89,99.86,82.56,1044.19,Credit Card,48,Delivered,3
ORD003023,2023-07-09,15:16:00,CUST1291,Restaurant_45,Italian,Kolkata,968.66,26.85,0.0,995.51,Credit Card,,Refunded,
ORD003024,2023-02-10,18:22:37,CUST2542,Restaurant_68,Beverages,Lucknow,1158.63,36.9,72.87,1122.66,Credit Card,36,Delivered,
ORD003025,2023-02-23,09:32:17,CUST6215,Restaurant_83,Healthy Food,Pune,225.6,41.33,0.0,266.93,UPI,23,Delivered,3
ORD003026,2023-04-03,05:35:49,CUST4154,Restaurant_85,South Indian,Mumbai,1426.28,36.29,38.02,1424.55,Debit Card,,Cancelled,
ORD003027,2023-01-16,13:13:55,CUST6585,Restaurant_47,Biryani,Mumbai,1191.96,82.97,0.0,1274.93,Cash on Delivery,23,Delivered,1
ORD003028,2023-04-07,00:01:24,CUST7314,Restaurant_58,Chinese,Lucknow,850.34,25.42,54.76,821.0,Debit Card,,Refunded,
ORD003029,2023-06-11,00:34:22,CUST3594,Restaurant_42,Desserts,Lucknow,1107.31,81.66,87.53,1101.44,Cash on Delivery,,Refunded,
ORD003030,2023-11-18,03:32:05,CUST9640,Restaurant_92,Italian,Kolkata,179.45,97.79,21.13,256.11,UPI,,Cancelled,
ORD003031,2023-01-16,05:49:49,CUST4695,Restaurant_74,Italian,Bengaluru,481.05,45.13,0.0,526.18,UPI,38,Delivered,3
ORD003032,2023-02-06,09:47:17,CUST7920,Restaurant_77,Beverages,Hyderabad,985.69,60.04,53.61,992.12,Credit Card,34,Delivered,
ORD003033,2023-08-12,13:30:55,CUST4321,Restaurant_51,South Indian,Jaipur,777.29,92.74,40.79,829.24,UPI,21,Delivered,1
ORD003034,2023-03-11,00:17:03,CUST6989,Restaurant_90,Beverages,Chennai,528.07,78.32,0.0,606.39,Credit Card,23,Delivered,3
ORD003035,2023-10-22,20:53:13,CUST1599,Restaurant_13,Desserts,Hyderabad,467.24,87.01,0.0,554.25,Wallet,31,Delivered,5
ORD003036,2023-11-28,23:56:06,CUST2242,Restaurant_98,Chinese,Bengaluru,214.27,76.73,96.84,194.16,Cash on Delivery,55,Delivered,5
ORD003037,2023-10-29,09:33:46,CUST8224,Restaurant_26,North Indian,Mumbai,160.79,23.36,0.0,184.15,Cash on Delivery,,Refunded,
ORD003038,2023-09-03,01:38:40,CUST4163,Restaurant_84,Desserts,Hyderabad,994.46,85.2,45.15,1034.51,Cash on Delivery,27,Delivered,5
ORD003039,2023-02-04,22:24:14,CUST9428,Restaurant_94,Fast Food,Jaipur,839.29,21.8,0.0,861.09,Cash on Delivery,,Cancelled,
ORD003040,2023-01-29,06:13:17,CUST7371,Restaurant_82,Italian,Pune,562.87,42.57,0.0,605.44,Debit Card,,Refunded,
ORD003041,2023-01-05,18:00:30,CUST6803,Restaurant_81,Fast Food,Ahmedabad,1324.18,77.23,122.08,1279.33,UPI,39,Delivered,3
ORD003042,2023-08-13,14:33:20,CUST6151,Restaurant_93,Biryani,Ahmedabad,1342.55,24.15,0.0,1366.7,Debit Card,,Refunded,
ORD003043,2023-07-02,03:04:31,CUST6819,Restaurant_23,Biryani,Chennai,823.6,99.61,87.58,835.63,Wallet,54,Delivered,3
ORD003044,2023-05-19,03:05:41,CUST6254,Restaurant_82,Street Food,Ahmedabad,345.87,62.37,0.0,408.24,Cash on Delivery,,Refunded,
ORD003045,2023-10-12,06:04:06,CUST9452,Restaurant_45,Beverages,Hyderabad,1213.26,50.08,0.0,1263.34,Debit Card,52,Delivered,1
ORD003046,2023-09-29,10:38:08,CUST1836,Restaurant_72,Desserts,Jaipur,1423.99,53.09,120.36,1356.72,Cash on Delivery,39,Delivered,2
ORD003047,2023-11-21,14:23:53,CUST1083,Restaurant_75,Beverages,Pune,1315.87,62.19,0.0,1378.06,Credit Card,55,Delivered,1
ORD003048,2023-01-11,17:04:02,CUST7401,Restaurant_11,North Indian,Bengaluru,538.95,30.37,117.0,452.32,UPI,,Refunded,
ORD003049,2023-05-21,08:27:01,CUST5239,Restaurant_30,Street Food,Jaipur,1362.11,71.59,0.0,1433.7,Debit Card,,Cancelled,
ORD003050,2023-11-20,01:37:35,CUST7512,Restaurant_88,Italian,Kolkata,1219.19,87.13,0.0,1306.32,Debit Card,49,Delivered,2
ORD003051,2023-02-26,03:08:41,CUST7285,Restaurant_89,North Indian,Bengaluru,1024.36,33.02,61.59,995.79,Credit Card,38,Delivered,1
ORD003052,2023-11-07,03:47:19,CUST5681,Restaurant_27,Italian,Lucknow,577.89,62.52,0.0,640.41,Debit Card,,Cancelled,
ORD003053,2023-10-24,05:40:00,CUST1110,Restaurant_91,Biryani,Mumbai,1344.01,21.29,0.0,1365.3,Debit Card,57,Delivered,3
ORD003054,2023-09-27,05:42:05,CUST1297,Restaurant_72,Street Food,Hyderabad,521.66,42.57,0.0,564.23,Credit Card,64,Delivered,5
ORD003055,2023-11-17,21:01:09,CUST2429,Restaurant_8,North Indian,Ahmedabad,614.22,64.6,109.56,569.26,Credit Card,,Cancelled,
ORD003056,2023-09-23,19:09:19,CUST1266,Restaurant_61,Healthy Food,Kolkata,1446.72,73.6,25.87,1494.45,Credit Card,51,Delivered,1
ORD003057,2023-09-14,00:32:50,CUST1247,Restaurant_72,North Indian,Hyderabad,1142.03,62.02,0.0,1204.05,Cash on Delivery,,Cancelled,
ORD003058,2023-10-13,22:24:40,CUST7153,Restaurant_4,North Indian,Hyderabad,1319.54,87.56,0.0,1407.1,Cash on Delivery,20,Delivered,
ORD003059,2023-12-20,17:16:16,CUST1172,Restaurant_76,Street Food,Mumbai,955.74,38.29,34.13,959.9,UPI,,Refunded,
ORD003060,2023-06-05,22:28:33,CUST6554,Restaurant_72,North Indian,Chennai,461.99,46.28,0.0,508.27,Wallet,19,Delivered,5
ORD003061,2023-09-23,15:03:54,CUST9405,Restaurant_81,Desserts,Pune,603.87,36.09,0.0,639.96,Credit Card,,Refunded,
ORD003062,2023-03-24,22:28:50,CUST7045,Restaurant_59,Beverages,Lucknow,556.98,96.95,0.0,653.93,UPI,57,Delivered,2
ORD003063,2023-03-19,16:25:09,CUST7276,Restaurant_10,Chinese,Hyderabad,541.22,90.0,0.0,631.22,Cash on Delivery,27,Delivered,4
ORD003064,2023-01-19,01:55:59,CUST9231,Restaurant_90,South Indian,Lucknow,1350.4,77.8,0.0,1428.2,Debit Card,58,Delivered,
ORD003065,2023-03-23,09:03:49,CUST3890,Restaurant_32,North Indian,Lucknow,594.01,82.86,0.0,676.87,Debit Card,,Refunded,
ORD003066,2023-04-11,05:22:56,CUST2809,Restaurant_67,Beverages,Lucknow,162.95,96.05,0.0,259.0,Wallet,31,Delivered,
ORD003067,2023-08-21,00:28:45,CUST5395,Restaurant_17,Chinese,Chennai,376.07,40.07,0.0,416.14,Cash on Delivery,,Cancelled,
ORD003068,2023-02-03,19:32:55,CUST1699,Restaurant_53,Beverages,Mumbai,1464.94,85.19,0.0,1550.13,UPI,29,Delivered,4
ORD003069,2023-01-03,09:36:21,CUST4798,Restaurant_26,Street Food,Bengaluru,735.25,65.65,0.0,800.9,Debit Card,35,Delivered,5
ORD003070,2023-03-03,02:24:12,CUST3980,Restaurant_24,Beverages,Chennai,935.0,67.59,128.7,873.89,Wallet,,Cancelled,
ORD003071,2023-08-30,13:28:48,CUST3169,Restaurant_88,Chinese,Bengaluru,553.45,73.88,0.0,627.33,Wallet,,Cancelled,
ORD003072,2023-10-27,04:48:51,CUST4044,Restaurant_25,Street Food,Bengaluru,1211.84,34.33,0.0,1246.17,Cash on Delivery,,Refunded,
ORD003073,2023-02-17,20:39:04,CUST1986,Restaurant_41,Chinese,Pune,813.6,87.53,0.0,901.13,Debit Card,22,Delivered,5
ORD003074,2023-03-20,03:34:48,CUST9195,Restaurant_9,Street Food,Delhi,724.54,22.14,0.0,746.68,Debit Card,26,Delivered,5
ORD003075,2023-06-24,13:05:48,CUST9751,Restaurant_78,Biryani,Pune,428.08,92.69,73.57,447.2,UPI,,Refunded,
ORD003076,2023-01-21,04:54:27,CUST8465,Restaurant_44,Beverages,Hyderabad,1077.4,53.31,0.0,1130.71,Wallet,,Refunded,
ORD003077,2023-04-10,13:14:33,CUST2707,Restaurant_58,Healthy Food,Jaipur,1080.33,68.6,0.0,1148.93,UPI,39,Delivered,1
ORD003078,2023-10-30,05:02:35,CUST7235,Restaurant_54,Biryani,Bengaluru,577.91,20.1,0.0,598.01,Credit Card,21,Delivered,4
ORD003079,2023-03-04,20:18:04,CUST6257,Restaurant_58,North Indian,Mumbai,948.02,28.34,0.0,976.36,Debit Card,63,Delivered,1
ORD003080,2023-06-24,03:50:41,CUST1087,Restaurant_97,South Indian,Ahmedabad,586.52,90.32,0.0,676.84,Wallet,,Cancelled,
ORD003081,2023-12-09,20:54:08,CUST7626,Restaurant_58,Street Food,Jaipur,546.69,77.85,0.0,624.54,Wallet,42,Delivered,4
ORD003082,2023-11-16,13:56:48,CUST5867,Restaurant_70,Chinese,Lucknow,726.34,27.25,51.09,702.5,UPI,,Refunded,
ORD003083,2023-07-06,17:37:32,CUST3950,Restaurant_39,Biryani,Bengaluru,891.73,87.6,130.7,848.63,UPI,37,Delivered,5
ORD003084,2023-08-23,20:39:59,CUST7733,Restaurant_8,Healthy Food,Pune,1447.44,39.09,0.0,1486.53,Wallet,62,Delivered,5
ORD003085,2023-02-10,13:34:57,CUST5336,Restaurant_47,Healthy Food,Hyderabad,1348.58,46.3,0.0,1394.88,Credit Card,43,Delivered,5
ORD003086,2023-08-04,05:40:12,CUST9722,Restaurant_34,Street Food,Kolkata,436.4,72.4,111.36,397.44,UPI,,Refunded,
ORD003087,2023-12-26,18:11:10,CUST1550,Restaurant_6,Chinese,Kolkata,1086.6,35.84,0.0,1122.44,UPI,30,Delivered,2
ORD003088,2023-03-02,02:43:35,CUST5052,Restaurant_28,Chinese,Chennai,674.21,99.0,0.0,773.21,Credit Card,42,Delivered,
ORD003089,2023-11-23,08:00:56,CUST3302,Restaurant_60,South Indian,Lucknow,301.34,39.58,0.0,340.92,Wallet,58,Delivered,
ORD003090,2023-12-01,07:20:38,CUST3279,Restaurant_30,Fast Food,Delhi,585.23,97.75,30.3,652.68,UPI,,Refunded,
ORD003091,2023-10-24,08:37:02,CUST3868,Restaurant_81,South Indian,Delhi,1016.36,71.89,121.41,966.84,Cash on Delivery,64,Delivered,1
ORD003092,2023-04-06,01:52:59,CUST3352,Restaurant_23,Biryani,Delhi,735.48,73.21,0.0,808.69,Debit Card,,Cancelled,
ORD003093,2023-12-03,00:53:26,CUST7705,Restaurant_88,Beverages,Hyderabad,152.46,88.19,0.0,240.65,Wallet,20,Delivered,
ORD003094,2023-08-04,23:36:34,CUST5209,Restaurant_57,North Indian,Chennai,362.04,55.36,0.0,417.4,Wallet,40,Delivered,4
ORD003095,2023-05-17,09:48:15,CUST8104,Restaurant_55,Chinese,Ahmedabad,838.02,51.7,0.0,889.72,Wallet,,Cancelled,
ORD003096,2023-07-17,07:54:06,CUST2881,Restaurant_9,Healthy Food,Kolkata,526.78,41.99,0.0,568.77,Debit Card,16,Delivered,2
ORD003097,2023-12-20,01:27:07,CUST7585,Restaurant_51,Biryani,Kolkata,244.94,26.2,0.0,271.14,Credit Card,44,Delivered,2
ORD003098,2023-06-12,01:16:44,CUST1417,Restaurant_65,Chinese,Chennai,1369.39,40.07,0.0,1409.46,UPI,39,Delivered,
ORD003099,2023-08-06,10:22:33,CUST6493,Restaurant_24,Biryani,Chennai,1416.37,78.79,142.92,1352.24,UPI,24,Delivered,3
ORD003100,2023-05-07,23:27:04,CUST7218,Restaurant_57,Chinese,Lucknow,302.66,73.28,24.38,351.56,Credit Card,26,Delivered,
ORD003101,2023-08-21,06:25:02,CUST5223,Restaurant_53,Italian,Pune,1411.04,93.82,0.0,1504.86,Debit Card,,Cancelled,
ORD003102,2023-08-24,00:26:51,CUST1999,Restaurant_64,North Indian,Jaipur,1045.73,82.48,0.0,1128.21,Credit Card,22,Delivered,1
ORD003103,2023-08-03,03:06:31,CUST3781,Restaurant_67,Beverages,Lucknow,308.59,54.15,90.6,272.14,Cash on Delivery,48,Delivered,
ORD003104,2023-08-12,12:12:54,CUST7423,Restaurant_3,Biryani,Delhi,724.59,51.88,0.0,776.47,Debit Card,44,Delivered,4
ORD003105,2023-06-10,18:21:35,CUST8796,Restaurant_74,Fast Food,Hyderabad,653.0,51.58,0.0,704.58,Wallet,,Cancelled,
ORD003106,2023-11-19,03:29:38,CUST5949,Restaurant_29,Healthy Food,Chennai,1217.13,44.22,0.0,1261.35,UPI,,Cancelled,
ORD003107,2023-03-26,17:52:57,CUST1894,Restaurant_1,Biryani,Pune,598.62,96.09,0.0,694.71,UPI,29,Delivered,2
ORD003108,2023-05-19,06:53:30,CUST6277,Restaurant_49,Italian,Lucknow,552.34,50.69,12.96,590.07,Wallet,54,Delivered,
ORD003109,2023-03-12,09:15:11,CUST9587,Restaurant_14,Beverages,Chennai,242.68,70.97,0.0,313.65,Credit Card,33,Delivered,
ORD003110,2023-02-24,02:32:38,CUST4306,Restaurant_48,Italian,Bengaluru,462.31,31.55,54.15,439.71,Debit Card,33,Delivered,5
ORD003111,2023-04-18,19:27:51,CUST3884,Restaurant_43,Fast Food,Mumbai,1418.05,27.05,0.0,1445.1,Wallet,21,Delivered,1
ORD003112,2023-04-22,23:16:27,CUST5461,Restaurant_42,Healthy Food,Mumbai,715.41,50.45,0.0,765.86,Cash on Delivery,64,Delivered,3
ORD003113,2023-04-08,13:13:52,CUST1727,Restaurant_47,Chinese,Hyderabad,801.88,42.76,0.0,844.64,Credit Card,,Cancelled,
ORD003114,2023-09-19,07:10:46,CUST8462,Restaurant_62,Healthy Food,Hyderabad,542.75,63.12,0.0,605.87,Debit Card,49,Delivered,
ORD003115,2023-06-27,19:05:24,CUST4650,Restaurant_29,Beverages,Kolkata,1491.19,64.53,0.0,1555.72,Credit Card,51,Delivered,2
ORD003116,2023-07-17,09:02:24,CUST9533,Restaurant_15,North Indian,Kolkata,664.77,83.52,0.0,748.29,Credit Card,44,Delivered,
ORD003117,2023-10-01,12:06:52,CUST9650,Restaurant_11,Beverages,Kolkata,524.41,44.44,0.0,568.85,Cash on Delivery,26,Delivered,3
ORD003118,2023-05-24,19:56:39,CUST6882,Restaurant_93,Chinese,Kolkata,782.15,37.81,0.0,819.96,Debit Card,,Refunded,
ORD003119,2023-04-13,02:00:38,CUST8512,Restaurant_52,Chinese,Ahmedabad,1412.7,38.0,0.0,1450.7,Debit Card,34,Delivered,1
ORD003120,2023-06-14,14:23:34,CUST8761,Restaurant_45,North Indian,Pune,360.93,57.02,0.0,417.95,UPI,35,Delivered,
ORD003121,2023-09-21,20:48:55,CUST2214,Restaurant_98,Desserts,Ahmedabad,1439.46,94.28,0.0,1533.74,Debit Card,,Refunded,
ORD003122,2023-12-06,02:56:30,CUST7844,Restaurant_7,South Indian,Pune,1429.38,53.41,0.0,1482.79,Cash on Delivery,57,Delivered,
ORD003123,2023-05-02,09:39:35,CUST1504,Restaurant_67,South Indian,Hyderabad,240.17,50.32,0.0,290.49,Debit Card,62,Delivered,3
ORD003124,2023-10-20,17:54:31,CUST5191,Restaurant_52,South Indian,Ahmedabad,368.42,60.82,0.0,429.24,Credit Card,,Refunded,
ORD003125,2023-06-12,11:22:01,CUST5839,Restaurant_40,North Indian,Pune,485.72,74.37,0.0,560.09,UPI,,Refunded,
ORD003126,2023-11-29,08:41:52,CUST9418,Restaurant_81,Street Food,Pune,352.21,88.79,0.0,441.0,UPI,,Refunded,
ORD003127,2023-03-21,15:21:25,CUST2283,Restaurant_72,Fast Food,Jaipur,934.0,31.09,0.0,965.09,UPI,20,Delivered,5
ORD003128,2023-08-06,06:15:14,CUST5993,Restaurant_29,Fast Food,Jaipur,994.33,47.75,0.0,1042.08,Wallet,49,Delivered,5
ORD003129,2023-07-25,02:58:56,CUST5837,Restaurant_9,Italian,Mumbai,531.38,84.98,84.21,532.15,Cash on Delivery,53,Delivered,4
ORD003130,2023-07-17,12:14:26,CUST6230,Restaurant_61,North Indian,Hyderabad,938.91,52.75,0.0,991.66,Wallet,15,Delivered,2
ORD003131,2023-12-25,16:21:21,CUST6717,Restaurant_43,Fast Food,Delhi,554.22,82.58,0.0,636.8,Cash on Delivery,56,Delivered,1
ORD003132,2023-07-20,04:17:25,CUST9660,Restaurant_74,Beverages,Hyderabad,347.82,93.6,0.0,441.42,Wallet,47,Delivered,
ORD003133,2023-08-20,21:03:16,CUST4405,Restaurant_34,North Indian,Kolkata,1229.22,24.17,0.0,1253.39,Cash on Delivery,55,Delivered,
ORD003134,2023-04-26,05:22:45,CUST5919,Restaurant_62,Biryani,Kolkata,1440.4,90.05,0.0,1530.45,UPI,24,Delivered,5
ORD003135,2023-05-22,09:19:03,CUST6966,Restaurant_82,Fast Food,Jaipur,1187.11,79.47,0.0,1266.58,Credit Card,33,Delivered,1
ORD003136,2023-03-05,04:16:32,CUST1715,Restaurant_35,Italian,Jaipur,836.67,42.61,122.43,756.85,UPI,44,Delivered,4
ORD003137,2023-11-05,18:11:55,CUST6223,Restaurant_73,Chinese,Lucknow,595.75,31.89,0.0,627.64,Wallet,65,Delivered,1
ORD003138,2023-10-19,18:36:38,CUST2023,Restaurant_93,Biryani,Hyderabad,601.85,51.85,0.0,653.7,UPI,21,Delivered,2
ORD003139,2023-07-13,06:06:00,CUST2385,Restaurant_60,Fast Food,Delhi,763.36,76.38,140.22,699.52,Credit Card,31,Delivered,3
ORD003140,2023-05-08,15:51:14,CUST2045,Restaurant_73,Biryani,Pune,1007.56,35.14,0.0,1042.7,Cash on Delivery,16,Delivered,3
ORD003141,2023-08-22,19:45:50,CUST3271,Restaurant_45,Street Food,Bengaluru,1050.33,25.93,126.37,949.89,Credit Card,57,Delivered,1
ORD003142,2023-07-24,14:43:47,CUST3990,Restaurant_16,Beverages,Jaipur,674.63,46.36,0.0,720.99,Credit Card,,Refunded,
ORD003143,2023-11-19,07:10:58,CUST2697,Restaurant_35,Street Food,Mumbai,775.12,39.5,0.0,814.62,UPI,,Cancelled,
ORD003144,2023-04-19,01:49:18,CUST7546,Restaurant_10,Italian,Chennai,1298.27,34.53,149.48,1183.32,UPI,,Cancelled,
ORD003145,2023-01-15,06:00:17,CUST4055,Restaurant_53,Fast Food,Jaipur,702.78,81.34,0.0,784.12,UPI,60,Delivered,2
ORD003146,2023-10-27,01:07:52,CUST3330,Restaurant_12,Fast Food,Delhi,1410.35,69.35,46.65,1433.05,Cash on Delivery,22,Delivered,
ORD003147,2023-08-16,06:12:29,CUST3634,Restaurant_57,Desserts,Lucknow,818.5,73.57,0.0,892.07,Debit Card,,Refunded,
ORD003148,2023-07-30,12:40:19,CUST8549,Restaurant_44,Street Food,Bengaluru,1480.2,55.34,0.0,1535.54,UPI,,Refunded,
ORD003149,2023-02-28,17:22:23,CUST8614,Restaurant_2,Biryani,Kolkata,710.39,23.2,0.0,733.59,Cash on Delivery,,Cancelled,
ORD003150,2023-09-01,06:27:52,CUST6708,Restaurant_39,South Indian,Pune,765.53,26.11,0.0,791.64,UPI,57,Delivered,4
ORD003151,2023-03-12,01:42:45,CUST5353,Restaurant_81,Biryani,Chennai,1335.47,75.94,0.0,1411.41,UPI,,Cancelled,
ORD003152,2023-05-07,10:53:40,CUST4356,Restaurant_89,Chinese,Lucknow,198.11,76.55,0.0,274.66,Credit Card,26,Delivered,1
ORD003153,2023-03-11,01:56:53,CUST2802,Restaurant_24,Chinese,Hyderabad,847.53,73.63,0.0,921.16,Credit Card,43,Delivered,5
ORD003154,2023-07-14,22:21:08,CUST1902,Restaurant_24,Beverages,Delhi,1125.64,40.96,0.0,1166.6,Wallet,35,Delivered,
ORD003155,2023-01-06,02:23:07,CUST5820,Restaurant_29,Street Food,Hyderabad,1209.78,39.43,0.0,1249.21,Debit Card,27,Delivered,3
ORD003156,2023-07-30,03:25:54,CUST3789,Restaurant_65,Italian,Ahmedabad,1011.75,46.85,89.32,969.28,Debit Card,61,Delivered,2
ORD003157,2023-05-24,14:58:15,CUST4455,Restaurant_3,Desserts,Pune,1250.09,47.17,0.0,1297.26,Credit Card,26,Delivered,4
ORD003158,2023-03-23,18:44:55,CUST6233,Restaurant_9,Chinese,Jaipur,950.28,40.48,0.0,990.76,Credit Card,23,Delivered,
ORD003159,2023-12-30,05:44:57,CUST9353,Restaurant_32,Chinese,Bengaluru,504.37,68.16,0.0,572.53,UPI,19,Delivered,4
ORD003160,2023-12-17,18:00:21,CUST4981,Restaurant_21,Chinese,Bengaluru,412.75,41.68,0.0,454.43,Debit Card,34,Delivered,4
ORD003161,2023-10-04,07:25:46,CUST5501,Restaurant_58,North Indian,Kolkata,1012.19,91.03,0.0,1103.22,Credit Card,42,Delivered,3
ORD003162,2023-12-09,02:25:32,CUST7225,Restaurant_41,Chinese,Ahmedabad,1100.03,42.04,0.0,1142.07,Credit Card,,Cancelled,
ORD003163,2023-06-06,12:42:04,CUST3039,Restaurant_66,Chinese,Chennai,1263.75,58.2,0.0,1321.95,Wallet,,Refunded,
ORD003164,2023-08-29,18:43:31,CUST3783,Restaurant_34,South Indian,Mumbai,589.25,72.56,0.0,661.81,Credit Card,,Refunded,
ORD003165,2023-10-04,19:30:16,CUST7537,Restaurant_85,Italian,Hyderabad,1088.7,34.54,0.0,1123.24,Debit Card,33,Delivered,5
ORD003166,2023-04-29,05:31:48,CUST2960,Restaurant_53,Street Food,Pune,640.49,87.69,0.0,728.18,Debit Card,,Refunded,
ORD003167,2023-06-08,08:01:40,CUST4200,Restaurant_88,Biryani,Jaipur,837.48,83.54,84.09,836.93,UPI,,Refunded,
ORD003168,2023-09-16,10:56:09,CUST8131,Restaurant_14,Healthy Food,Lucknow,1290.91,33.73,0.0,1324.64,UPI,24,Delivered,4
ORD003169,2023-01-25,19:22:36,CUST8099,Restaurant_66,Chinese,Lucknow,1043.09,83.02,0.0,1126.11,Debit Card,30,Delivered,
ORD003170,2023-02-14,06:17:01,CUST2418,Restaurant_39,Biryani,Lucknow,1280.47,93.44,0.0,1373.91,Credit Card,54,Delivered,
ORD003171,2023-01-21,07:01:57,CUST1279,Restaurant_40,Fast Food,Jaipur,1051.26,52.32,0.0,1103.58,Cash on Delivery,61,Delivered,1
ORD003172,2023-08-13,13:01:55,CUST4438,Restaurant_83,North Indian,Delhi,1015.99,66.61,0.0,1082.6,UPI,30,Delivered,1
ORD003173,2023-05-21,03:46:34,CUST4722,Restaurant_46,North Indian,Delhi,785.65,58.48,0.0,844.13,Wallet,,Cancelled,
ORD003174,2023-11-09,17:12:50,CUST2455,Restaurant_79,Beverages,Bengaluru,1077.3,53.95,0.0,1131.25,Credit Card,43,Delivered,1
ORD003175,2023-09-03,02:12:53,CUST8422,Restaurant_85,South Indian,Kolkata,811.53,55.96,0.0,867.49,Credit Card,63,Delivered,3
ORD003176,2023-11-11,11:49:42,CUST4622,Restaurant_6,Healthy Food,Jaipur,1089.87,80.23,0.0,1170.1,Credit Card,47,Delivered,2
ORD003177,2023-01-03,11:51:51,CUST6973,Restaurant_84,Desserts,Hyderabad,262.77,48.23,0.0,311.0,Wallet,,Refunded,
ORD003178,2023-03-05,21:37:19,CUST1090,Restaurant_26,North Indian,Ahmedabad,162.94,78.33,0.0,241.27,Credit Card,53,Delivered,5
ORD003179,2023-03-11,03:12:12,CUST2687,Restaurant_93,Street Food,Bengaluru,1405.8,93.22,0.0,1499.02,Wallet,32,Delivered,2
ORD003180,2023-08-09,02:35:10,CUST4687,Restaurant_60,Desserts,Lucknow,691.62,50.62,0.0,742.24,Wallet,,Cancelled,
ORD003181,2023-07-30,17:31:28,CUST8741,Restaurant_72,Desserts,Jaipur,957.01,55.84,0.0,1012.85,Credit Card,58,Delivered,
ORD003182,2023-02-28,12:46:49,CUST7104,Restaurant_57,Beverages,Chennai,486.97,32.01,139.11,379.87,Debit Card,54,Delivered,4
ORD003183,2023-05-07,08:01:58,CUST5289,Restaurant_2,Street Food,Kolkata,532.13,63.83,0.0,595.96,Debit Card,63,Delivered,5
ORD003184,2023-09-25,07:03:10,CUST1910,Restaurant_85,Biryani,Hyderabad,432.86,71.06,0.0,503.92,Wallet,32,Delivered,1
ORD003185,2023-02-16,19:21:31,CUST9241,Restaurant_16,North Indian,Kolkata,1401.64,79.3,0.0,1480.94,Debit Card,52,Delivered,1
ORD003186,2023-02-28,15:25:45,CUST1469,Restaurant_27,Street Food,Mumbai,629.04,90.7,0.0,719.74,Wallet,20,Delivered,1
ORD003187,2023-04-15,14:23:09,CUST2567,Restaurant_26,Chinese,Mumbai,994.24,56.7,37.29,1013.65,Debit Card,,Cancelled,
ORD003188,2023-07-31,07:08:54,CUST5350,Restaurant_10,South Indian,Mumbai,562.55,97.02,0.0,659.57,Credit Card,29,Delivered,5
ORD003189,2023-04-21,13:03:03,CUST3480,Restaurant_9,North Indian,Lucknow,877.89,52.65,63.29,867.25,Cash on Delivery,25,Delivered,3
ORD003190,2023-08-06,03:01:06,CUST1895,Restaurant_7,Desserts,Bengaluru,1153.07,47.62,0.0,1200.69,Cash on Delivery,33,Delivered,2
ORD003191,2023-09-15,06:53:08,CUST8504,Restaurant_60,Street Food,Lucknow,1171.83,82.63,0.0,1254.46,UPI,52,Delivered,3
ORD003192,2023-08-12,02:12:56,CUST4126,Restaurant_30,Biryani,Ahmedabad,329.93,34.59,0.0,364.52,Credit Card,47,Delivered,3
ORD003193,2023-12-19,20:40:09,CUST9196,Restaurant_71,Street Food,Mumbai,1365.03,55.98,0.0,1421.01,Wallet,18,Delivered,3
ORD003194,2023-01-04,10:13:48,CUST7113,Restaurant_92,Desserts,Ahmedabad,584.33,23.4,137.01,470.72,Debit Card,18,Delivered,
ORD003195,2023-02-13,21:19:02,CUST6385,Restaurant_46,Desserts,Lucknow,991.98,57.01,64.23,984.76,Wallet,49,Delivered,2
ORD003196,2023-06-20,04:19:45,CUST3483,Restaurant_33,Desserts,Pune,487.53,34.61,0.0,522.14,Debit Card,24,Delivered,3
ORD003197,2023-09-04,18:01:34,CUST3171,Restaurant_95,Beverages,Mumbai,1343.2,81.49,67.64,1357.05,Debit Card,17,Delivered,5
ORD003198,2023-10-06,09:49:50,CUST7911,Restaurant_66,Chinese,Mumbai,1299.5,45.63,83.65,1261.48,Wallet,21,Delivered,
ORD003199,2023-12-28,22:06:49,CUST3025,Restaurant_71,North Indian,Mumbai,997.82,70.42,0.0,1068.24,UPI,29,Delivered,
ORD003200,2023-06-28,08:28:10,CUST5042,Restaurant_96,Fast Food,Jaipur,1191.13,93.63,0.0,1284.76,Wallet,59,Delivered,1
ORD003201,2023-10-14,08:20:31,CUST1521,Restaurant_30,South Indian,Kolkata,657.53,66.66,0.0,724.19,UPI,62,Delivered,2
ORD003202,2023-10-24,17:04:04,CUST6151,Restaurant_51,South Indian,Pune,1409.55,20.16,0.0,1429.71,Credit Card,52,Delivered,3
ORD003203,2023-04-18,20:10:07,CUST9447,Restaurant_47,North Indian,Mumbai,798.84,80.77,53.19,826.42,Credit Card,21,Delivered,1
ORD003204,2023-08-20,00:19:21,CUST4544,Restaurant_14,Fast Food,Hyderabad,1169.61,26.57,18.92,1177.26,UPI,22,Delivered,4
ORD003205,2023-02-11,21:45:05,CUST5635,Restaurant_5,Biryani,Delhi,1044.47,87.13,0.0,1131.6,Credit Card,33,Delivered,2
ORD003206,2023-06-16,07:20:01,CUST3661,Restaurant_65,Fast Food,Ahmedabad,1272.51,34.38,0.0,1306.89,Cash on Delivery,30,Delivered,4
ORD003207,2023-10-30,12:50:53,CUST7173,Restaurant_29,Fast Food,Hyderabad,705.31,46.26,0.0,751.57,Wallet,62,Delivered,1
ORD003208,2023-02-10,00:39:08,CUST9923,Restaurant_77,Italian,Ahmedabad,733.6,38.21,116.86,654.95,Wallet,56,Delivered,5
ORD003209,2023-01-22,18:47:49,CUST2470,Restaurant_53,South Indian,Kolkata,621.2,79.74,33.49,667.45,Wallet,59,Delivered,1
ORD003210,2023-08-05,08:34:35,CUST3118,Restaurant_94,Chinese,Lucknow,1100.76,68.11,0.0,1168.87,Debit Card,,Cancelled,
ORD003211,2023-04-11,04:30:58,CUST8523,Restaurant_17,Desserts,Bengaluru,1332.48,94.18,0.0,1426.66,Wallet,,Refunded,
ORD003212,2023-05-31,14:19:37,CUST5993,Restaurant_25,Street Food,Ahmedabad,629.04,59.14,0.0,688.18,Debit Card,36,Delivered,
ORD003213,2023-10-30,19:17:00,CUST3466,Restaurant_95,Italian,Hyderabad,404.18,90.56,0.0,494.74,Debit Card,65,Delivered,3
ORD003214,2023-02-08,09:01:49,CUST8192,Restaurant_85,South Indian,Lucknow,175.79,85.86,0.0,261.65,Wallet,44,Delivered,1
ORD003215,2023-03-26,22:08:10,CUST3835,Restaurant_2,Chinese,Chennai,573.46,43.35,0.0,616.81,Cash on Delivery,23,Delivered,3
ORD003216,2023-06-05,19:35:05,CUST4541,Restaurant_89,Desserts,Ahmedabad,1210.45,44.66,43.81,1211.3,UPI,55,Delivered,2
ORD003217,2023-04-22,15:50:34,CUST7916,Restaurant_34,Healthy Food,Mumbai,778.65,98.59,0.0,877.24,Cash on Delivery,29,Delivered,3
ORD003218,2023-09-06,16:34:07,CUST1949,Restaurant_29,Chinese,Lucknow,562.29,49.69,20.16,591.82,Cash on Delivery,45,Delivered,
ORD003219,2023-03-02,05:27:39,CUST8592,Restaurant_17,Street Food,Lucknow,879.29,46.36,81.62,844.03,Credit Card,15,Delivered,5
ORD003220,2023-05-28,07:29:13,CUST8003,Restaurant_1,South Indian,Bengaluru,1350.24,79.82,0.0,1430.06,Debit Card,27,Delivered,
ORD003221,2023-02-13,01:33:42,CUST5656,Restaurant_68,Chinese,Lucknow,329.32,54.92,0.0,384.24,Debit Card,,Cancelled,
ORD003222,2023-02-01,08:45:47,CUST5086,Restaurant_19,Desserts,Kolkata,1108.76,33.91,36.06,1106.61,UPI,,Cancelled,
ORD003223,2023-01-20,23:08:17,CUST8933,Restaurant_83,Desserts,Jaipur,384.41,91.39,0.0,475.8,UPI,59,Delivered,
ORD003224,2023-04-24,08:36:34,CUST1908,Restaurant_43,Chinese,Hyderabad,363.28,45.92,0.0,409.2,Credit Card,51,Delivered,
ORD003225,2023-09-05,13:15:17,CUST9473,Restaurant_97,Healthy Food,Ahmedabad,1050.42,35.2,97.27,988.35,Debit Card,39,Delivered,3
ORD003226,2023-06-19,04:06:15,CUST7741,Restaurant_59,Biryani,Hyderabad,1263.45,86.02,0.0,1349.47,Cash on Delivery,28,Delivered,4
ORD003227,2023-05-24,05:49:54,CUST8344,Restaurant_26,Fast Food,Ahmedabad,1376.51,41.85,0.0,1418.36,Credit Card,53,Delivered,
ORD003228,2023-01-24,00:52:31,CUST1041,Restaurant_46,Biryani,Kolkata,269.89,95.74,44.1,321.53,Debit Card,26,Delivered,5
ORD003229,2023-12-16,15:05:07,CUST4879,Restaurant_50,Healthy Food,Delhi,1220.89,73.08,0.0,1293.97,Cash on Delivery,43,Delivered,3
ORD003230,2023-07-18,06:36:41,CUST3171,Restaurant_18,Desserts,Bengaluru,567.11,36.95,0.0,604.06,UPI,49,Delivered,2
ORD003231,2023-06-01,22:15:03,CUST4733,Restaurant_14,Desserts,Delhi,333.32,74.29,53.36,354.25,Wallet,15,Delivered,
ORD003232,2023-12-03,03:39:35,CUST9155,Restaurant_91,Chinese,Kolkata,450.11,38.28,0.0,488.39,Credit Card,,Refunded,
ORD003233,2023-08-02,16:52:08,CUST2791,Restaurant_9,Chinese,Mumbai,980.3,88.11,0.0,1068.41,Cash on Delivery,54,Delivered,4
ORD003234,2023-02-18,17:11:23,CUST3164,Restaurant_44,Beverages,Hyderabad,1283.87,34.69,104.79,1213.77,UPI,30,Delivered,
ORD003235,2023-12-01,20:55:51,CUST6449,Restaurant_59,Fast Food,Mumbai,962.68,50.88,0.0,1013.56,UPI,24,Delivered,5
ORD003236,2023-01-05,00:48:51,CUST8705,Restaurant_96,Italian,Ahmedabad,407.03,24.17,0.0,431.2,Credit Card,20,Delivered,4
ORD003237,2023-12-21,20:16:28,CUST6230,Restaurant_70,Healthy Food,Pune,1384.0,39.46,76.16,1347.3,Wallet,27,Delivered,2
ORD003238,2023-10-28,19:36:07,CUST3439,Restaurant_16,Beverages,Bengaluru,574.74,92.88,0.0,667.62,UPI,19,Delivered,
ORD003239,2023-01-02,23:36:21,CUST4032,Restaurant_12,Beverages,Delhi,1185.86,65.78,17.83,1233.81,Cash on Delivery,,Cancelled,
ORD003240,2023-08-30,03:29:16,CUST1271,Restaurant_11,North Indian,Pune,1206.53,53.56,0.0,1260.09,Debit Card,26,Delivered,
ORD003241,2023-01-04,10:23:39,CUST6418,Restaurant_79,Street Food,Mumbai,1051.44,39.84,0.0,1091.28,Credit Card,28,Delivered,5
ORD003242,2023-02-15,04:41:23,CUST3162,Restaurant_5,South Indian,Ahmedabad,947.9,50.12,0.0,998.02,Credit Card,,Refunded,
ORD003243,2023-09-12,10:43:08,CUST9900,Restaurant_41,South Indian,Bengaluru,356.3,48.02,0.0,404.32,Wallet,,Cancelled,
ORD003244,2023-11-08,16:57:34,CUST6881,Restaurant_43,Italian,Kolkata,1076.22,63.85,0.0,1140.07,Cash on Delivery,30,Delivered,1
ORD003245,2023-03-26,08:18:46,CUST6437,Restaurant_20,North Indian,Mumbai,219.68,31.74,0.0,251.42,Credit Card,49,Delivered,5
ORD003246,2023-12-13,03:41:34,CUST4730,Restaurant_96,Healthy Food,Hyderabad,997.01,47.76,74.13,970.64,Wallet,,Cancelled,
ORD003247,2023-06-26,06:22:17,CUST5181,Restaurant_86,Street Food,Kolkata,472.25,40.04,16.09,496.2,Debit Card,44,Delivered,1
ORD003248,2023-03-18,12:58:16,CUST3398,Restaurant_33,Chinese,Delhi,203.45,86.75,0.0,290.2,UPI,,Cancelled,
ORD003249,2023-05-05,04:39:02,CUST5912,Restaurant_20,Italian,Ahmedabad,741.6,46.35,0.0,787.95,Debit Card,,Refunded,
ORD003250,2023-08-25,23:24:54,CUST2159,Restaurant_80,Desserts,Lucknow,981.0,92.81,62.2,1011.61,Credit Card,53,Delivered,5
ORD003251,2023-06-01,11:51:43,CUST5535,Restaurant_96,Fast Food,Lucknow,370.53,28.14,0.0,398.67,Wallet,,Refunded,
ORD003252,2023-02-05,11:48:06,CUST4392,Restaurant_79,South Indian,Hyderabad,339.95,29.99,0.0,369.94,Wallet,32,Delivered,1
ORD003253,2023-10-08,01:57:25,CUST4049,Restaurant_66,Healthy Food,Jaipur,1391.25,33.11,0.0,1424.36,Cash on Delivery,52,Delivered,3
ORD003254,2023-10-12,17:05:45,CUST6148,Restaurant_42,Biryani,Pune,1202.39,57.23,0.0,1259.62,UPI,22,Delivered,3
ORD003255,2023-10-14,13:57:43,CUST6820,Restaurant_14,Desserts,Ahmedabad,670.18,60.24,0.0,730.42,Cash on Delivery,20,Delivered,4
ORD003256,2023-11-04,06:35:47,CUST5045,Restaurant_68,Chinese,Ahmedabad,286.96,44.97,35.84,296.09,Credit Card,38,Delivered,3
ORD003257,2023-06-16,20:49:50,CUST7187,Restaurant_84,Fast Food,Bengaluru,848.13,70.47,107.83,810.77,Credit Card,34,Delivered,1
ORD003258,2023-08-31,19:52:48,CUST4759,Restaurant_63,Desserts,Lucknow,325.4,25.75,0.0,351.15,Credit Card,,Cancelled,
ORD003259,2023-02-13,11:26:29,CUST5395,Restaurant_54,Biryani,Hyderabad,1020.88,82.0,137.17,965.71,Cash on Delivery,42,Delivered,2
ORD003260,2023-01-29,02:43:07,CUST5647,Restaurant_100,North Indian,Delhi,773.61,67.11,83.15,757.57,UPI,,Cancelled,
ORD003261,2023-07-30,03:47:22,CUST4045,Restaurant_79,South Indian,Bengaluru,695.87,49.5,0.0,745.37,Credit Card,,Cancelled,
ORD003262,2023-08-11,23:43:55,CUST2929,Restaurant_93,Healthy Food,Kolkata,558.99,88.12,0.0,647.11,UPI,44,Delivered,1
ORD003263,2023-04-27,08:55:47,CUST7520,Restaurant_65,Chinese,Delhi,1242.66,98.94,25.42,1316.18,Credit Card,,Cancelled,
ORD003264,2023-12-24,12:31:38,CUST1057,Restaurant_75,Chinese,Ahmedabad,172.91,22.67,0.0,195.58,Wallet,,Cancelled,
ORD003265,2023-12-20,07:11:13,CUST4240,Restaurant_45,Desserts,Delhi,845.59,61.47,0.0,907.06,Debit Card,,Cancelled,
ORD003266,2023-10-28,13:45:19,CUST9259,Restaurant_99,Fast Food,Kolkata,1311.82,84.91,0.0,1396.73,Debit Card,,Refunded,
ORD003267,2023-04-20,04:46:40,CUST7525,Restaurant_48,Italian,Hyderabad,292.92,20.04,13.8,299.16,Cash on Delivery,,Refunded,
ORD003268,2023-09-01,10:42:52,CUST8582,Restaurant_36,South Indian,Jaipur,1284.74,33.57,0.0,1318.31,Credit Card,,Cancelled,
ORD003269,2023-10-11,05:59:12,CUST2324,Restaurant_23,Biryani,Pune,876.12,39.53,0.0,915.65,Credit Card,34,Delivered,3
ORD003270,2023-10-17,00:36:51,CUST4473,Restaurant_32,Biryani,Mumbai,381.35,90.5,0.0,471.85,Debit Card,56,Delivered,2
ORD003271,2023-01-13,07:12:54,CUST9386,Restaurant_40,Street Food,Kolkata,1130.43,27.11,141.22,1016.32,Credit Card,,Cancelled,
ORD003272,2023-06-29,20:13:40,CUST8961,Restaurant_73,Chinese,Ahmedabad,998.92,42.84,117.42,924.34,Credit Card,62,Delivered,4
ORD003273,2023-08-21,23:37:06,CUST3255,Restaurant_54,Desserts,Pune,1234.6,75.31,0.0,1309.91,Cash on Delivery,62,Delivered,1
ORD003274,2023-07-20,22:51:52,CUST9689,Restaurant_11,Street Food,Mumbai,1395.4,56.99,141.0,1311.39,Credit Card,,Cancelled,
ORD003275,2023-11-28,05:02:44,CUST1381,Restaurant_83,North Indian,Jaipur,1150.73,84.98,0.0,1235.71,Cash on Delivery,35,Delivered,1
ORD003276,2023-08-15,18:05:47,CUST8859,Restaurant_58,Fast Food,Lucknow,1022.9,91.17,97.9,1016.17,Debit Card,,Refunded,
ORD003277,2023-12-28,11:43:34,CUST7105,Restaurant_44,Chinese,Jaipur,1336.25,33.91,88.7,1281.46,Debit Card,39,Delivered,2
ORD003278,2023-04-19,05:54:24,CUST3845,Restaurant_53,Italian,Pune,362.1,42.8,0.0,404.9,Cash on Delivery,32,Delivered,4
ORD003279,2023-04-08,05:23:31,CUST7197,Restaurant_58,Chinese,Bengaluru,265.71,27.08,136.25,156.54,Wallet,59,Delivered,1
ORD003280,2023-04-03,07:59:32,CUST4453,Restaurant_49,North Indian,Lucknow,310.78,95.05,0.0,405.83,Cash on Delivery,24,Delivered,4
ORD003281,2023-07-12,20:04:26,CUST3033,Restaurant_3,Street Food,Jaipur,492.2,59.22,0.0,551.42,Wallet,,Refunded,
ORD003282,2023-05-04,18:31:21,CUST2657,Restaurant_54,Biryani,Ahmedabad,878.1,30.46,0.0,908.56,Cash on Delivery,17,Delivered,3
ORD003283,2023-08-05,21:32:58,CUST3789,Restaurant_83,North Indian,Jaipur,301.23,60.57,0.0,361.8,Cash on Delivery,35,Delivered,
ORD003284,2023-09-17,08:49:56,CUST3967,Restaurant_40,Healthy Food,Delhi,1240.62,63.19,94.52,1209.29,Wallet,23,Delivered,5
ORD003285,2023-01-08,22:30:43,CUST9293,Restaurant_55,Beverages,Kolkata,1489.58,64.7,0.0,1554.28,Debit Card,56,Delivered,
ORD003286,2023-02-12,21:49:19,CUST6761,Restaurant_34,Beverages,Mumbai,1259.46,55.92,105.7,1209.68,UPI,51,Delivered,4
ORD003287,2023-10-13,07:13:12,CUST6954,Restaurant_90,South Indian,Jaipur,328.16,61.49,117.01,272.64,Debit Card,34,Delivered,1
ORD003288,2023-05-18,04:41:41,CUST5641,Restaurant_87,Fast Food,Mumbai,1293.64,87.21,0.0,1380.85,Credit Card,24,Delivered,1
ORD003289,2023-12-11,21:35:03,CUST1887,Restaurant_51,Beverages,Lucknow,664.3,31.42,0.0,695.72,Cash on Delivery,47,Delivered,
ORD003290,2023-10-14,23:25:55,CUST2502,Restaurant_35,Street Food,Ahmedabad,208.73,69.94,89.5,189.17,Cash on Delivery,,Refunded,
ORD003291,2023-07-10,01:21:06,CUST4021,Restaurant_30,Italian,Hyderabad,1419.74,58.81,0.0,1478.55,Cash on Delivery,,Refunded,
ORD003292,2023-07-26,19:50:16,CUST4677,Restaurant_71,Healthy Food,Mumbai,823.55,40.81,0.0,864.36,Cash on Delivery,28,Delivered,
ORD003293,2023-09-15,09:25:09,CUST6710,Restaurant_85,Biryani,Ahmedabad,1031.32,98.24,0.0,1129.56,UPI,,Refunded,
ORD003294,2023-05-14,21:10:59,CUST4347,Restaurant_90,Biryani,Chennai,1378.99,69.7,0.0,1448.69,Wallet,31,Delivered,4
ORD003295,2023-07-12,09:19:44,CUST8038,Restaurant_81,Chinese,Hyderabad,533.7,84.75,0.0,618.45,Cash on Delivery,60,Delivered,3
ORD003296,2023-04-23,03:24:41,CUST1540,Restaurant_36,Healthy Food,Chennai,1360.25,26.95,0.0,1387.2,Cash on Delivery,65,Delivered,1
ORD003297,2023-05-04,21:57:56,CUST6897,Restaurant_88,Biryani,Pune,337.65,34.35,116.72,255.28,Credit Card,,Cancelled,
ORD003298,2023-01-12,16:06:49,CUST9220,Restaurant_98,Desserts,Kolkata,295.91,38.44,0.0,334.35,Cash on Delivery,51,Delivered,2
ORD003299,2023-07-14,22:56:59,CUST3327,Restaurant_35,Desserts,Ahmedabad,302.22,62.23,0.0,364.45,Debit Card,55,Delivered,1
ORD003300,2023-04-21,04:14:49,CUST1992,Restaurant_26,North Indian,Jaipur,436.33,77.37,83.83,429.87,Debit Card,46,Delivered,
ORD003301,2023-11-12,23:28:12,CUST9906,Restaurant_76,Italian,Ahmedabad,961.41,28.34,0.0,989.75,Debit Card,58,Delivered,5
ORD003302,2023-10-27,14:13:04,CUST2647,Restaurant_83,Beverages,Chennai,539.96,30.39,0.0,570.35,Debit Card,40,Delivered,
ORD003303,2023-09-19,21:43:19,CUST2419,Restaurant_77,Beverages,Bengaluru,1430.44,23.9,0.0,1454.34,Credit Card,,Cancelled,
ORD003304,2023-10-25,09:44:09,CUST5926,Restaurant_84,North Indian,Lucknow,1344.25,70.64,0.0,1414.89,UPI,31,Delivered,4
ORD003305,2023-02-01,03:55:51,CUST9996,Restaurant_51,Italian,Ahmedabad,208.37,87.77,0.0,296.14,Wallet,,Refunded,
ORD003306,2023-04-22,14:05:07,CUST9414,Restaurant_99,North Indian,Bengaluru,438.35,35.55,34.02,439.88,Cash on Delivery,,Cancelled,
ORD003307,2023-10-31,12:37:41,CUST5627,Restaurant_61,Desserts,Mumbai,1419.28,78.86,92.2,1405.94,Cash on Delivery,40,Delivered,5
ORD003308,2023-01-04,16:12:43,CUST7641,Restaurant_61,Street Food,Mumbai,369.2,77.28,0.0,446.48,UPI,38,Delivered,4
ORD003309,2023-02-27,06:14:32,CUST1121,Restaurant_25,North Indian,Mumbai,314.12,87.03,0.0,401.15,UPI,,Cancelled,
ORD003310,2023-02-21,06:14:05,CUST1485,Restaurant_47,Biryani,Bengaluru,1321.79,79.93,123.2,1278.52,Credit Card,20,Delivered,3
ORD003311,2023-05-27,07:47:49,CUST1862,Restaurant_45,Healthy Food,Mumbai,615.2,64.39,0.0,679.59,Credit Card,33,Delivered,3
ORD003312,2023-01-06,13:02:53,CUST6692,Restaurant_29,Desserts,Mumbai,1301.51,41.04,0.0,1342.55,Wallet,62,Delivered,3
ORD003313,2023-05-20,23:26:35,CUST4772,Restaurant_40,Italian,Ahmedabad,1121.71,45.34,0.0,1167.05,Debit Card,,Refunded,
ORD003314,2023-05-31,18:21:25,CUST3643,Restaurant_68,Biryani,Hyderabad,978.94,99.6,0.0,1078.54,Debit Card,27,Delivered,5
ORD003315,2023-12-06,05:39:12,CUST9567,Restaurant_17,South Indian,Lucknow,1006.03,45.66,0.0,1051.69,Credit Card,36,Delivered,1
ORD003316,2023-08-18,06:22:38,CUST1376,Restaurant_91,Chinese,Delhi,709.95,52.95,0.0,762.9,Cash on Delivery,18,Delivered,1
ORD003317,2023-05-26,01:47:21,CUST9235,Restaurant_29,Healthy Food,Bengaluru,1358.25,63.55,0.0,1421.8,Wallet,47,Delivered,1
ORD003318,2023-03-28,16:54:41,CUST3056,Restaurant_20,South Indian,Jaipur,316.3,69.07,50.39,334.98,Wallet,52,Delivered,1
ORD003319,2023-03-16,00:33:45,CUST8288,Restaurant_55,Healthy Food,Mumbai,1468.58,40.92,90.33,1419.17,UPI,19,Delivered,2
ORD003320,2023-06-16,22:25:58,CUST5125,Restaurant_37,Beverages,Bengaluru,1191.48,67.22,0.0,1258.7,Credit Card,,Refunded,
ORD003321,2023-04-12,04:15:18,CUST5704,Restaurant_67,North Indian,Pune,591.9,30.03,0.0,621.93,Credit Card,24,Delivered,2
ORD003322,2023-09-25,06:38:40,CUST5939,Restaurant_27,Desserts,Delhi,1252.81,79.3,0.0,1332.11,Debit Card,62,Delivered,5
ORD003323,2023-01-17,19:36:04,CUST9773,Restaurant_26,North Indian,Ahmedabad,155.98,40.04,0.0,196.02,Credit Card,29,Delivered,4
ORD003324,2023-01-25,16:40:49,CUST4968,Restaurant_45,Desserts,Jaipur,1267.93,75.01,0.0,1342.94,UPI,47,Delivered,2
ORD003325,2023-01-18,08:09:11,CUST6466,Restaurant_89,Italian,Jaipur,270.66,29.66,0.0,300.32,Debit Card,44,Delivered,5
ORD003326,2023-01-18,09:12:22,CUST3211,Restaurant_69,Chinese,Delhi,258.8,77.05,97.79,238.06,Cash on Delivery,,Cancelled,
ORD003327,2023-12-02,14:14:01,CUST4352,Restaurant_5,Biryani,Pune,315.9,27.85,0.0,343.75,Cash on Delivery,40,Delivered,4
ORD003328,2023-08-10,10:47:12,CUST8040,Restaurant_100,Healthy Food,Bengaluru,654.33,49.27,0.0,703.6,Debit Card,,Cancelled,
ORD003329,2023-04-29,20:40:49,CUST8559,Restaurant_22,Street Food,Bengaluru,154.93,73.67,0.0,228.6,Cash on Delivery,,Refunded,
ORD003330,2023-01-03,15:51:45,CUST8354,Restaurant_65,Desserts,Jaipur,1454.92,68.34,35.95,1487.31,Credit Card,16,Delivered,2
ORD003331,2023-11-02,01:06:54,CUST9477,Restaurant_75,North Indian,Delhi,547.88,28.94,100.25,476.57,UPI,41,Delivered,5
ORD003332,2023-06-06,15:08:36,CUST8785,Restaurant_96,Italian,Hyderabad,424.69,71.54,0.0,496.23,Debit Card,19,Delivered,1
ORD003333,2023-06-05,20:05:56,CUST1142,Restaurant_67,South Indian,Pune,855.8,57.31,0.0,913.11,Wallet,,Cancelled,
ORD003334,2023-07-05,14:03:39,CUST6499,Restaurant_8,Beverages,Chennai,252.61,72.9,0.0,325.51,UPI,37,Delivered,3
ORD003335,2023-07-31,04:36:46,CUST6255,Restaurant_5,South Indian,Kolkata,1159.19,89.44,39.2,1209.43,Cash on Delivery,46,Delivered,1
ORD003336,2023-04-04,16:13:59,CUST6031,Restaurant_69,Fast Food,Pune,1388.51,37.68,31.66,1394.53,UPI,48,Delivered,
ORD003337,2023-04-11,14:38:45,CUST5484,Restaurant_91,Healthy Food,Mumbai,151.69,73.44,0.0,225.13,Debit Card,57,Delivered,
ORD003338,2023-07-30,19:54:00,CUST9958,Restaurant_97,Healthy Food,Jaipur,1157.65,73.58,0.0,1231.23,Wallet,61,Delivered,2
ORD003339,2023-05-17,17:23:40,CUST5094,Restaurant_82,Italian,Hyderabad,203.54,46.64,0.0,250.18,Cash on Delivery,36,Delivered,2
ORD003340,2023-05-21,04:02:19,CUST7346,Restaurant_54,Fast Food,Hyderabad,437.05,80.12,88.59,428.58,Wallet,58,Delivered,1
ORD003341,2023-04-28,18:50:21,CUST8203,Restaurant_46,Street Food,Hyderabad,472.17,99.24,0.0,571.41,UPI,,Cancelled,
ORD003342,2023-07-08,09:39:36,CUST6006,Restaurant_87,Chinese,Kolkata,874.88,76.58,0.0,951.46,UPI,51,Delivered,5
ORD003343,2023-10-24,11:11:35,CUST1117,Restaurant_52,Healthy Food,Chennai,1359.13,96.72,31.36,1424.49,UPI,,Cancelled,
ORD003344,2023-07-11,11:59:02,CUST6939,Restaurant_34,Healthy Food,Mumbai,1309.7,98.0,0.0,1407.7,Wallet,24,Delivered,5
ORD003345,2023-06-12,06:38:49,CUST6567,Restaurant_68,Street Food,Jaipur,1105.41,74.44,0.0,1179.85,Debit Card,,Refunded,
ORD003346,2023-05-08,13:57:22,CUST8049,Restaurant_74,Chinese,Lucknow,483.25,39.74,103.38,419.61,Credit Card,,Refunded,
ORD003347,2023-10-03,17:20:24,CUST7384,Restaurant_52,Street Food,Ahmedabad,642.02,35.52,0.0,677.54,UPI,,Cancelled,
ORD003348,2023-09-20,21:14:32,CUST8669,Restaurant_91,Fast Food,Mumbai,272.5,94.98,42.99,324.49,Credit Card,,Refunded,
ORD003349,2023-11-18,21:17:21,CUST6791,Restaurant_63,Biryani,Hyderabad,867.37,69.98,20.4,916.95,Debit Card,,Cancelled,
ORD003350,2023-01-04,12:01:59,CUST3523,Restaurant_25,North Indian,Chennai,334.26,91.37,127.43,298.2,UPI,64,Delivered,4
ORD003351,2023-11-21,06:19:26,CUST6247,Restaurant_30,Biryani,Ahmedabad,697.07,36.97,0.0,734.04,Cash on Delivery,16,Delivered,3
ORD003352,2023-05-24,04:12:57,CUST8191,Restaurant_78,Italian,Jaipur,557.47,74.55,0.0,632.02,Wallet,15,Delivered,4
ORD003353,2023-10-19,13:18:31,CUST6461,Restaurant_30,Fast Food,Jaipur,1173.03,79.11,131.79,1120.35,Debit Card,26,Delivered,3
ORD003354,2023-04-11,03:40:27,CUST5376,Restaurant_79,Beverages,Chennai,192.25,29.44,0.0,221.69,Credit Card,37,Delivered,1
ORD003355,2023-01-31,07:17:10,CUST4972,Restaurant_97,Desserts,Chennai,714.94,70.16,0.0,785.1,Wallet,17,Delivered,
ORD003356,2023-10-18,05:40:18,CUST6149,Restaurant_37,North Indian,Jaipur,281.45,75.19,115.84,240.8,UPI,,Cancelled,
ORD003357,2023-04-22,11:32:09,CUST5011,Restaurant_24,South Indian,Kolkata,300.76,85.53,26.14,360.15,UPI,23,Delivered,2
ORD003358,2023-11-06,03:34:13,CUST1134,Restaurant_98,Desserts,Hyderabad,1130.84,54.33,0.0,1185.17,Credit Card,,Cancelled,
ORD003359,2023-07-13,06:44:11,CUST9331,Restaurant_7,Desserts,Lucknow,255.28,99.57,68.92,285.93,Wallet,44,Delivered,2
ORD003360,2023-09-30,06:57:20,CUST4594,Restaurant_73,Beverages,Lucknow,648.25,57.31,0.0,705.56,Wallet,46,Delivered,
ORD003361,2023-03-14,17:32:30,CUST3462,Restaurant_100,Chinese,Delhi,255.92,48.13,0.0,304.05,Credit Card,29,Delivered,3
ORD003362,2023-05-05,22:58:46,CUST8498,Restaurant_84,Fast Food,Chennai,409.51,60.02,85.34,384.19,Wallet,43,Delivered,2
ORD003363,2023-06-03,13:51:44,CUST1056,Restaurant_59,Street Food,Lucknow,413.47,51.99,83.13,382.33,Wallet,46,Delivered,5
ORD003364,2023-08-01,16:50:26,CUST9629,Restaurant_53,Healthy Food,Delhi,162.7,27.82,0.0,190.52,UPI,28,Delivered,4
ORD003365,2023-05-25,00:29:13,CUST4094,Restaurant_23,North Indian,Jaipur,800.12,63.3,88.69,774.73,Wallet,,Cancelled,
ORD003366,2023-05-09,18:12:35,CUST2149,Restaurant_70,Italian,Jaipur,179.42,83.17,0.0,262.59,UPI,29,Delivered,4
ORD003367,2023-06-27,16:55:01,CUST7208,Restaurant_23,Italian,Bengaluru,329.64,80.99,0.0,410.63,Credit Card,,Cancelled,
ORD003368,2023-07-16,08:23:50,CUST8897,Restaurant_45,Desserts,Jaipur,576.35,58.22,0.0,634.57,Wallet,25,Delivered,3
ORD003369,2023-08-27,12:53:24,CUST6453,Restaurant_14,Italian,Lucknow,587.84,55.96,56.9,586.9,Wallet,63,Delivered,1
ORD003370,2023-12-01,04:41:02,CUST3585,Restaurant_58,Street Food,Jaipur,335.49,78.73,17.87,396.35,Debit Card,,Cancelled,
ORD003371,2023-11-24,13:17:46,CUST9333,Restaurant_22,South Indian,Bengaluru,197.77,30.55,0.0,228.32,Debit Card,34,Delivered,5
ORD003372,2023-10-12,09:40:28,CUST4330,Restaurant_7,Italian,Bengaluru,737.12,46.17,0.0,783.29,Wallet,52,Delivered,4
ORD003373,2023-04-15,10:11:46,CUST3928,Restaurant_86,Street Food,Bengaluru,1255.38,26.78,64.9,1217.26,UPI,,Refunded,
ORD003374,2023-12-12,15:13:54,CUST4765,Restaurant_8,South Indian,Bengaluru,1079.56,82.55,0.0,1162.11,Cash on Delivery,,Refunded,
ORD003375,2023-02-14,19:40:44,CUST6444,Restaurant_52,South Indian,Kolkata,925.73,26.44,83.46,868.71,Wallet,17,Delivered,
ORD003376,2023-10-17,21:40:40,CUST6438,Restaurant_91,Chinese,Ahmedabad,980.92,47.19,103.93,924.18,Wallet,58,Delivered,
ORD003377,2023-12-19,19:02:05,CUST8936,Restaurant_95,Biryani,Hyderabad,171.42,24.84,11.67,184.59,UPI,,Cancelled,
ORD003378,2023-09-03,16:31:46,CUST6547,Restaurant_43,Fast Food,Chennai,774.83,42.01,0.0,816.84,Wallet,,Refunded,
ORD003379,2023-12-24,05:30:48,CUST6998,Restaurant_24,Fast Food,Lucknow,1414.53,91.97,21.92,1484.58,Wallet,23,Delivered,2
ORD003380,2023-02-12,13:21:07,CUST8567,Restaurant_76,South Indian,Lucknow,1149.09,42.2,0.0,1191.29,Credit Card,,Refunded,
ORD003381,2023-01-09,06:26:23,CUST5767,Restaurant_48,Beverages,Mumbai,590.39,65.48,0.0,655.87,UPI,62,Delivered,3
ORD003382,2023-02-23,01:08:57,CUST1769,Restaurant_14,South Indian,Ahmedabad,457.33,80.2,0.0,537.53,UPI,57,Delivered,
ORD003383,2023-03-18,14:19:51,CUST3243,Restaurant_53,Biryani,Pune,1191.58,37.04,109.69,1118.93,UPI,18,Delivered,3
ORD003384,2023-12-10,00:15:32,CUST4461,Restaurant_92,South Indian,Hyderabad,1416.27,82.36,104.79,1393.84,Cash on Delivery,,Refunded,
ORD003385,2023-06-07,10:12:35,CUST5473,Restaurant_57,Street Food,Lucknow,1115.13,84.55,115.84,1083.84,Credit Card,23,Delivered,2
ORD003386,2023-04-03,07:32:53,CUST4576,Restaurant_89,South Indian,Ahmedabad,385.5,54.46,0.0,439.96,Cash on Delivery,38,Delivered,3
ORD003387,2023-04-20,02:57:52,CUST2739,Restaurant_10,Chinese,Chennai,1172.36,58.29,77.78,1152.87,UPI,17,Delivered,3
ORD003388,2023-04-12,16:01:23,CUST3000,Restaurant_46,Fast Food,Ahmedabad,398.59,38.1,44.78,391.91,Wallet,37,Delivered,5
ORD003389,2023-12-11,05:52:22,CUST8296,Restaurant_52,Biryani,Hyderabad,1176.73,72.3,0.0,1249.03,Debit Card,60,Delivered,5
ORD003390,2023-04-09,15:21:43,CUST5001,Restaurant_34,Italian,Bengaluru,1260.67,55.18,0.0,1315.85,Cash on Delivery,23,Delivered,4
ORD003391,2023-11-18,22:05:52,CUST6122,Restaurant_13,Chinese,Jaipur,417.58,57.44,0.0,475.02,Credit Card,48,Delivered,2
ORD003392,2023-12-26,11:16:38,CUST1493,Restaurant_16,Healthy Food,Bengaluru,317.65,93.59,124.45,286.79,Debit Card,,Cancelled,
ORD003393,2023-08-03,21:00:43,CUST5371,Restaurant_30,Street Food,Pune,1219.99,71.48,72.05,1219.42,Wallet,21,Delivered,2
ORD003394,2023-06-15,02:02:42,CUST1800,Restaurant_41,Healthy Food,Pune,1262.02,33.63,0.0,1295.65,UPI,59,Delivered,1
ORD003395,2023-02-12,03:33:26,CUST8168,Restaurant_27,Street Food,Ahmedabad,238.35,51.16,114.62,174.89,Credit Card,15,Delivered,4
ORD003396,2023-11-22,00:53:40,CUST6674,Restaurant_26,Healthy Food,Ahmedabad,533.2,89.25,0.0,622.45,Cash on Delivery,21,Delivered,
ORD003397,2023-12-04,18:12:49,CUST6512,Restaurant_12,Street Food,Ahmedabad,575.29,66.98,63.35,578.92,Wallet,25,Delivered,
ORD003398,2023-12-02,10:45:55,CUST9616,Restaurant_11,Biryani,Chennai,958.71,75.99,0.0,1034.7,UPI,48,Delivered,2
ORD003399,2023-09-30,14:38:26,CUST6709,Restaurant_90,Desserts,Hyderabad,1421.92,77.83,0.0,1499.75,Debit Card,37,Delivered,5
ORD003400,2023-08-26,02:33:25,CUST7060,Restaurant_62,Biryani,Lucknow,371.96,20.46,0.0,392.42,Credit Card,58,Delivered,3
ORD003401,2023-08-17,11:03:13,CUST1942,Restaurant_26,Fast Food,Jaipur,1032.43,74.89,77.97,1029.35,Credit Card,,Refunded,
ORD003402,2023-03-19,18:00:17,CUST1883,Restaurant_6,Desserts,Bengaluru,1305.19,67.39,64.32,1308.26,Credit Card,44,Delivered,4
ORD003403,2023-08-30,03:19:04,CUST3899,Restaurant_88,Biryani,Bengaluru,983.58,45.15,0.0,1028.73,Wallet,17,Delivered,1
ORD003404,2023-05-26,04:36:30,CUST1849,Restaurant_5,Healthy Food,Chennai,568.37,20.56,0.0,588.93,Wallet,20,Delivered,2
ORD003405,2023-07-27,01:25:11,CUST1559,Restaurant_92,Biryani,Delhi,463.01,41.32,0.0,504.33,Wallet,57,Delivered,
ORD003406,2023-03-22,23:38:06,CUST6669,Restaurant_87,Beverages,Ahmedabad,883.58,95.01,0.0,978.59,Debit Card,,Cancelled,
ORD003407,2023-04-01,18:39:50,CUST5774,Restaurant_82,Fast Food,Ahmedabad,860.34,73.15,0.0,933.49,Debit Card,,Refunded,
ORD003408,2023-03-29,09:01:51,CUST6009,Restaurant_91,Chinese,Mumbai,802.47,80.53,147.29,735.71,Wallet,51,Delivered,3
ORD003409,2023-10-14,09:53:28,CUST5597,Restaurant_86,Desserts,Ahmedabad,1307.42,91.25,0.0,1398.67,Cash on Delivery,,Cancelled,
ORD003410,2023-09-15,22:36:24,CUST1874,Restaurant_53,Biryani,Jaipur,454.26,45.72,0.0,499.98,Debit Card,20,Delivered,1
ORD003411,2023-09-18,05:14:48,CUST3562,Restaurant_10,Beverages,Jaipur,602.13,64.78,0.0,666.91,Credit Card,18,Delivered,5
ORD003412,2023-04-11,03:46:36,CUST2491,Restaurant_90,Fast Food,Chennai,1408.86,59.81,0.0,1468.67,UPI,16,Delivered,2
ORD003413,2023-03-19,11:36:13,CUST5847,Restaurant_79,South Indian,Jaipur,956.48,43.1,0.0,999.58,Cash on Delivery,36,Delivered,5
ORD003414,2023-06-26,13:41:25,CUST9606,Restaurant_87,Beverages,Jaipur,881.46,83.74,0.0,965.2,UPI,,Cancelled,
ORD003415,2023-01-19,02:11:58,CUST3274,Restaurant_78,Italian,Mumbai,1479.81,61.13,55.16,1485.78,Wallet,43,Delivered,4
ORD003416,2023-02-15,13:45:18,CUST1751,Restaurant_20,Biryani,Ahmedabad,271.43,55.72,0.0,327.15,Wallet,22,Delivered,1
ORD003417,2023-06-16,17:02:46,CUST8089,Restaurant_3,Healthy Food,Kolkata,560.15,55.3,0.0,615.45,UPI,,Cancelled,
ORD003418,2023-07-27,05:09:36,CUST4895,Restaurant_84,Biryani,Delhi,1471.49,39.38,0.0,1510.87,Debit Card,62,Delivered,1
ORD003419,2023-10-15,11:13:20,CUST9018,Restaurant_85,Chinese,Mumbai,740.46,31.42,0.0,771.88,Credit Card,,Refunded,
ORD003420,2023-08-02,10:34:24,CUST1480,Restaurant_19,Beverages,Chennai,513.44,95.07,90.54,517.97,Debit Card,41,Delivered,2
ORD003421,2023-12-27,13:01:41,CUST4562,Restaurant_25,Beverages,Pune,925.41,99.69,0.0,1025.1,Credit Card,,Cancelled,
ORD003422,2023-04-13,23:04:59,CUST1662,Restaurant_8,Italian,Mumbai,602.86,34.69,0.0,637.55,Cash on Delivery,47,Delivered,4
ORD003423,2023-07-19,08:34:00,CUST3688,Restaurant_68,Street Food,Lucknow,1243.18,41.83,0.0,1285.01,Credit Card,38,Delivered,2
ORD003424,2023-04-23,11:21:53,CUST7400,Restaurant_16,Beverages,Jaipur,901.48,28.2,139.34,790.34,Cash on Delivery,31,Delivered,3
ORD003425,2023-01-15,20:46:46,CUST1955,Restaurant_62,Chinese,Delhi,1160.95,97.64,46.97,1211.62,UPI,52,Delivered,2
ORD003426,2023-11-26,03:55:09,CUST4494,Restaurant_58,Italian,Pune,1383.07,29.49,0.0,1412.56,Wallet,18,Delivered,2
ORD003427,2023-11-26,19:00:23,CUST9391,Restaurant_84,Fast Food,Chennai,670.12,75.03,93.18,651.97,Cash on Delivery,,Refunded,
ORD003428,2023-02-17,09:02:27,CUST7764,Restaurant_43,Italian,Mumbai,365.79,22.18,0.0,387.97,Wallet,57,Delivered,2
ORD003429,2023-08-28,14:24:03,CUST3617,Restaurant_69,Fast Food,Lucknow,1346.19,50.92,59.92,1337.19,UPI,27,Delivered,1
ORD003430,2023-07-19,08:56:51,CUST4776,Restaurant_97,South Indian,Hyderabad,846.0,65.64,0.0,911.64,UPI,57,Delivered,5
ORD003431,2023-12-26,03:41:51,CUST1958,Restaurant_10,Biryani,Ahmedabad,1080.71,64.75,0.0,1145.46,Credit Card,,Cancelled,
ORD003432,2023-02-05,10:54:10,CUST4677,Restaurant_63,North Indian,Jaipur,545.99,64.23,98.17,512.05,Credit Card,27,Delivered,4
ORD003433,2023-07-21,13:29:05,CUST3073,Restaurant_81,Chinese,Jaipur,547.77,74.47,123.11,499.13,Credit Card,49,Delivered,5
ORD003434,2023-09-30,01:29:21,CUST6196,Restaurant_51,Biryani,Kolkata,307.71,59.77,0.0,367.48,Wallet,,Refunded,
ORD003435,2023-08-31,14:46:42,CUST9217,Restaurant_42,Healthy Food,Jaipur,564.22,86.27,102.72,547.77,Wallet,21,Delivered,5
ORD003436,2023-05-12,15:47:48,CUST3707,Restaurant_91,North Indian,Hyderabad,610.77,68.92,0.0,679.69,Wallet,16,Delivered,1
ORD003437,2023-07-30,05:30:59,CUST9392,Restaurant_31,Italian,Hyderabad,1415.14,88.97,0.0,1504.11,Credit Card,16,Delivered,
ORD003438,2023-08-17,20:27:41,CUST2749,Restaurant_94,North Indian,Delhi,1002.69,94.8,0.0,1097.49,Cash on Delivery,50,Delivered,2
ORD003439,2023-12-09,05:13:23,CUST3900,Restaurant_93,Street Food,Jaipur,1475.28,66.65,0.0,1541.93,Wallet,,Cancelled,
ORD003440,2023-08-05,11:30:33,CUST9677,Restaurant_19,Beverages,Bengaluru,1369.43,60.42,0.0,1429.85,Wallet,51,Delivered,5
ORD003441,2023-11-02,20:46:54,CUST8014,Restaurant_36,North Indian,Mumbai,1137.39,79.47,0.0,1216.86,Wallet,50,Delivered,2
ORD003442,2023-07-16,00:49:55,CUST7561,Restaurant_10,Biryani,Hyderabad,1168.82,72.37,0.0,1241.19,UPI,45,Delivered,5
ORD003443,2023-10-23,22:31:45,CUST4248,Restaurant_93,Beverages,Mumbai,1499.88,79.87,0.0,1579.75,Credit Card,30,Delivered,1
ORD003444,2023-10-14,09:05:27,CUST1461,Restaurant_95,Healthy Food,Hyderabad,178.39,63.01,0.0,241.4,Wallet,44,Delivered,1
ORD003445,2023-03-28,04:28:33,CUST8660,Restaurant_28,Italian,Pune,619.05,97.94,73.39,643.6,Cash on Delivery,60,Delivered,3
ORD003446,2023-02-08,15:04:09,CUST2193,Restaurant_36,North Indian,Bengaluru,274.23,59.18,0.0,333.41,Cash on Delivery,,Refunded,
ORD003447,2023-10-21,00:51:24,CUST7369,Restaurant_97,Beverages,Hyderabad,432.98,93.77,0.0,526.75,Credit Card,,Refunded,
ORD003448,2023-06-26,15:26:13,CUST1220,Restaurant_71,North Indian,Delhi,1222.13,89.77,0.0,1311.9,Wallet,22,Delivered,1
ORD003449,2023-05-24,02:09:40,CUST6886,Restaurant_48,North Indian,Chennai,575.11,26.87,42.83,559.15,UPI,63,Delivered,5
ORD003450,2023-12-16,03:01:39,CUST6675,Restaurant_33,Beverages,Bengaluru,1363.1,91.5,0.0,1454.6,Credit Card,46,Delivered,
ORD003451,2023-09-08,14:37:04,CUST5441,Restaurant_7,Fast Food,Hyderabad,606.81,55.08,0.0,661.89,UPI,60,Delivered,2
ORD003452,2023-10-29,06:35:32,CUST9940,Restaurant_9,Healthy Food,Ahmedabad,1319.87,93.16,92.15,1320.88,Credit Card,56,Delivered,3
ORD003453,2023-08-21,21:07:58,CUST1887,Restaurant_22,Beverages,Lucknow,813.32,86.32,0.0,899.64,Cash on Delivery,21,Delivered,2
ORD003454,2023-11-26,01:42:28,CUST6268,Restaurant_32,Biryani,Delhi,1293.71,47.28,0.0,1340.99,Cash on Delivery,35,Delivered,3
ORD003455,2023-10-01,18:48:56,CUST4489,Restaurant_41,Biryani,Ahmedabad,534.98,65.33,0.0,600.31,UPI,,Cancelled,
ORD003456,2023-03-31,11:40:03,CUST3732,Restaurant_21,Chinese,Mumbai,245.47,98.86,22.81,321.52,Credit Card,56,Delivered,2
ORD003457,2023-10-02,13:43:14,CUST1326,Restaurant_75,Biryani,Pune,1387.04,71.51,0.0,1458.55,Debit Card,16,Delivered,
ORD003458,2023-10-07,20:46:55,CUST1104,Restaurant_26,Biryani,Kolkata,1411.96,64.9,0.0,1476.86,UPI,,Refunded,
ORD003459,2023-11-01,23:22:28,CUST8031,Restaurant_73,Chinese,Bengaluru,1236.64,45.53,39.6,1242.57,Credit Card,46,Delivered,4
ORD003460,2023-06-29,15:03:28,CUST5317,Restaurant_99,Italian,Lucknow,834.64,24.7,0.0,859.34,UPI,32,Delivered,
ORD003461,2023-01-25,14:13:21,CUST4122,Restaurant_53,North Indian,Lucknow,674.55,80.64,124.89,630.3,Debit Card,,Cancelled,
ORD003462,2023-02-12,21:26:45,CUST3177,Restaurant_21,Beverages,Jaipur,756.27,43.62,0.0,799.89,Cash on Delivery,47,Delivered,1
ORD003463,2023-05-14,17:03:08,CUST9723,Restaurant_64,Fast Food,Jaipur,868.33,56.57,0.0,924.9,Debit Card,28,Delivered,4
ORD003464,2023-03-03,20:40:55,CUST3379,Restaurant_68,North Indian,Jaipur,1073.75,54.74,0.0,1128.49,UPI,58,Delivered,1
ORD003465,2023-12-07,04:50:07,CUST7923,Restaurant_75,Italian,Kolkata,1143.47,82.92,0.0,1226.39,Wallet,30,Delivered,2
ORD003466,2023-05-27,21:09:36,CUST5301,Restaurant_73,Beverages,Delhi,1408.82,71.93,0.0,1480.75,Debit Card,21,Delivered,1
ORD003467,2023-10-19,19:43:37,CUST8500,Restaurant_78,Biryani,Bengaluru,909.4,67.35,144.7,832.05,Debit Card,,Cancelled,
ORD003468,2023-12-26,01:43:19,CUST2252,Restaurant_1,Chinese,Kolkata,706.58,54.55,0.0,761.13,Cash on Delivery,47,Delivered,1
ORD003469,2023-04-21,21:57:07,CUST8202,Restaurant_45,South Indian,Kolkata,686.6,79.38,26.3,739.68,Credit Card,17,Delivered,5
ORD003470,2023-08-29,02:57:46,CUST1912,Restaurant_4,Italian,Mumbai,1252.61,71.29,0.0,1323.9,Debit Card,38,Delivered,1
ORD003471,2023-08-25,15:12:04,CUST3976,Restaurant_44,South Indian,Delhi,915.1,64.28,16.68,962.7,Credit Card,44,Delivered,3
ORD003472,2023-01-28,21:04:29,CUST2918,Restaurant_8,Desserts,Mumbai,233.76,81.47,60.57,254.66,Wallet,40,Delivered,3
ORD003473,2023-12-20,03:49:58,CUST4914,Restaurant_39,Biryani,Lucknow,628.45,70.23,0.0,698.68,Cash on Delivery,31,Delivered,5
ORD003474,2023-03-29,14:54:54,CUST1334,Restaurant_39,Fast Food,Pune,577.26,89.84,20.55,646.55,Credit Card,42,Delivered,2
ORD003475,2023-01-26,08:40:20,CUST7882,Restaurant_80,Beverages,Delhi,716.2,69.26,122.78,662.68,Debit Card,15,Delivered,
ORD003476,2023-11-27,18:32:41,CUST1738,Restaurant_62,South Indian,Ahmedabad,833.94,39.58,0.0,873.52,Cash on Delivery,29,Delivered,5
ORD003477,2023-03-17,10:28:49,CUST1744,Restaurant_16,Italian,Chennai,361.4,95.58,111.01,345.97,Cash on Delivery,42,Delivered,1
ORD003478,2023-04-01,02:16:26,CUST5568,Restaurant_67,Healthy Food,Pune,712.58,80.22,90.66,702.14,Debit Card,47,Delivered,3
ORD003479,2023-09-27,22:23:17,CUST9581,Restaurant_70,Italian,Delhi,459.05,81.79,0.0,540.84,Debit Card,58,Delivered,1
ORD003480,2023-02-15,09:40:48,CUST8978,Restaurant_90,South Indian,Chennai,914.6,57.9,0.0,972.5,Wallet,,Cancelled,
ORD003481,2023-03-11,20:09:45,CUST3057,Restaurant_11,Street Food,Lucknow,750.28,54.81,0.0,805.09,Credit Card,58,Delivered,
ORD003482,2023-05-29,23:51:45,CUST5253,Restaurant_26,Healthy Food,Delhi,1194.95,49.72,0.0,1244.67,UPI,,Refunded,
ORD003483,2023-01-27,22:53:04,CUST8981,Restaurant_22,Fast Food,Bengaluru,888.29,51.4,0.0,939.69,Wallet,49,Delivered,
ORD003484,2023-05-26,23:30:25,CUST8906,Restaurant_20,Biryani,Pune,985.14,53.65,0.0,1038.79,Credit Card,41,Delivered,
ORD003485,2023-12-28,04:40:45,CUST8958,Restaurant_40,Biryani,Kolkata,1059.92,76.06,0.0,1135.98,Credit Card,,Refunded,
ORD003486,2023-05-22,10:32:01,CUST5936,Restaurant_79,Italian,Jaipur,657.44,75.21,0.0,732.65,Cash on Delivery,41,Delivered,3
ORD003487,2023-03-25,13:40:45,CUST7228,Restaurant_61,North Indian,Chennai,1361.78,89.42,0.0,1451.2,UPI,23,Delivered,5
ORD003488,2023-03-26,17:59:32,CUST6967,Restaurant_38,North Indian,Bengaluru,1185.76,54.12,0.0,1239.88,Debit Card,33,Delivered,1
ORD003489,2023-12-29,01:53:20,CUST7720,Restaurant_68,South Indian,Kolkata,786.04,34.32,0.0,820.36,Cash on Delivery,20,Delivered,2
ORD003490,2023-04-18,08:10:02,CUST4597,Restaurant_87,Fast Food,Jaipur,1121.36,36.93,0.0,1158.29,Debit Card,15,Delivered,4
ORD003491,2023-11-22,01:24:39,CUST4558,Restaurant_67,Italian,Bengaluru,1394.41,50.38,0.0,1444.79,Credit Card,41,Delivered,
ORD003492,2023-09-14,04:53:33,CUST1411,Restaurant_16,South Indian,Lucknow,1474.92,86.06,146.79,1414.19,Wallet,36,Delivered,
ORD003493,2023-03-12,17:03:05,CUST7053,Restaurant_11,Desserts,Chennai,706.79,26.57,0.0,733.36,Wallet,,Cancelled,
ORD003494,2023-05-01,07:40:06,CUST3750,Restaurant_30,Street Food,Kolkata,613.22,68.84,0.0,682.06,Wallet,23,Delivered,
ORD003495,2023-03-07,19:06:22,CUST3346,Restaurant_28,Biryani,Ahmedabad,1422.69,53.57,99.79,1376.47,UPI,24,Delivered,4
ORD003496,2023-03-04,10:30:32,CUST2850,Restaurant_33,Italian,Pune,1452.69,57.5,0.0,1510.19,UPI,45,Delivered,4
ORD003497,2023-01-24,05:39:37,CUST1921,Restaurant_67,Desserts,Pune,776.82,38.1,0.0,814.92,UPI,38,Delivered,3
ORD003498,2023-07-08,13:39:25,CUST7540,Restaurant_2,Italian,Jaipur,1012.1,38.41,101.05,949.46,Cash on Delivery,59,Delivered,
ORD003499,2023-02-25,10:53:23,CUST4790,Restaurant_93,North Indian,Delhi,676.36,84.56,0.0,760.92,Wallet,,Refunded,
ORD003500,2023-03-25,03:24:56,CUST9799,Restaurant_3,Chinese,Delhi,450.87,20.16,0.0,471.03,Cash on Delivery,19,Delivered,1
ORD003501,2023-12-03,00:13:26,CUST9124,Restaurant_75,Healthy Food,Hyderabad,1108.67,71.13,0.0,1179.8,Wallet,46,Delivered,
ORD003502,2023-07-20,09:25:31,CUST2299,Restaurant_36,Beverages,Kolkata,331.19,31.04,0.0,362.23,UPI,46,Delivered,
ORD003503,2023-12-04,15:06:38,CUST5389,Restaurant_88,Biryani,Pune,1343.07,94.12,45.17,1392.02,Wallet,34,Delivered,1
ORD003504,2023-05-03,21:51:52,CUST9071,Restaurant_26,Beverages,Lucknow,218.89,81.1,0.0,299.99,Cash on Delivery,28,Delivered,
ORD003505,2023-01-29,11:17:31,CUST3189,Restaurant_58,Italian,Delhi,625.72,46.73,0.0,672.45,Cash on Delivery,,Refunded,
ORD003506,2023-06-16,18:47:47,CUST2764,Restaurant_91,Desserts,Ahmedabad,1283.32,63.28,122.01,1224.59,Debit Card,20,Delivered,4
ORD003507,2023-05-04,02:39:39,CUST5074,Restaurant_87,Street Food,Delhi,690.24,22.12,0.0,712.36,UPI,27,Delivered,4
ORD003508,2023-08-12,22:26:26,CUST6488,Restaurant_50,Street Food,Chennai,635.64,69.16,0.0,704.8,Credit Card,54,Delivered,3
ORD003509,2023-05-04,11:26:02,CUST3073,Restaurant_35,Chinese,Jaipur,1203.25,68.36,0.0,1271.61,Wallet,56,Delivered,5
ORD003510,2023-02-18,03:56:15,CUST2460,Restaurant_54,Italian,Pune,180.03,37.53,87.71,129.85,UPI,36,Delivered,4
ORD003511,2023-07-26,10:48:27,CUST5559,Restaurant_71,Italian,Lucknow,878.88,52.83,0.0,931.71,Wallet,50,Delivered,1
ORD003512,2023-07-19,00:45:16,CUST4803,Restaurant_64,South Indian,Mumbai,1173.61,79.3,0.0,1252.91,Cash on Delivery,41,Delivered,2
ORD003513,2023-05-02,02:19:49,CUST7262,Restaurant_1,Beverages,Jaipur,867.38,60.52,80.35,847.55,Debit Card,52,Delivered,3
ORD003514,2023-01-24,20:26:04,CUST9312,Restaurant_8,Desserts,Kolkata,165.02,35.48,0.0,200.5,Credit Card,21,Delivered,5
ORD003515,2023-07-05,18:41:26,CUST8731,Restaurant_32,South Indian,Mumbai,1297.15,50.09,0.0,1347.24,Debit Card,,Cancelled,
ORD003516,2023-06-17,23:30:21,CUST6288,Restaurant_87,Italian,Ahmedabad,963.74,47.6,138.2,873.14,Debit Card,,Refunded,
ORD003517,2023-05-28,14:23:29,CUST2719,Restaurant_54,North Indian,Ahmedabad,878.21,85.44,63.51,900.14,Credit Card,,Cancelled,
ORD003518,2023-12-23,02:26:56,CUST5207,Restaurant_40,Chinese,Chennai,933.98,39.17,0.0,973.15,Credit Card,59,Delivered,2
ORD003519,2023-01-30,03:37:08,CUST3525,Restaurant_23,Healthy Food,Pune,687.75,70.63,21.79,736.59,Wallet,22,Delivered,
ORD003520,2023-01-31,07:31:55,CUST3741,Restaurant_94,Fast Food,Chennai,801.87,84.49,0.0,886.36,Debit Card,23,Delivered,
ORD003521,2023-05-03,07:53:34,CUST5522,Restaurant_23,North Indian,Jaipur,684.51,37.99,0.0,722.5,Cash on Delivery,51,Delivered,2
ORD003522,2023-08-19,18:25:28,CUST5516,Restaurant_50,North Indian,Chennai,267.96,40.65,116.17,192.44,Wallet,36,Delivered,5
ORD003523,2023-04-22,03:58:39,CUST8629,Restaurant_42,Desserts,Kolkata,621.36,56.48,71.08,606.76,Cash on Delivery,21,Delivered,
ORD003524,2023-09-07,14:28:51,CUST8607,Restaurant_21,Biryani,Pune,1408.67,85.89,0.0,1494.56,Debit Card,58,Delivered,1
ORD003525,2023-12-16,06:31:40,CUST7782,Restaurant_26,Biryani,Lucknow,905.54,59.76,147.82,817.48,Credit Card,58,Delivered,4
ORD003526,2023-10-24,06:39:18,CUST3984,Restaurant_32,South Indian,Ahmedabad,615.78,36.86,111.89,540.75,Cash on Delivery,58,Delivered,
ORD003527,2023-02-24,23:18:23,CUST8838,Restaurant_2,Biryani,Ahmedabad,915.09,85.57,0.0,1000.66,UPI,39,Delivered,4
ORD003528,2023-05-14,09:49:09,CUST3469,Restaurant_48,Italian,Delhi,180.81,59.06,94.56,145.31,Debit Card,58,Delivered,5
ORD003529,2023-07-19,21:02:50,CUST2711,Restaurant_99,Chinese,Bengaluru,921.23,36.5,79.83,877.9,Wallet,52,Delivered,4
ORD003530,2023-09-25,11:50:37,CUST9282,Restaurant_77,Biryani,Mumbai,1012.34,81.58,0.0,1093.92,Wallet,35,Delivered,
ORD003531,2023-09-10,09:03:06,CUST1330,Restaurant_44,Fast Food,Mumbai,195.77,26.82,0.0,222.59,UPI,62,Delivered,
ORD003532,2023-04-10,02:53:11,CUST7444,Restaurant_1,Italian,Lucknow,1120.97,65.44,0.0,1186.41,Debit Card,,Cancelled,
ORD003533,2023-08-02,08:25:31,CUST9062,Restaurant_4,Chinese,Delhi,856.51,89.76,0.0,946.27,UPI,,Refunded,
ORD003534,2023-03-20,04:46:06,CUST3012,Restaurant_60,North Indian,Delhi,1367.38,66.92,0.0,1434.3,Credit Card,29,Delivered,2
ORD003535,2023-09-21,18:40:09,CUST2107,Restaurant_88,Chinese,Hyderabad,245.75,44.1,0.0,289.85,Credit Card,49,Delivered,1
ORD003536,2023-11-07,18:05:30,CUST7816,Restaurant_37,Fast Food,Chennai,1477.69,36.67,0.0,1514.36,UPI,18,Delivered,4
ORD003537,2023-08-27,08:00:25,CUST2229,Restaurant_46,Street Food,Chennai,1247.38,94.77,0.0,1342.15,Credit Card,56,Delivered,2
ORD003538,2023-02-10,20:15:49,CUST4491,Restaurant_12,Desserts,Bengaluru,1230.97,80.46,0.0,1311.43,Cash on Delivery,27,Delivered,2
ORD003539,2023-03-24,20:25:13,CUST9891,Restaurant_90,South Indian,Chennai,1498.93,43.19,94.31,1447.81,UPI,,Refunded,
ORD003540,2023-08-01,15:23:40,CUST2020,Restaurant_91,Chinese,Ahmedabad,567.85,39.04,37.23,569.66,Cash on Delivery,58,Delivered,5
ORD003541,2023-10-01,14:40:34,CUST3299,Restaurant_12,Desserts,Jaipur,1071.09,23.91,0.0,1095.0,Cash on Delivery,,Refunded,
ORD003542,2023-05-02,22:33:20,CUST7837,Restaurant_10,Chinese,Chennai,894.11,99.71,149.57,844.25,Debit Card,29,Delivered,5
ORD003543,2023-10-08,05:57:31,CUST6393,Restaurant_20,Healthy Food,Mumbai,342.55,54.5,40.38,356.67,UPI,63,Delivered,
ORD003544,2023-12-24,07:10:04,CUST8435,Restaurant_44,Biryani,Bengaluru,1295.03,23.14,0.0,1318.17,Wallet,45,Delivered,
ORD003545,2023-04-06,21:14:25,CUST2536,Restaurant_54,Fast Food,Kolkata,1414.34,55.83,26.06,1444.11,Cash on Delivery,,Cancelled,
ORD003546,2023-05-26,02:09:22,CUST4559,Restaurant_85,North Indian,Mumbai,1411.87,20.69,38.06,1394.5,Cash on Delivery,,Cancelled,
ORD003547,2023-07-21,10:59:44,CUST7147,Restaurant_3,Biryani,Delhi,350.62,83.54,0.0,434.16,Credit Card,,Cancelled,
ORD003548,2023-11-29,02:02:36,CUST3248,Restaurant_77,Healthy Food,Kolkata,824.27,77.5,0.0,901.77,UPI,,Refunded,
ORD003549,2023-08-04,03:27:10,CUST4594,Restaurant_93,Chinese,Lucknow,323.08,61.96,0.0,385.04,Debit Card,,Cancelled,
ORD003550,2023-02-10,23:17:07,CUST6998,Restaurant_9,Desserts,Chennai,906.66,76.24,87.3,895.6,Wallet,52,Delivered,2
ORD003551,2023-05-15,07:48:34,CUST5149,Restaurant_43,South Indian,Jaipur,664.4,51.74,91.95,624.19,Debit Card,65,Delivered,
ORD003552,2023-11-26,04:39:07,CUST6414,Restaurant_42,Italian,Hyderabad,426.39,62.59,0.0,488.98,Cash on Delivery,,Refunded,
ORD003553,2023-09-15,06:24:40,CUST3114,Restaurant_76,Street Food,Mumbai,457.52,81.82,0.0,539.34,Cash on Delivery,31,Delivered,4
ORD003554,2023-04-13,05:42:29,CUST9511,Restaurant_92,Beverages,Jaipur,971.2,22.79,74.54,919.45,Credit Card,54,Delivered,2
ORD003555,2023-08-06,17:55:11,CUST2434,Restaurant_28,South Indian,Mumbai,1270.61,72.85,0.0,1343.46,UPI,,Refunded,
ORD003556,2023-11-28,21:04:58,CUST1218,Restaurant_6,Healthy Food,Bengaluru,1498.56,80.15,0.0,1578.71,Debit Card,28,Delivered,1
ORD003557,2023-11-09,04:09:31,CUST1467,Restaurant_41,Italian,Ahmedabad,408.6,68.34,0.0,476.94,Credit Card,15,Delivered,
ORD003558,2023-09-14,07:57:48,CUST7204,Restaurant_10,North Indian,Mumbai,1081.71,83.53,0.0,1165.24,Cash on Delivery,,Cancelled,
ORD003559,2023-01-18,16:10:33,CUST1269,Restaurant_25,Italian,Jaipur,1184.02,88.04,125.66,1146.4,Debit Card,17,Delivered,1
ORD003560,2023-03-12,12:12:22,CUST1791,Restaurant_41,Beverages,Lucknow,292.42,68.96,0.0,361.38,Debit Card,22,Delivered,1
ORD003561,2023-10-05,12:44:54,CUST5067,Restaurant_96,Chinese,Bengaluru,952.41,42.5,0.0,994.91,Credit Card,28,Delivered,3
ORD003562,2023-07-06,07:11:04,CUST3483,Restaurant_55,Chinese,Hyderabad,831.45,87.84,0.0,919.29,UPI,51,Delivered,2
ORD003563,2023-12-02,22:08:45,CUST2171,Restaurant_95,Beverages,Delhi,896.19,50.05,0.0,946.24,UPI,,Refunded,
ORD003564,2023-08-22,21:20:05,CUST6145,Restaurant_89,Biryani,Ahmedabad,627.41,88.97,0.0,716.38,UPI,25,Delivered,5
ORD003565,2023-03-20,21:12:05,CUST5166,Restaurant_62,North Indian,Bengaluru,1296.53,49.08,0.0,1345.61,Debit Card,21,Delivered,3
ORD003566,2023-08-11,15:31:54,CUST2304,Restaurant_25,Desserts,Mumbai,1231.08,34.52,0.0,1265.6,UPI,15,Delivered,4
ORD003567,2023-01-01,10:02:20,CUST3921,Restaurant_37,Street Food,Hyderabad,1010.5,68.27,93.3,985.47,Cash on Delivery,21,Delivered,
ORD003568,2023-08-18,06:02:13,CUST2646,Restaurant_1,North Indian,Ahmedabad,324.67,83.17,61.44,346.4,Cash on Delivery,21,Delivered,
ORD003569,2023-04-07,10:29:28,CUST1938,Restaurant_84,Healthy Food,Jaipur,1236.98,52.44,0.0,1289.42,UPI,52,Delivered,4
ORD003570,2023-01-20,10:24:24,CUST5185,Restaurant_72,Street Food,Pune,943.93,25.18,142.41,826.7,UPI,47,Delivered,1
ORD003571,2023-07-09,18:45:20,CUST2329,Restaurant_92,Biryani,Ahmedabad,1011.26,75.29,0.0,1086.55,Wallet,36,Delivered,
ORD003572,2023-11-25,16:19:35,CUST3408,Restaurant_22,North Indian,Delhi,972.39,79.68,57.04,995.03,Wallet,48,Delivered,3
ORD003573,2023-02-18,11:24:50,CUST8972,Restaurant_100,Street Food,Lucknow,280.67,84.79,52.09,313.37,Debit Card,,Cancelled,
ORD003574,2023-03-13,08:32:21,CUST7337,Restaurant_36,Biryani,Kolkata,671.08,60.63,19.83,711.88,Cash on Delivery,,Refunded,
ORD003575,2023-01-19,01:06:30,CUST7946,Restaurant_42,Healthy Food,Lucknow,1400.36,26.78,0.0,1427.14,Cash on Delivery,20,Delivered,2
ORD003576,2023-10-31,22:53:26,CUST1705,Restaurant_37,Healthy Food,Jaipur,724.55,81.36,0.0,805.91,UPI,61,Delivered,3
ORD003577,2023-10-24,10:46:16,CUST3254,Restaurant_31,North Indian,Pune,1409.6,71.05,0.0,1480.65,Wallet,16,Delivered,4
ORD003578,2023-09-03,20:14:27,CUST8218,Restaurant_42,Healthy Food,Bengaluru,463.26,89.95,0.0,553.21,Debit Card,,Refunded,
ORD003579,2023-01-25,09:45:08,CUST4571,Restaurant_29,North Indian,Hyderabad,958.51,55.61,0.0,1014.12,Credit Card,39,Delivered,5
ORD003580,2023-11-08,11:14:40,CUST5481,Restaurant_84,North Indian,Chennai,627.23,68.22,0.0,695.45,Credit Card,31,Delivered,1
ORD003581,2023-04-09,09:43:30,CUST2600,Restaurant_26,North Indian,Lucknow,475.59,90.04,0.0,565.63,UPI,55,Delivered,
ORD003582,2023-08-22,19:33:47,CUST3445,Restaurant_95,Biryani,Bengaluru,493.99,31.67,0.0,525.66,Cash on Delivery,49,Delivered,
ORD003583,2023-11-23,00:47:36,CUST2855,Restaurant_57,Beverages,Mumbai,304.61,27.73,0.0,332.34,UPI,40,Delivered,2
ORD003584,2023-10-31,19:34:55,CUST5736,Restaurant_40,Desserts,Pune,1055.07,61.53,0.0,1116.6,Cash on Delivery,16,Delivered,5
ORD003585,2023-10-10,08:20:46,CUST7878,Restaurant_25,South Indian,Kolkata,917.49,46.44,143.04,820.89,Wallet,23,Delivered,5
ORD003586,2023-07-10,02:09:15,CUST7527,Restaurant_12,Chinese,Hyderabad,1177.62,51.24,105.88,1122.98,Debit Card,24,Delivered,2
ORD003587,2023-02-08,06:38:12,CUST5399,Restaurant_79,Italian,Jaipur,652.86,55.93,0.0,708.79,Cash on Delivery,39,Delivered,
ORD003588,2023-04-28,07:16:30,CUST6130,Restaurant_49,Italian,Chennai,829.19,36.52,0.0,865.71,UPI,,Refunded,
ORD003589,2023-12-05,22:31:12,CUST1445,Restaurant_6,Healthy Food,Lucknow,390.17,74.35,0.0,464.52,Cash on Delivery,,Cancelled,
ORD003590,2023-09-03,21:09:00,CUST5601,Restaurant_59,Italian,Kolkata,510.23,21.36,0.0,531.59,Credit Card,30,Delivered,5
ORD003591,2023-10-10,23:25:01,CUST5518,Restaurant_47,Biryani,Jaipur,697.89,30.33,0.0,728.22,UPI,,Refunded,
ORD003592,2023-12-03,13:35:48,CUST8921,Restaurant_44,North Indian,Bengaluru,525.85,51.11,0.0,576.96,Wallet,38,Delivered,
ORD003593,2023-02-13,19:42:11,CUST8376,Restaurant_38,Chinese,Chennai,1015.37,32.49,18.9,1028.96,Credit Card,44,Delivered,
ORD003594,2023-06-26,10:13:00,CUST5497,Restaurant_44,Italian,Ahmedabad,705.31,27.26,0.0,732.57,Debit Card,17,Delivered,5
ORD003595,2023-03-13,13:13:17,CUST7747,Restaurant_45,Italian,Chennai,426.22,91.31,0.0,517.53,Debit Card,60,Delivered,1
ORD003596,2023-10-02,21:07:30,CUST5055,Restaurant_9,Fast Food,Chennai,1402.93,25.04,0.0,1427.97,Credit Card,63,Delivered,3
ORD003597,2023-05-20,11:58:43,CUST1355,Restaurant_79,Biryani,Bengaluru,1317.97,50.25,0.0,1368.22,UPI,48,Delivered,5
ORD003598,2023-10-18,23:34:49,CUST4644,Restaurant_68,Healthy Food,Kolkata,1168.17,66.41,0.0,1234.58,UPI,40,Delivered,4
ORD003599,2023-10-26,09:37:04,CUST7293,Restaurant_92,Healthy Food,Pune,802.75,49.89,0.0,852.64,Debit Card,,Cancelled,
ORD003600,2023-05-16,02:45:04,CUST9157,Restaurant_100,Healthy Food,Bengaluru,438.63,92.9,0.0,531.53,Wallet,30,Delivered,2
ORD003601,2023-01-19,09:50:17,CUST3286,Restaurant_73,Desserts,Bengaluru,1350.35,55.79,0.0,1406.14,Cash on Delivery,28,Delivered,3
ORD003602,2023-01-30,06:17:11,CUST2624,Restaurant_86,South Indian,Ahmedabad,1141.76,50.12,0.0,1191.88,Credit Card,27,Delivered,5
ORD003603,2023-02-13,13:47:58,CUST3552,Restaurant_66,Biryani,Delhi,711.41,47.38,0.0,758.79,Debit Card,35,Delivered,4
ORD003604,2023-03-14,02:28:17,CUST7556,Restaurant_98,Desserts,Bengaluru,312.5,89.56,136.86,265.2,Credit Card,46,Delivered,
ORD003605,2023-02-16,11:13:18,CUST1795,Restaurant_91,South Indian,Mumbai,378.91,68.69,0.0,447.6,Wallet,54,Delivered,
ORD003606,2023-04-21,06:29:38,CUST4647,Restaurant_73,Street Food,Mumbai,830.71,29.9,0.0,860.61,Wallet,,Cancelled,
ORD003607,2023-09-11,13:54:06,CUST8561,Restaurant_83,Fast Food,Pune,1146.44,34.28,75.27,1105.45,Wallet,38,Delivered,3
ORD003608,2023-01-23,22:58:02,CUST3997,Restaurant_74,Street Food,Hyderabad,716.79,81.8,0.0,798.59,Debit Card,,Cancelled,
ORD003609,2023-09-05,05:11:15,CUST1502,Restaurant_80,Street Food,Ahmedabad,402.5,42.75,103.8,341.45,Wallet,57,Delivered,4
ORD003610,2023-11-06,04:27:53,CUST7542,Restaurant_56,Healthy Food,Hyderabad,536.08,45.2,145.76,435.52,Cash on Delivery,52,Delivered,1
ORD003611,2023-01-22,04:50:24,CUST8230,Restaurant_18,Desserts,Chennai,1433.15,75.65,0.0,1508.8,Cash on Delivery,56,Delivered,5
ORD003612,2023-10-14,04:58:08,CUST6629,Restaurant_84,Chinese,Hyderabad,491.38,80.77,0.0,572.15,Debit Card,33,Delivered,2
ORD003613,2023-05-16,13:25:26,CUST4051,Restaurant_57,Street Food,Kolkata,600.91,53.32,0.0,654.23,Credit Card,64,Delivered,4
ORD003614,2023-09-01,23:09:35,CUST1847,Restaurant_64,South Indian,Bengaluru,294.68,90.65,0.0,385.33,Credit Card,52,Delivered,1
ORD003615,2023-11-16,01:04:16,CUST4225,Restaurant_15,Desserts,Mumbai,891.46,84.77,33.57,942.66,UPI,,Refunded,
ORD003616,2023-06-09,18:36:58,CUST8535,Restaurant_18,Fast Food,Lucknow,823.27,27.39,51.31,799.35,Wallet,,Refunded,
ORD003617,2023-04-16,14:41:10,CUST6019,Restaurant_15,Street Food,Pune,819.88,93.0,0.0,912.88,Debit Card,41,Delivered,4
ORD003618,2023-01-17,15:29:01,CUST1807,Restaurant_34,North Indian,Delhi,1310.14,23.24,0.0,1333.38,Wallet,29,Delivered,4
ORD003619,2023-12-07,00:34:04,CUST6131,Restaurant_40,Beverages,Jaipur,1431.63,38.47,0.0,1470.1,Debit Card,56,Delivered,2
ORD003620,2023-07-14,16:54:23,CUST1400,Restaurant_2,Fast Food,Lucknow,1362.94,46.56,47.12,1362.38,Cash on Delivery,61,Delivered,3
ORD003621,2023-01-07,15:20:53,CUST7901,Restaurant_64,Beverages,Kolkata,649.05,62.48,0.0,711.53,Debit Card,40,Delivered,4
ORD003622,2023-12-10,12:10:44,CUST3269,Restaurant_58,Fast Food,Jaipur,1387.38,63.24,0.0,1450.62,Cash on Delivery,55,Delivered,4
ORD003623,2023-02-23,15:06:57,CUST8943,Restaurant_23,Beverages,Chennai,623.39,58.24,0.0,681.63,UPI,,Cancelled,
ORD003624,2023-09-10,07:57:33,CUST6898,Restaurant_97,Biryani,Bengaluru,442.36,21.08,0.0,463.44,Wallet,58,Delivered,5
ORD003625,2023-01-17,00:37:09,CUST7015,Restaurant_92,Street Food,Pune,452.57,74.67,0.0,527.24,Cash on Delivery,31,Delivered,3
ORD003626,2023-06-08,05:08:36,CUST1495,Restaurant_30,North Indian,Kolkata,706.62,51.08,0.0,757.7,UPI,59,Delivered,5
ORD003627,2023-05-02,08:31:18,CUST3577,Restaurant_92,Chinese,Kolkata,1322.38,70.42,0.0,1392.8,Cash on Delivery,,Refunded,
ORD003628,2023-04-25,01:02:31,CUST6788,Restaurant_9,Healthy Food,Hyderabad,701.23,34.62,0.0,735.85,Debit Card,36,Delivered,2
ORD003629,2023-08-10,02:30:27,CUST7883,Restaurant_71,Desserts,Bengaluru,397.24,75.24,0.0,472.48,Wallet,57,Delivered,3
ORD003630,2023-05-12,15:26:43,CUST5125,Restaurant_9,South Indian,Chennai,586.21,87.18,136.48,536.91,Credit Card,,Cancelled,
ORD003631,2023-10-11,23:38:50,CUST7860,Restaurant_93,South Indian,Pune,499.9,67.08,0.0,566.98,Credit Card,19,Delivered,5
ORD003632,2023-08-15,13:36:16,CUST5209,Restaurant_54,Healthy Food,Kolkata,1272.48,49.79,48.41,1273.86,Wallet,25,Delivered,3
ORD003633,2023-07-23,15:45:52,CUST9624,Restaurant_52,South Indian,Lucknow,572.32,72.4,0.0,644.72,UPI,22,Delivered,3
ORD003634,2023-01-17,15:47:00,CUST1484,Restaurant_69,Healthy Food,Jaipur,1225.14,84.24,0.0,1309.38,UPI,,Refunded,
ORD003635,2023-10-21,05:36:43,CUST3808,Restaurant_14,Healthy Food,Delhi,545.1,84.5,0.0,629.6,Debit Card,16,Delivered,4
ORD003636,2023-04-29,16:57:01,CUST2652,Restaurant_96,Italian,Bengaluru,1206.89,84.56,0.0,1291.45,Wallet,27,Delivered,4
ORD003637,2023-12-28,10:32:41,CUST2252,Restaurant_85,Fast Food,Hyderabad,1070.14,97.56,116.23,1051.47,Cash on Delivery,,Cancelled,
ORD003638,2023-05-30,07:54:49,CUST6482,Restaurant_80,Biryani,Kolkata,973.72,22.13,0.0,995.85,Cash on Delivery,43,Delivered,3
ORD003639,2023-06-19,13:31:09,CUST1095,Restaurant_64,South Indian,Bengaluru,1271.79,74.55,68.36,1277.98,Cash on Delivery,20,Delivered,2
ORD003640,2023-07-09,18:38:05,CUST9645,Restaurant_82,North Indian,Pune,544.37,72.4,0.0,616.77,Credit Card,30,Delivered,4
ORD003641,2023-10-02,15:47:11,CUST2217,Restaurant_48,Biryani,Hyderabad,1383.56,27.3,0.0,1410.86,Wallet,,Refunded,
ORD003642,2023-03-03,13:04:35,CUST8595,Restaurant_23,Healthy Food,Hyderabad,1277.93,51.15,0.0,1329.08,UPI,55,Delivered,1
ORD003643,2023-07-22,06:05:59,CUST9866,Restaurant_51,Italian,Chennai,892.39,57.82,108.43,841.78,Wallet,27,Delivered,3
ORD003644,2023-04-21,04:48:22,CUST1270,Restaurant_58,Healthy Food,Jaipur,330.74,47.33,0.0,378.07,Wallet,17,Delivered,1
ORD003645,2023-04-03,12:28:27,CUST2656,Restaurant_44,Beverages,Pune,781.71,92.32,32.07,841.96,Credit Card,62,Delivered,
ORD003646,2023-03-17,12:47:46,CUST6208,Restaurant_94,South Indian,Chennai,748.81,38.43,0.0,787.24,Credit Card,47,Delivered,1
ORD003647,2023-07-24,07:04:57,CUST3929,Restaurant_55,Fast Food,Mumbai,1217.22,90.37,83.91,1223.68,Wallet,52,Delivered,2
ORD003648,2023-10-30,16:52:50,CUST1993,Restaurant_29,Street Food,Delhi,1056.0,99.57,0.0,1155.57,Debit Card,42,Delivered,4
ORD003649,2023-06-04,15:30:51,CUST9597,Restaurant_41,Healthy Food,Pune,1458.71,47.32,0.0,1506.03,Cash on Delivery,22,Delivered,3
ORD003650,2023-04-08,16:44:56,CUST8654,Restaurant_51,Biryani,Jaipur,179.83,48.3,0.0,228.13,Wallet,,Cancelled,
ORD003651,2023-08-23,00:07:11,CUST9628,Restaurant_64,North Indian,Bengaluru,502.36,28.71,0.0,531.07,Wallet,52,Delivered,5
ORD003652,2023-07-19,00:26:00,CUST5648,Restaurant_23,Fast Food,Ahmedabad,1301.22,96.66,0.0,1397.88,Debit Card,21,Delivered,
ORD003653,2023-10-21,16:45:21,CUST6022,Restaurant_63,Desserts,Pune,416.98,92.75,99.51,410.22,Debit Card,52,Delivered,
ORD003654,2023-12-30,00:32:37,CUST9722,Restaurant_35,Desserts,Mumbai,555.76,56.07,0.0,611.83,Credit Card,,Cancelled,
ORD003655,2023-05-12,04:20:09,CUST2099,Restaurant_33,Biryani,Delhi,890.05,31.56,0.0,921.61,Credit Card,28,Delivered,
ORD003656,2023-12-22,00:04:42,CUST6063,Restaurant_90,North Indian,Bengaluru,1323.47,83.74,0.0,1407.21,Wallet,35,Delivered,2
ORD003657,2023-01-01,00:20:26,CUST7861,Restaurant_57,South Indian,Hyderabad,745.37,66.65,0.0,812.02,UPI,,Refunded,
ORD003658,2023-02-25,04:19:02,CUST1019,Restaurant_35,Fast Food,Delhi,376.18,20.82,0.0,397.0,Debit Card,60,Delivered,3
ORD003659,2023-04-28,00:38:00,CUST6676,Restaurant_1,Chinese,Delhi,635.17,58.79,0.0,693.96,Credit Card,,Cancelled,
ORD003660,2023-05-10,05:26:05,CUST7243,Restaurant_81,Fast Food,Lucknow,1226.71,55.55,0.0,1282.26,Cash on Delivery,28,Delivered,4
ORD003661,2023-09-25,06:14:22,CUST2859,Restaurant_37,Beverages,Lucknow,1131.68,92.77,0.0,1224.45,UPI,18,Delivered,5
ORD003662,2023-04-30,17:56:38,CUST8103,Restaurant_92,North Indian,Hyderabad,514.49,59.65,0.0,574.14,Wallet,56,Delivered,3
ORD003663,2023-10-07,08:55:53,CUST6706,Restaurant_87,South Indian,Lucknow,625.51,70.22,0.0,695.73,Wallet,23,Delivered,1
ORD003664,2023-11-14,15:07:49,CUST1877,Restaurant_88,Street Food,Lucknow,1400.68,68.35,0.0,1469.03,Debit Card,,Refunded,
ORD003665,2023-06-26,17:00:35,CUST3130,Restaurant_23,Chinese,Kolkata,431.51,72.56,149.98,354.09,Wallet,25,Delivered,1
ORD003666,2023-04-22,09:17:05,CUST8997,Restaurant_88,Fast Food,Delhi,237.74,63.96,0.0,301.7,Debit Card,,Refunded,
ORD003667,2023-02-07,22:13:12,CUST3273,Restaurant_31,Italian,Jaipur,1135.94,41.58,136.13,1041.39,Credit Card,65,Delivered,1
ORD003668,2023-03-04,14:29:27,CUST2942,Restaurant_83,North Indian,Bengaluru,1451.52,24.1,0.0,1475.62,UPI,60,Delivered,1
ORD003669,2023-02-05,22:19:18,CUST9118,Restaurant_92,South Indian,Pune,351.49,20.65,67.6,304.54,UPI,45,Delivered,4
ORD003670,2023-08-02,03:37:26,CUST2288,Restaurant_43,Beverages,Kolkata,311.74,98.71,133.98,276.47,UPI,,Cancelled,
ORD003671,2023-08-22,11:23:46,CUST3758,Restaurant_56,Fast Food,Hyderabad,407.82,44.92,0.0,452.74,UPI,,Refunded,
ORD003672,2023-01-21,17:09:34,CUST4617,Restaurant_26,Desserts,Hyderabad,239.07,64.52,0.0,303.59,Credit Card,31,Delivered,4
ORD003673,2023-12-26,05:50:43,CUST3479,Restaurant_90,Italian,Lucknow,1245.3,98.99,0.0,1344.29,Credit Card,,Refunded,
ORD003674,2023-04-28,09:49:15,CUST6503,Restaurant_50,Biryani,Chennai,432.04,63.57,0.0,495.61,Credit Card,,Refunded,
ORD003675,2023-09-29,04:47:21,CUST7147,Restaurant_9,Biryani,Pune,835.87,26.35,81.29,780.93,Cash on Delivery,61,Delivered,1
ORD003676,2023-08-11,18:24:23,CUST7854,Restaurant_98,Biryani,Hyderabad,1356.88,68.96,0.0,1425.84,Credit Card,,Refunded,
ORD003677,2023-09-05,12:18:49,CUST9815,Restaurant_29,Fast Food,Mumbai,420.81,44.1,0.0,464.91,Debit Card,26,Delivered,4
ORD003678,2023-07-20,10:22:28,CUST8924,Restaurant_99,Street Food,Chennai,1037.73,90.85,0.0,1128.58,UPI,38,Delivered,4
ORD003679,2023-05-05,15:46:43,CUST3841,Restaurant_76,Street Food,Hyderabad,821.3,21.02,0.0,842.32,Cash on Delivery,34,Delivered,1
ORD003680,2023-10-10,22:33:24,CUST5400,Restaurant_12,Chinese,Hyderabad,948.75,35.45,0.0,984.2,Wallet,29,Delivered,2
ORD003681,2023-08-22,18:46:34,CUST5323,Restaurant_86,Biryani,Jaipur,885.07,80.91,82.3,883.68,UPI,,Cancelled,
ORD003682,2023-08-21,16:44:43,CUST9937,Restaurant_20,Healthy Food,Lucknow,804.83,52.94,42.56,815.21,Credit Card,56,Delivered,2
ORD003683,2023-01-21,23:14:39,CUST7885,Restaurant_63,Italian,Hyderabad,1011.39,29.69,0.0,1041.08,Debit Card,,Cancelled,
ORD003684,2023-01-25,04:58:24,CUST4314,Restaurant_61,Biryani,Mumbai,755.33,53.56,45.55,763.34,Cash on Delivery,,Refunded,
ORD003685,2023-02-03,11:21:40,CUST3301,Restaurant_32,Beverages,Mumbai,751.95,37.09,0.0,789.04,Cash on Delivery,33,Delivered,
ORD003686,2023-05-23,01:57:04,CUST6833,Restaurant_95,Healthy Food,Chennai,875.27,33.37,0.0,908.64,Credit Card,60,Delivered,4
ORD003687,2023-03-28,18:34:43,CUST1460,Restaurant_92,Italian,Bengaluru,466.47,21.8,0.0,488.27,Cash on Delivery,37,Delivered,5
ORD003688,2023-07-30,09:04:25,CUST5685,Restaurant_70,Fast Food,Hyderabad,424.73,99.49,0.0,524.22,Wallet,,Cancelled,
ORD003689,2023-03-18,20:56:16,CUST6016,Restaurant_87,Biryani,Chennai,361.04,52.13,0.0,413.17,Debit Card,27,Delivered,
ORD003690,2023-07-05,05:22:56,CUST5289,Restaurant_92,Fast Food,Pune,752.56,78.54,0.0,831.1,Debit Card,36,Delivered,2
ORD003691,2023-04-19,08:17:10,CUST2538,Restaurant_52,Beverages,Pune,1058.64,54.09,0.0,1112.73,Cash on Delivery,30,Delivered,
ORD003692,2023-05-09,20:49:20,CUST3535,Restaurant_88,South Indian,Ahmedabad,543.24,89.46,0.0,632.7,Wallet,23,Delivered,4
ORD003693,2023-03-04,15:07:06,CUST4283,Restaurant_39,Italian,Hyderabad,953.82,36.83,0.0,990.65,Wallet,38,Delivered,2
ORD003694,2023-02-04,20:14:47,CUST5447,Restaurant_38,Chinese,Ahmedabad,394.49,47.63,27.36,414.76,Credit Card,26,Delivered,2
ORD003695,2023-03-29,11:31:40,CUST9546,Restaurant_97,Desserts,Lucknow,1444.34,93.19,0.0,1537.53,Wallet,62,Delivered,1
ORD003696,2023-02-12,06:51:56,CUST5569,Restaurant_58,Street Food,Mumbai,1163.4,59.67,0.0,1223.07,Debit Card,28,Delivered,
ORD003697,2023-09-19,10:39:23,CUST5674,Restaurant_68,Street Food,Jaipur,1036.21,92.16,83.65,1044.72,UPI,27,Delivered,4
ORD003698,2023-07-08,13:16:30,CUST7186,Restaurant_99,Fast Food,Pune,837.45,44.55,87.0,795.0,Wallet,54,Delivered,2
ORD003699,2023-12-23,14:46:04,CUST5664,Restaurant_59,North Indian,Jaipur,1256.34,23.66,0.0,1280.0,UPI,,Refunded,
ORD003700,2023-07-04,09:13:09,CUST6978,Restaurant_39,Desserts,Mumbai,1086.35,38.37,0.0,1124.72,Cash on Delivery,,Refunded,
ORD003701,2023-01-26,17:28:52,CUST8726,Restaurant_71,Street Food,Mumbai,1417.21,23.38,0.0,1440.59,Debit Card,50,Delivered,
ORD003702,2023-11-05,17:55:53,CUST1717,Restaurant_67,South Indian,Chennai,411.87,73.7,0.0,485.57,Wallet,59,Delivered,3
ORD003703,2023-11-05,14:35:40,CUST6456,Restaurant_61,Beverages,Jaipur,413.19,26.1,0.0,439.29,Credit Card,51,Delivered,5
ORD003704,2023-04-22,08:02:53,CUST8583,Restaurant_33,South Indian,Bengaluru,352.17,78.97,101.74,329.4,Cash on Delivery,21,Delivered,
ORD003705,2023-11-15,10:10:15,CUST2469,Restaurant_81,Street Food,Chennai,499.23,60.24,0.0,559.47,Credit Card,27,Delivered,3
ORD003706,2023-03-27,10:18:46,CUST8899,Restaurant_35,North Indian,Mumbai,1035.11,87.26,0.0,1122.37,Wallet,22,Delivered,3
ORD003707,2023-12-01,15:29:08,CUST6213,Restaurant_38,Street Food,Bengaluru,1486.44,75.67,120.61,1441.5,Debit Card,,Cancelled,
ORD003708,2023-01-18,08:49:46,CUST6646,Restaurant_23,Street Food,Bengaluru,622.03,76.35,0.0,698.38,Credit Card,41,Delivered,2
ORD003709,2023-02-09,08:03:54,CUST8258,Restaurant_40,Italian,Bengaluru,1058.09,48.4,0.0,1106.49,Cash on Delivery,46,Delivered,3
ORD003710,2023-05-20,04:10:25,CUST9617,Restaurant_53,Italian,Delhi,1213.78,95.08,0.0,1308.86,Credit Card,,Cancelled,
ORD003711,2023-06-16,21:03:25,CUST5185,Restaurant_45,Biryani,Bengaluru,775.02,76.93,0.0,851.95,UPI,22,Delivered,2
ORD003712,2023-06-19,13:13:14,CUST1790,Restaurant_53,Chinese,Kolkata,875.95,58.28,0.0,934.23,Debit Card,23,Delivered,3
ORD003713,2023-01-24,06:06:30,CUST8693,Restaurant_37,North Indian,Lucknow,458.43,83.92,0.0,542.35,Debit Card,24,Delivered,1
ORD003714,2023-11-27,23:06:18,CUST3997,Restaurant_21,Fast Food,Jaipur,1272.71,41.56,0.0,1314.27,UPI,,Cancelled,
ORD003715,2023-06-18,21:08:06,CUST6232,Restaurant_66,Street Food,Bengaluru,989.08,45.72,0.0,1034.8,UPI,38,Delivered,1
ORD003716,2023-10-20,19:45:47,CUST8566,Restaurant_82,North Indian,Kolkata,266.88,23.47,0.0,290.35,Cash on Delivery,20,Delivered,4
ORD003717,2023-01-02,07:45:00,CUST8904,Restaurant_72,Italian,Delhi,1082.69,51.53,0.0,1134.22,Wallet,,Cancelled,
ORD003718,2023-12-19,18:52:44,CUST8412,Restaurant_45,Desserts,Pune,1439.68,34.24,0.0,1473.92,Credit Card,,Refunded,
ORD003719,2023-10-30,22:47:44,CUST9570,Restaurant_25,Fast Food,Lucknow,758.22,20.16,0.0,778.38,Debit Card,,Refunded,
ORD003720,2023-08-23,16:51:34,CUST5086,Restaurant_56,South Indian,Ahmedabad,896.64,76.1,0.0,972.74,Credit Card,23,Delivered,2
ORD003721,2023-05-28,11:29:35,CUST9077,Restaurant_12,Chinese,Hyderabad,243.27,85.06,0.0,328.33,Credit Card,31,Delivered,3
ORD003722,2023-05-08,08:51:17,CUST2070,Restaurant_35,Fast Food,Bengaluru,953.91,75.62,75.79,953.74,UPI,61,Delivered,4
ORD003723,2023-09-08,23:27:33,CUST2797,Restaurant_64,Biryani,Mumbai,870.37,22.59,143.35,749.61,Cash on Delivery,63,Delivered,
ORD003724,2023-04-04,03:46:45,CUST2552,Restaurant_47,North Indian,Mumbai,789.75,82.93,108.04,764.64,Cash on Delivery,22,Delivered,5
ORD003725,2023-06-09,04:23:57,CUST5901,Restaurant_45,Italian,Mumbai,867.46,84.51,121.8,830.17,UPI,43,Delivered,3
ORD003726,2023-07-15,21:50:09,CUST9223,Restaurant_22,Desserts,Lucknow,1485.8,81.31,0.0,1567.11,Debit Card,39,Delivered,
ORD003727,2023-02-09,17:31:08,CUST4432,Restaurant_100,Street Food,Jaipur,278.62,72.86,23.21,328.27,Cash on Delivery,,Cancelled,
ORD003728,2023-11-14,13:21:12,CUST7587,Restaurant_27,Biryani,Ahmedabad,466.08,59.26,72.96,452.38,Cash on Delivery,42,Delivered,3
ORD003729,2023-05-18,14:04:58,CUST3312,Restaurant_87,Chinese,Lucknow,289.76,80.4,0.0,370.16,Credit Card,54,Delivered,3
ORD003730,2023-01-26,10:01:54,CUST4193,Restaurant_15,North Indian,Ahmedabad,1495.14,22.71,0.0,1517.85,UPI,59,Delivered,2
ORD003731,2023-06-28,07:19:59,CUST3672,Restaurant_30,Biryani,Delhi,848.28,77.16,57.93,867.51,Cash on Delivery,48,Delivered,5
ORD003732,2023-06-20,11:42:56,CUST7037,Restaurant_87,Chinese,Jaipur,880.39,81.67,0.0,962.06,Wallet,28,Delivered,1
ORD003733,2023-10-22,23:58:19,CUST5203,Restaurant_85,Street Food,Jaipur,776.91,48.36,30.75,794.52,Wallet,,Cancelled,
ORD003734,2023-03-11,07:17:37,CUST1666,Restaurant_84,Biryani,Pune,1326.01,74.04,0.0,1400.05,Debit Card,63,Delivered,1
ORD003735,2023-08-30,20:48:04,CUST2395,Restaurant_97,South Indian,Pune,213.64,24.76,0.0,238.4,Debit Card,22,Delivered,1
ORD003736,2023-01-17,17:27:09,CUST9790,Restaurant_38,North Indian,Lucknow,956.03,43.9,37.88,962.05,Debit Card,22,Delivered,2
ORD003737,2023-07-09,22:26:19,CUST8773,Restaurant_7,Street Food,Mumbai,309.29,46.97,147.24,209.02,Debit Card,31,Delivered,5
ORD003738,2023-01-23,01:50:48,CUST5348,Restaurant_96,Desserts,Mumbai,893.46,93.88,66.53,920.81,Debit Card,,Refunded,
ORD003739,2023-10-20,03:55:01,CUST3770,Restaurant_60,Healthy Food,Hyderabad,896.77,29.19,0.0,925.96,UPI,58,Delivered,3
ORD003740,2023-09-02,03:14:23,CUST6081,Restaurant_7,Street Food,Jaipur,198.97,48.32,0.0,247.29,Debit Card,46,Delivered,5
ORD003741,2023-06-14,14:19:18,CUST8922,Restaurant_87,Chinese,Hyderabad,1420.22,40.96,0.0,1461.18,Credit Card,16,Delivered,4
ORD003742,2023-07-16,04:05:41,CUST7492,Restaurant_31,Chinese,Chennai,721.71,95.71,0.0,817.42,Cash on Delivery,,Cancelled,
ORD003743,2023-11-17,18:47:56,CUST9915,Restaurant_38,South Indian,Kolkata,796.36,39.63,0.0,835.99,Wallet,35,Delivered,
ORD003744,2023-11-19,17:38:55,CUST9847,Restaurant_37,North Indian,Chennai,966.65,38.23,0.0,1004.88,Wallet,,Cancelled,
ORD003745,2023-06-16,03:03:49,CUST1604,Restaurant_76,Healthy Food,Ahmedabad,230.04,84.86,0.0,314.9,Wallet,27,Delivered,1
ORD003746,2023-02-28,01:38:06,CUST1023,Restaurant_80,Biryani,Lucknow,1356.59,42.89,0.0,1399.48,Cash on Delivery,,Refunded,
ORD003747,2023-08-27,15:01:17,CUST8195,Restaurant_89,Biryani,Pune,1164.32,72.54,0.0,1236.86,Cash on Delivery,50,Delivered,
ORD003748,2023-04-21,03:34:06,CUST6405,Restaurant_68,South Indian,Kolkata,1283.48,28.06,0.0,1311.54,Credit Card,,Cancelled,
ORD003749,2023-06-07,10:12:57,CUST1630,Restaurant_36,Chinese,Ahmedabad,452.21,69.16,0.0,521.37,Debit Card,45,Delivered,5
ORD003750,2023-07-31,08:31:07,CUST2947,Restaurant_15,Street Food,Hyderabad,568.73,61.99,0.0,630.72,Wallet,22,Delivered,
ORD003751,2023-11-21,06:48:33,CUST7437,Restaurant_1,Healthy Food,Pune,341.41,94.1,0.0,435.51,Credit Card,38,Delivered,2
ORD003752,2023-04-28,23:34:29,CUST3762,Restaurant_19,Beverages,Mumbai,1217.37,25.5,128.23,1114.64,Wallet,44,Delivered,4
ORD003753,2023-01-26,09:16:22,CUST9948,Restaurant_86,Biryani,Hyderabad,772.65,98.59,0.0,871.24,UPI,56,Delivered,1
ORD003754,2023-11-30,02:53:46,CUST5851,Restaurant_47,South Indian,Hyderabad,927.14,81.72,0.0,1008.86,UPI,,Cancelled,
ORD003755,2023-03-05,04:05:26,CUST9889,Restaurant_18,North Indian,Mumbai,1205.82,84.96,0.0,1290.78,Cash on Delivery,65,Delivered,5
ORD003756,2023-02-06,16:22:48,CUST6785,Restaurant_93,Chinese,Bengaluru,205.16,74.56,106.75,172.97,Cash on Delivery,38,Delivered,3
ORD003757,2023-05-16,04:44:20,CUST7235,Restaurant_8,Chinese,Kolkata,211.31,61.63,0.0,272.94,UPI,15,Delivered,
ORD003758,2023-10-21,17:03:32,CUST6388,Restaurant_87,Fast Food,Ahmedabad,984.0,52.84,0.0,1036.84,Wallet,30,Delivered,5
ORD003759,2023-08-05,01:10:20,CUST3499,Restaurant_70,South Indian,Kolkata,607.9,22.53,18.25,612.18,Cash on Delivery,,Refunded,
ORD003760,2023-11-24,06:47:30,CUST8363,Restaurant_67,Beverages,Lucknow,956.7,93.95,0.0,1050.65,Credit Card,57,Delivered,5
ORD003761,2023-09-23,05:20:56,CUST7995,Restaurant_68,Street Food,Jaipur,1014.38,56.88,0.0,1071.26,Cash on Delivery,21,Delivered,3
ORD003762,2023-08-02,08:04:13,CUST5474,Restaurant_25,Chinese,Jaipur,1469.71,31.54,0.0,1501.25,Cash on Delivery,25,Delivered,2
ORD003763,2023-12-28,19:37:05,CUST9490,Restaurant_87,Chinese,Chennai,704.77,87.37,0.0,792.14,Credit Card,38,Delivered,2
ORD003764,2023-07-31,19:52:19,CUST2401,Restaurant_72,North Indian,Mumbai,1449.86,89.17,0.0,1539.03,UPI,,Refunded,
ORD003765,2023-01-12,20:07:34,CUST4083,Restaurant_70,South Indian,Pune,355.0,28.15,0.0,383.15,Debit Card,15,Delivered,
ORD003766,2023-06-06,05:44:02,CUST8359,Restaurant_89,Fast Food,Jaipur,306.21,57.05,0.0,363.26,UPI,45,Delivered,1
ORD003767,2023-05-24,14:44:15,CUST8625,Restaurant_29,Fast Food,Lucknow,651.44,84.71,0.0,736.15,UPI,20,Delivered,1
ORD003768,2023-12-01,14:04:06,CUST8601,Restaurant_79,Healthy Food,Jaipur,1014.09,46.81,71.29,989.61,Credit Card,,Cancelled,
ORD003769,2023-10-14,19:38:25,CUST4525,Restaurant_74,Italian,Pune,288.19,34.73,0.0,322.92,Cash on Delivery,31,Delivered,5
ORD003770,2023-10-16,20:07:31,CUST4325,Restaurant_96,Chinese,Bengaluru,442.69,36.71,0.0,479.4,Credit Card,29,Delivered,5
ORD003771,2023-03-25,21:01:15,CUST6506,Restaurant_53,Chinese,Bengaluru,453.98,38.56,0.0,492.54,Cash on Delivery,54,Delivered,2
ORD003772,2023-07-09,14:16:16,CUST6040,Restaurant_87,Street Food,Jaipur,1447.48,43.95,94.35,1397.08,Credit Card,,Cancelled,
ORD003773,2023-05-13,13:06:40,CUST1484,Restaurant_85,South Indian,Lucknow,980.85,95.94,0.0,1076.79,Wallet,26,Delivered,4
ORD003774,2023-04-24,21:47:15,CUST2036,Restaurant_50,North Indian,Lucknow,753.72,49.55,0.0,803.27,Credit Card,54,Delivered,1
ORD003775,2023-08-08,00:01:20,CUST8405,Restaurant_48,Beverages,Chennai,744.88,27.64,0.0,772.52,UPI,,Cancelled,
ORD003776,2023-08-06,14:40:37,CUST2061,Restaurant_76,South Indian,Bengaluru,384.83,76.83,0.0,461.66,UPI,,Cancelled,
ORD003777,2023-10-25,12:24:41,CUST3753,Restaurant_11,Italian,Ahmedabad,1076.14,31.54,77.59,1030.09,Wallet,,Cancelled,
ORD003778,2023-02-03,20:38:56,CUST4328,Restaurant_19,South Indian,Ahmedabad,1064.89,96.01,0.0,1160.9,Wallet,,Cancelled,
ORD003779,2023-06-19,03:44:25,CUST9606,Restaurant_11,Healthy Food,Jaipur,1213.13,46.82,0.0,1259.95,UPI,,Cancelled,
ORD003780,2023-04-21,18:24:03,CUST8494,Restaurant_30,Healthy Food,Kolkata,536.02,97.41,0.0,633.43,Cash on Delivery,,Cancelled,
ORD003781,2023-08-18,18:14:47,CUST5595,Restaurant_74,Street Food,Jaipur,817.79,24.3,0.0,842.09,UPI,28,Delivered,1
ORD003782,2023-03-25,12:39:12,CUST5336,Restaurant_92,Chinese,Ahmedabad,217.37,89.28,112.81,193.84,Cash on Delivery,,Cancelled,
ORD003783,2023-01-13,19:39:41,CUST6385,Restaurant_24,Fast Food,Kolkata,804.91,30.57,0.0,835.48,Wallet,34,Delivered,4
ORD003784,2023-07-12,09:22:27,CUST7902,Restaurant_37,North Indian,Ahmedabad,713.23,75.08,0.0,788.31,Debit Card,50,Delivered,3
ORD003785,2023-10-13,12:45:13,CUST2804,Restaurant_94,Beverages,Pune,1090.48,31.06,69.81,1051.73,Wallet,57,Delivered,
ORD003786,2023-01-24,19:33:42,CUST2815,Restaurant_91,Street Food,Pune,475.55,85.16,0.0,560.71,Wallet,44,Delivered,2
ORD003787,2023-02-03,10:21:22,CUST6797,Restaurant_67,Italian,Mumbai,369.58,91.94,0.0,461.52,Debit Card,33,Delivered,4
ORD003788,2023-06-23,03:46:16,CUST4505,Restaurant_31,Desserts,Kolkata,445.1,85.37,0.0,530.47,Cash on Delivery,25,Delivered,5
ORD003789,2023-11-18,14:16:32,CUST3866,Restaurant_37,Italian,Hyderabad,1445.33,21.96,0.0,1467.29,UPI,59,Delivered,1
ORD003790,2023-11-22,14:39:15,CUST8366,Restaurant_64,Healthy Food,Jaipur,1479.05,95.14,65.99,1508.2,Debit Card,42,Delivered,3
ORD003791,2023-08-16,08:42:50,CUST2517,Restaurant_71,Italian,Hyderabad,1356.36,98.71,135.26,1319.81,Cash on Delivery,41,Delivered,4
ORD003792,2023-06-12,17:59:38,CUST5293,Restaurant_56,North Indian,Bengaluru,616.96,97.02,0.0,713.98,Credit Card,,Refunded,
ORD003793,2023-01-13,09:40:46,CUST2426,Restaurant_54,Chinese,Delhi,249.9,42.88,120.28,172.5,Credit Card,38,Delivered,5
ORD003794,2023-08-18,22:10:15,CUST5127,Restaurant_81,Healthy Food,Jaipur,1262.2,23.75,0.0,1285.95,UPI,21,Delivered,4
ORD003795,2023-01-13,08:48:18,CUST7220,Restaurant_31,Beverages,Kolkata,1008.73,38.79,0.0,1047.52,Credit Card,,Cancelled,
ORD003796,2023-05-26,17:18:48,CUST1094,Restaurant_6,Street Food,Jaipur,1434.77,95.55,145.23,1385.09,Wallet,48,Delivered,3
ORD003797,2023-02-07,14:39:08,CUST8049,Restaurant_96,Beverages,Jaipur,1061.98,93.98,81.53,1074.43,Cash on Delivery,,Refunded,
ORD003798,2023-03-25,06:39:10,CUST1610,Restaurant_46,Desserts,Lucknow,1085.11,89.48,0.0,1174.59,Debit Card,37,Delivered,4
ORD003799,2023-06-23,07:33:44,CUST9376,Restaurant_68,Chinese,Pune,966.07,47.51,90.12,923.46,UPI,,Cancelled,
ORD003800,2023-09-27,06:30:20,CUST7352,Restaurant_61,Fast Food,Pune,256.17,66.97,0.0,323.14,Cash on Delivery,,Refunded,
ORD003801,2023-03-10,11:23:10,CUST2398,Restaurant_31,South Indian,Chennai,497.91,92.0,0.0,589.91,Credit Card,44,Delivered,
ORD003802,2023-06-21,19:45:22,CUST4739,Restaurant_32,Biryani,Ahmedabad,790.96,29.37,0.0,820.33,Wallet,,Refunded,
ORD003803,2023-11-15,01:04:29,CUST2077,Restaurant_59,Healthy Food,Jaipur,274.99,37.4,0.0,312.39,Debit Card,56,Delivered,1
ORD003804,2023-09-02,13:39:13,CUST2903,Restaurant_34,Fast Food,Mumbai,611.04,76.29,0.0,687.33,Debit Card,24,Delivered,2
ORD003805,2023-05-15,20:09:30,CUST8479,Restaurant_13,Healthy Food,Kolkata,662.48,49.66,0.0,712.14,Debit Card,18,Delivered,4
ORD003806,2023-06-28,04:26:44,CUST8347,Restaurant_35,North Indian,Jaipur,560.33,90.34,0.0,650.67,Cash on Delivery,44,Delivered,3
ORD003807,2023-08-24,15:33:38,CUST7354,Restaurant_33,North Indian,Bengaluru,1009.46,55.29,0.0,1064.75,Credit Card,38,Delivered,
ORD003808,2023-09-06,15:40:39,CUST2883,Restaurant_89,South Indian,Kolkata,736.11,41.64,71.27,706.48,Wallet,,Refunded,
ORD003809,2023-09-06,12:21:04,CUST7219,Restaurant_94,Italian,Mumbai,912.61,23.5,96.56,839.55,Debit Card,60,Delivered,5
ORD003810,2023-03-04,21:55:07,CUST8460,Restaurant_77,Healthy Food,Lucknow,967.51,46.22,0.0,1013.73,Debit Card,44,Delivered,3
ORD003811,2023-09-17,17:47:36,CUST9319,Restaurant_100,South Indian,Mumbai,1087.9,73.38,0.0,1161.28,Credit Card,42,Delivered,4
ORD003812,2023-11-22,11:23:20,CUST5660,Restaurant_67,Healthy Food,Hyderabad,314.74,32.97,0.0,347.71,Cash on Delivery,,Refunded,
ORD003813,2023-01-06,01:52:00,CUST1802,Restaurant_44,Beverages,Bengaluru,430.0,35.02,37.54,427.48,UPI,51,Delivered,
ORD003814,2023-03-21,07:03:38,CUST9016,Restaurant_80,Street Food,Ahmedabad,1091.39,66.86,149.35,1008.9,Credit Card,,Refunded,
ORD003815,2023-05-07,14:37:38,CUST7466,Restaurant_64,Chinese,Delhi,959.83,76.97,0.0,1036.8,Credit Card,,Refunded,
ORD003816,2023-06-18,17:00:31,CUST5752,Restaurant_92,Healthy Food,Chennai,326.94,68.49,25.4,370.03,Debit Card,38,Delivered,
ORD003817,2023-10-06,20:06:58,CUST5363,Restaurant_30,Fast Food,Kolkata,749.4,69.9,0.0,819.3,UPI,40,Delivered,
ORD003818,2023-10-02,04:39:21,CUST9337,Restaurant_6,Italian,Lucknow,375.88,67.85,12.36,431.37,Credit Card,63,Delivered,3
ORD003819,2023-06-05,15:13:49,CUST8643,Restaurant_87,South Indian,Mumbai,301.56,83.16,37.53,347.19,Cash on Delivery,25,Delivered,3
ORD003820,2023-07-07,00:39:41,CUST5245,Restaurant_95,Fast Food,Kolkata,328.36,31.25,0.0,359.61,Credit Card,,Cancelled,
ORD003821,2023-05-13,23:24:05,CUST5835,Restaurant_8,Beverages,Chennai,593.31,97.3,0.0,690.61,UPI,,Refunded,
ORD003822,2023-08-17,04:07:27,CUST5167,Restaurant_23,Biryani,Jaipur,1052.15,36.49,130.33,958.31,Wallet,16,Delivered,3
ORD003823,2023-05-24,17:45:54,CUST3361,Restaurant_8,Beverages,Chennai,308.33,82.37,0.0,390.7,Credit Card,63,Delivered,
ORD003824,2023-03-25,17:52:39,CUST1532,Restaurant_54,Desserts,Bengaluru,296.17,45.84,0.0,342.01,Credit Card,23,Delivered,4
ORD003825,2023-06-30,00:03:44,CUST1002,Restaurant_70,North Indian,Pune,845.32,85.75,0.0,931.07,Wallet,50,Delivered,1
ORD003826,2023-06-20,06:11:54,CUST2779,Restaurant_24,South Indian,Delhi,905.73,73.21,0.0,978.94,Wallet,59,Delivered,1
ORD003827,2023-03-10,10:17:10,CUST5331,Restaurant_51,Italian,Delhi,629.27,95.31,0.0,724.58,UPI,47,Delivered,1
ORD003828,2023-10-07,12:03:23,CUST2077,Restaurant_68,Healthy Food,Delhi,1473.08,51.54,81.75,1442.87,UPI,45,Delivered,
ORD003829,2023-12-08,04:56:42,CUST1580,Restaurant_92,Italian,Delhi,1145.19,89.48,0.0,1234.67,UPI,46,Delivered,3
ORD003830,2023-08-13,05:20:05,CUST9627,Restaurant_14,North Indian,Mumbai,640.86,55.76,0.0,696.62,Cash on Delivery,22,Delivered,
ORD003831,2023-12-11,05:36:30,CUST9647,Restaurant_24,Street Food,Bengaluru,366.28,44.0,0.0,410.28,UPI,45,Delivered,2
ORD003832,2023-07-11,14:46:18,CUST6987,Restaurant_42,Beverages,Kolkata,1233.11,94.93,0.0,1328.04,Wallet,24,Delivered,2
ORD003833,2023-07-26,14:30:26,CUST1443,Restaurant_11,Desserts,Kolkata,964.06,23.25,85.95,901.36,UPI,,Cancelled,
ORD003834,2023-04-07,17:39:55,CUST6018,Restaurant_45,South Indian,Lucknow,261.83,72.62,57.22,277.23,Credit Card,27,Delivered,5
ORD003835,2023-01-16,22:27:27,CUST5832,Restaurant_12,Chinese,Lucknow,1288.16,35.6,68.4,1255.36,Wallet,,Refunded,
ORD003836,2023-02-01,12:13:29,CUST9029,Restaurant_47,Healthy Food,Kolkata,614.88,22.12,0.0,637.0,Cash on Delivery,43,Delivered,3
ORD003837,2023-03-21,19:32:42,CUST4586,Restaurant_17,Beverages,Chennai,1220.06,74.7,0.0,1294.76,Wallet,34,Delivered,2
ORD003838,2023-06-21,09:30:52,CUST7905,Restaurant_84,Italian,Chennai,463.64,22.09,0.0,485.73,Debit Card,53,Delivered,1
ORD003839,2023-05-18,01:39:51,CUST9217,Restaurant_85,Fast Food,Lucknow,550.44,71.61,0.0,622.05,Debit Card,46,Delivered,
ORD003840,2023-09-13,13:29:15,CUST7432,Restaurant_22,Street Food,Mumbai,784.63,27.97,75.59,737.01,Cash on Delivery,36,Delivered,3
ORD003841,2023-02-17,13:50:56,CUST3421,Restaurant_18,Chinese,Mumbai,1112.48,87.67,0.0,1200.15,Cash on Delivery,,Refunded,
ORD003842,2023-04-17,14:11:14,CUST7737,Restaurant_1,Healthy Food,Lucknow,1296.11,22.14,0.0,1318.25,Wallet,57,Delivered,4
ORD003843,2023-04-28,06:56:46,CUST4377,Restaurant_48,Healthy Food,Pune,1432.92,31.0,101.62,1362.3,Wallet,,Cancelled,
ORD003844,2023-11-07,13:51:04,CUST9011,Restaurant_12,Biryani,Chennai,1088.01,72.32,0.0,1160.33,Debit Card,53,Delivered,4
ORD003845,2023-03-27,12:22:30,CUST6768,Restaurant_38,Healthy Food,Kolkata,1349.89,35.17,0.0,1385.06,Cash on Delivery,62,Delivered,5
ORD003846,2023-04-20,09:36:02,CUST4860,Restaurant_77,Chinese,Bengaluru,1438.74,42.19,0.0,1480.93,Credit Card,,Cancelled,
ORD003847,2023-04-17,12:04:57,CUST5334,Restaurant_65,South Indian,Bengaluru,556.84,52.7,0.0,609.54,Debit Card,61,Delivered,3
ORD003848,2023-04-15,23:02:03,CUST1945,Restaurant_36,Biryani,Hyderabad,331.51,66.59,111.17,286.93,Wallet,,Cancelled,
ORD003849,2023-03-25,05:56:08,CUST6091,Restaurant_53,Beverages,Pune,345.95,21.51,0.0,367.46,Wallet,,Cancelled,
ORD003850,2023-03-17,02:33:43,CUST4298,Restaurant_14,Chinese,Delhi,252.7,80.71,0.0,333.41,UPI,57,Delivered,5
ORD003851,2023-10-26,13:59:00,CUST1414,Restaurant_87,Beverages,Chennai,1342.22,49.54,10.19,1381.57,Debit Card,42,Delivered,1
ORD003852,2023-12-11,15:31:16,CUST9711,Restaurant_22,South Indian,Lucknow,1184.4,45.22,0.0,1229.62,Cash on Delivery,27,Delivered,3
ORD003853,2023-08-11,22:23:15,CUST4066,Restaurant_14,Healthy Food,Lucknow,1433.16,93.31,0.0,1526.47,UPI,45,Delivered,4
ORD003854,2023-02-02,22:56:29,CUST3460,Restaurant_72,Street Food,Kolkata,1445.98,73.56,63.67,1455.87,Credit Card,,Cancelled,
ORD003855,2023-08-29,23:04:14,CUST3573,Restaurant_57,Biryani,Kolkata,1100.52,95.08,0.0,1195.6,Cash on Delivery,16,Delivered,4
ORD003856,2023-10-08,12:15:15,CUST1519,Restaurant_39,Beverages,Pune,864.74,46.55,0.0,911.29,Wallet,51,Delivered,3
ORD003857,2023-02-21,05:57:26,CUST2764,Restaurant_38,North Indian,Kolkata,1110.0,62.99,127.49,1045.5,Cash on Delivery,,Cancelled,
ORD003858,2023-05-31,01:36:22,CUST6740,Restaurant_100,Chinese,Delhi,297.84,23.07,32.55,288.36,Credit Card,,Refunded,
ORD003859,2023-05-26,05:27:03,CUST3356,Restaurant_60,Biryani,Pune,588.25,39.96,15.17,613.04,Cash on Delivery,42,Delivered,2
ORD003860,2023-02-10,18:07:47,CUST3888,Restaurant_2,North Indian,Pune,899.08,99.6,0.0,998.68,Credit Card,35,Delivered,2
ORD003861,2023-04-26,21:10:36,CUST1192,Restaurant_78,South Indian,Bengaluru,1307.29,68.92,0.0,1376.21,Credit Card,32,Delivered,2
ORD003862,2023-11-29,15:15:34,CUST9031,Restaurant_60,South Indian,Pune,249.01,63.13,0.0,312.14,Credit Card,63,Delivered,1
ORD003863,2023-12-20,14:55:05,CUST2542,Restaurant_38,Street Food,Delhi,446.4,57.53,16.09,487.84,UPI,34,Delivered,1
ORD003864,2023-04-11,12:07:17,CUST1175,Restaurant_40,South Indian,Ahmedabad,1118.44,59.47,35.28,1142.63,Cash on Delivery,,Cancelled,
ORD003865,2023-03-18,05:49:32,CUST7976,Restaurant_40,South Indian,Hyderabad,1241.89,89.47,0.0,1331.36,Wallet,45,Delivered,4
ORD003866,2023-09-14,07:19:25,CUST2110,Restaurant_28,Desserts,Hyderabad,1204.01,58.46,0.0,1262.47,Credit Card,58,Delivered,5
ORD003867,2023-11-18,11:14:25,CUST1492,Restaurant_40,Beverages,Pune,701.47,35.94,0.0,737.41,Cash on Delivery,,Cancelled,
ORD003868,2023-12-18,11:46:52,CUST3202,Restaurant_70,Street Food,Bengaluru,368.19,74.12,19.97,422.34,UPI,37,Delivered,
ORD003869,2023-08-02,14:32:54,CUST7194,Restaurant_85,North Indian,Hyderabad,1063.99,55.98,0.0,1119.97,Credit Card,,Cancelled,
ORD003870,2023-05-15,13:47:47,CUST3144,Restaurant_31,Desserts,Kolkata,547.84,64.98,0.0,612.82,Cash on Delivery,47,Delivered,1
ORD003871,2023-05-28,11:30:39,CUST6850,Restaurant_93,Biryani,Hyderabad,1181.27,22.41,0.0,1203.68,Credit Card,,Refunded,
ORD003872,2023-12-21,08:55:22,CUST1119,Restaurant_48,Biryani,Ahmedabad,334.79,27.41,0.0,362.2,Cash on Delivery,20,Delivered,2
ORD003873,2023-10-01,14:37:22,CUST4467,Restaurant_83,South Indian,Chennai,1324.07,54.42,0.0,1378.49,UPI,58,Delivered,2
ORD003874,2023-07-08,17:34:58,CUST1094,Restaurant_71,Street Food,Lucknow,328.87,52.76,0.0,381.63,Wallet,20,Delivered,4
ORD003875,2023-06-30,22:40:03,CUST9353,Restaurant_99,Healthy Food,Mumbai,1423.26,69.35,0.0,1492.61,Debit Card,40,Delivered,
ORD003876,2023-07-07,03:33:56,CUST9011,Restaurant_36,Healthy Food,Pune,173.86,25.16,115.9,83.12,Debit Card,,Cancelled,
ORD003877,2023-07-12,04:31:54,CUST3001,Restaurant_42,Beverages,Hyderabad,1013.87,38.36,65.65,986.58,UPI,17,Delivered,2
ORD003878,2023-07-08,15:45:27,CUST5065,Restaurant_41,Desserts,Chennai,1022.77,97.25,29.46,1090.56,Credit Card,42,Delivered,2
ORD003879,2023-08-12,18:44:25,CUST6428,Restaurant_31,Biryani,Pune,797.76,33.75,0.0,831.51,Wallet,15,Delivered,5
ORD003880,2023-02-07,15:50:04,CUST9989,Restaurant_15,Biryani,Mumbai,877.61,43.46,57.61,863.46,Wallet,47,Delivered,2
ORD003881,2023-07-08,21:01:44,CUST4072,Restaurant_24,Italian,Pune,891.3,99.54,0.0,990.84,Debit Card,61,Delivered,
ORD003882,2023-05-18,21:26:32,CUST9476,Restaurant_37,Healthy Food,Hyderabad,1299.66,76.14,0.0,1375.8,Cash on Delivery,,Cancelled,
ORD003883,2023-11-25,03:43:08,CUST9984,Restaurant_2,Biryani,Pune,705.95,57.83,0.0,763.78,Debit Card,61,Delivered,3
ORD003884,2023-01-13,13:58:01,CUST8850,Restaurant_61,South Indian,Lucknow,259.57,46.49,0.0,306.06,Credit Card,,Cancelled,
ORD003885,2023-07-29,23:35:27,CUST9621,Restaurant_86,Beverages,Jaipur,292.6,65.05,0.0,357.65,UPI,,Refunded,
ORD003886,2023-06-04,00:55:27,CUST7769,Restaurant_8,Chinese,Chennai,554.12,72.33,20.15,606.3,Credit Card,44,Delivered,1
ORD003887,2023-07-19,22:16:39,CUST2593,Restaurant_13,North Indian,Chennai,1176.03,80.79,0.0,1256.82,Debit Card,35,Delivered,3
ORD003888,2023-09-22,02:47:42,CUST1920,Restaurant_50,Beverages,Hyderabad,1091.94,36.07,0.0,1128.01,UPI,20,Delivered,1
ORD003889,2023-12-23,03:59:40,CUST5204,Restaurant_36,Fast Food,Hyderabad,737.98,46.82,0.0,784.8,Cash on Delivery,52,Delivered,
ORD003890,2023-07-05,19:58:33,CUST4262,Restaurant_90,Biryani,Hyderabad,1238.15,30.69,17.27,1251.57,Wallet,22,Delivered,4
ORD003891,2023-08-08,04:49:55,CUST6162,Restaurant_88,North Indian,Pune,641.56,79.62,0.0,721.18,Credit Card,,Refunded,
ORD003892,2023-11-18,20:59:36,CUST7590,Restaurant_89,South Indian,Ahmedabad,539.74,93.87,0.0,633.61,Wallet,,Refunded,
ORD003893,2023-05-16,22:19:51,CUST7824,Restaurant_66,Street Food,Kolkata,1234.15,61.1,0.0,1295.25,Wallet,,Cancelled,
ORD003894,2023-02-08,22:16:02,CUST5675,Restaurant_36,Healthy Food,Mumbai,1173.94,61.37,141.9,1093.41,Cash on Delivery,,Refunded,
ORD003895,2023-02-07,21:29:00,CUST1304,Restaurant_68,Healthy Food,Delhi,1047.39,39.54,42.15,1044.78,Debit Card,33,Delivered,3
ORD003896,2023-09-27,17:16:56,CUST7973,Restaurant_69,Desserts,Bengaluru,516.71,63.88,0.0,580.59,Debit Card,51,Delivered,2
ORD003897,2023-05-06,08:27:32,CUST1002,Restaurant_64,Street Food,Pune,977.31,86.64,0.0,1063.95,UPI,,Refunded,
ORD003898,2023-11-25,06:02:03,CUST5894,Restaurant_13,Street Food,Chennai,226.81,84.01,68.14,242.68,UPI,,Refunded,
ORD003899,2023-12-23,09:39:37,CUST7448,Restaurant_73,Fast Food,Jaipur,986.42,95.17,0.0,1081.59,Cash on Delivery,,Cancelled,
ORD003900,2023-05-05,07:28:40,CUST7323,Restaurant_30,South Indian,Jaipur,362.75,23.47,105.34,280.88,UPI,34,Delivered,4
ORD003901,2023-06-01,04:41:43,CUST8530,Restaurant_80,Fast Food,Lucknow,583.5,55.38,0.0,638.88,Credit Card,,Refunded,
ORD003902,2023-09-05,21:17:18,CUST4115,Restaurant_74,Italian,Pune,1402.79,49.11,57.95,1393.95,Wallet,50,Delivered,5
ORD003903,2023-03-07,09:38:41,CUST2322,Restaurant_45,Street Food,Hyderabad,216.3,75.88,0.0,292.18,UPI,54,Delivered,2
ORD003904,2023-05-04,12:34:04,CUST5440,Restaurant_79,Healthy Food,Delhi,719.08,36.71,24.57,731.22,Cash on Delivery,36,Delivered,2
ORD003905,2023-07-03,06:41:21,CUST7396,Restaurant_65,Desserts,Jaipur,909.74,40.27,0.0,950.01,UPI,59,Delivered,3
ORD003906,2023-03-13,00:18:19,CUST4175,Restaurant_28,Italian,Delhi,946.36,58.0,135.38,868.98,UPI,,Cancelled,
ORD003907,2023-12-10,08:18:55,CUST2881,Restaurant_25,Chinese,Jaipur,1222.63,20.57,122.62,1120.58,Credit Card,40,Delivered,
ORD003908,2023-10-11,23:16:01,CUST5959,Restaurant_53,Fast Food,Hyderabad,342.07,70.41,0.0,412.48,Wallet,57,Delivered,1
ORD003909,2023-08-21,16:34:12,CUST5868,Restaurant_37,North Indian,Bengaluru,1132.45,45.67,0.0,1178.12,Cash on Delivery,,Refunded,
ORD003910,2023-03-23,13:45:39,CUST2132,Restaurant_62,Fast Food,Hyderabad,1002.87,60.82,0.0,1063.69,Cash on Delivery,49,Delivered,
ORD003911,2023-12-22,00:07:53,CUST3594,Restaurant_82,Street Food,Kolkata,1170.49,56.43,0.0,1226.92,Debit Card,53,Delivered,1
ORD003912,2023-05-30,18:33:59,CUST8657,Restaurant_97,Biryani,Bengaluru,189.44,65.99,0.0,255.43,UPI,43,Delivered,1
ORD003913,2023-12-08,04:23:05,CUST2217,Restaurant_68,Beverages,Bengaluru,1192.74,43.79,0.0,1236.53,Wallet,,Cancelled,
ORD003914,2023-01-18,01:00:02,CUST5815,Restaurant_71,Biryani,Jaipur,627.47,39.83,0.0,667.3,Wallet,16,Delivered,4
ORD003915,2023-03-13,19:49:43,CUST8380,Restaurant_72,Italian,Chennai,282.12,99.45,0.0,381.57,UPI,,Cancelled,
ORD003916,2023-06-23,20:50:12,CUST9740,Restaurant_24,Italian,Delhi,1274.34,90.99,112.56,1252.77,Debit Card,58,Delivered,
ORD003917,2023-03-21,16:01:54,CUST5849,Restaurant_79,Fast Food,Lucknow,1418.86,69.39,0.0,1488.25,Credit Card,,Cancelled,
ORD003918,2023-03-25,18:56:51,CUST3093,Restaurant_66,Fast Food,Chennai,1445.03,88.16,0.0,1533.19,Wallet,23,Delivered,5
ORD003919,2023-12-22,20:21:04,CUST8719,Restaurant_26,Street Food,Jaipur,926.61,58.94,0.0,985.55,Debit Card,51,Delivered,2
ORD003920,2023-06-20,12:42:21,CUST7704,Restaurant_71,Street Food,Kolkata,1221.45,64.35,0.0,1285.8,Credit Card,43,Delivered,1
ORD003921,2023-06-03,11:07:11,CUST3449,Restaurant_33,Healthy Food,Jaipur,1160.77,37.0,0.0,1197.77,Wallet,20,Delivered,
ORD003922,2023-08-29,10:40:45,CUST6178,Restaurant_79,South Indian,Ahmedabad,188.55,42.41,0.0,230.96,Debit Card,32,Delivered,1
ORD003923,2023-07-18,23:13:21,CUST5638,Restaurant_55,Desserts,Hyderabad,1248.05,58.46,0.0,1306.51,Cash on Delivery,46,Delivered,5
ORD003924,2023-02-09,08:46:47,CUST5713,Restaurant_8,Italian,Mumbai,574.92,60.48,112.57,522.83,Wallet,61,Delivered,
ORD003925,2023-06-06,15:59:21,CUST7659,Restaurant_88,Fast Food,Jaipur,1230.7,62.41,109.32,1183.79,Debit Card,25,Delivered,5
ORD003926,2023-05-27,16:18:15,CUST5749,Restaurant_53,Biryani,Kolkata,628.45,73.06,0.0,701.51,Credit Card,54,Delivered,2
ORD003927,2023-07-09,12:55:06,CUST2161,Restaurant_99,Chinese,Bengaluru,864.98,26.52,0.0,891.5,Cash on Delivery,,Refunded,
ORD003928,2023-04-02,07:20:51,CUST1491,Restaurant_90,Biryani,Kolkata,1339.49,54.73,67.71,1326.51,Cash on Delivery,,Refunded,
ORD003929,2023-08-24,18:28:27,CUST1917,Restaurant_68,Desserts,Ahmedabad,292.03,86.9,0.0,378.93,Wallet,,Refunded,
ORD003930,2023-02-08,21:58:44,CUST6713,Restaurant_29,Biryani,Kolkata,1492.38,26.99,0.0,1519.37,Wallet,33,Delivered,1
ORD003931,2023-05-16,04:01:30,CUST2569,Restaurant_94,Italian,Delhi,163.4,89.52,30.55,222.37,Cash on Delivery,32,Delivered,3
ORD003932,2023-04-21,01:35:33,CUST5378,Restaurant_85,Chinese,Ahmedabad,454.18,21.91,134.74,341.35,Wallet,25,Delivered,5
ORD003933,2023-08-27,02:27:24,CUST6287,Restaurant_49,Italian,Bengaluru,1352.46,60.99,0.0,1413.45,UPI,24,Delivered,1
ORD003934,2023-09-22,23:53:34,CUST8112,Restaurant_24,Biryani,Bengaluru,1130.22,37.03,0.0,1167.25,UPI,40,Delivered,4
ORD003935,2023-10-27,23:01:18,CUST2533,Restaurant_16,South Indian,Pune,1260.54,91.9,98.15,1254.29,Cash on Delivery,22,Delivered,
ORD003936,2023-11-12,21:02:09,CUST9568,Restaurant_95,North Indian,Pune,829.24,29.93,0.0,859.17,Wallet,28,Delivered,5
ORD003937,2023-08-13,21:10:26,CUST8343,Restaurant_59,South Indian,Lucknow,352.9,23.67,75.13,301.44,Credit Card,19,Delivered,3
ORD003938,2023-04-05,18:45:32,CUST9528,Restaurant_50,South Indian,Jaipur,295.41,21.79,0.0,317.2,UPI,50,Delivered,4
ORD003939,2023-06-04,05:14:29,CUST7307,Restaurant_14,Desserts,Bengaluru,980.63,72.92,31.68,1021.87,Wallet,28,Delivered,
ORD003940,2023-06-25,04:21:57,CUST1061,Restaurant_74,Desserts,Mumbai,481.15,81.0,127.01,435.14,Credit Card,43,Delivered,
ORD003941,2023-05-06,01:30:23,CUST8094,Restaurant_24,Chinese,Jaipur,242.52,63.11,0.0,305.63,Wallet,17,Delivered,1
ORD003942,2023-05-13,02:52:33,CUST6321,Restaurant_62,Fast Food,Jaipur,1278.02,54.61,127.38,1205.25,Debit Card,,Cancelled,
ORD003943,2023-03-20,02:23:23,CUST3501,Restaurant_26,South Indian,Kolkata,576.64,24.66,0.0,601.3,Wallet,20,Delivered,3
ORD003944,2023-12-14,20:31:54,CUST3203,Restaurant_74,Fast Food,Hyderabad,709.85,29.04,40.66,698.23,Credit Card,,Cancelled,
ORD003945,2023-09-24,18:00:40,CUST8868,Restaurant_72,Fast Food,Hyderabad,1418.85,47.14,0.0,1465.99,Wallet,63,Delivered,4
ORD003946,2023-07-30,18:24:41,CUST9428,Restaurant_72,Street Food,Lucknow,1192.88,86.08,105.94,1173.02,Wallet,55,Delivered,1
ORD003947,2023-09-23,05:06:38,CUST9663,Restaurant_27,Healthy Food,Mumbai,1143.02,67.01,0.0,1210.03,Cash on Delivery,40,Delivered,
ORD003948,2023-03-27,13:44:46,CUST5519,Restaurant_45,Biryani,Kolkata,1205.27,51.65,88.5,1168.42,Cash on Delivery,,Cancelled,
ORD003949,2023-11-15,22:59:14,CUST4498,Restaurant_97,Biryani,Ahmedabad,685.44,69.93,0.0,755.37,Wallet,19,Delivered,3
ORD003950,2023-10-31,19:45:33,CUST7437,Restaurant_73,South Indian,Pune,942.99,80.3,0.0,1023.29,Cash on Delivery,53,Delivered,
ORD003951,2023-04-17,03:19:36,CUST4472,Restaurant_46,Beverages,Ahmedabad,878.54,87.0,26.54,939.0,Wallet,36,Delivered,4
ORD003952,2023-06-24,16:25:14,CUST7478,Restaurant_29,Beverages,Chennai,816.02,57.81,0.0,873.83,Credit Card,16,Delivered,2
ORD003953,2023-03-30,02:26:04,CUST5391,Restaurant_74,South Indian,Bengaluru,876.37,66.16,41.41,901.12,Cash on Delivery,,Cancelled,
ORD003954,2023-06-09,09:09:21,CUST5396,Restaurant_96,Italian,Jaipur,1395.85,61.77,92.79,1364.83,UPI,,Refunded,
ORD003955,2023-06-17,23:33:58,CUST9591,Restaurant_48,Fast Food,Jaipur,919.61,94.2,0.0,1013.81,Credit Card,17,Delivered,2
ORD003956,2023-04-01,16:09:02,CUST1902,Restaurant_77,Italian,Mumbai,305.07,97.42,0.0,402.49,Wallet,65,Delivered,3
ORD003957,2023-08-24,00:06:24,CUST2982,Restaurant_2,Chinese,Jaipur,464.37,43.22,0.0,507.59,Wallet,,Refunded,
ORD003958,2023-07-07,08:42:22,CUST1213,Restaurant_40,North Indian,Pune,1282.32,59.03,0.0,1341.35,UPI,,Cancelled,
ORD003959,2023-01-27,11:10:42,CUST4816,Restaurant_62,Desserts,Delhi,1253.95,97.0,99.55,1251.4,Cash on Delivery,,Refunded,
ORD003960,2023-09-22,11:40:35,CUST8277,Restaurant_56,Beverages,Jaipur,1170.85,98.61,0.0,1269.46,Credit Card,18,Delivered,
ORD003961,2023-10-23,05:07:28,CUST1696,Restaurant_37,Fast Food,Chennai,447.41,44.48,58.25,433.64,Cash on Delivery,,Refunded,
ORD003962,2023-08-20,01:50:13,CUST2966,Restaurant_92,Fast Food,Hyderabad,1075.91,36.64,36.91,1075.64,UPI,,Cancelled,
ORD003963,2023-04-08,04:06:30,CUST1242,Restaurant_59,Italian,Delhi,1014.9,53.58,0.0,1068.48,Credit Card,49,Delivered,3
ORD003964,2023-06-19,06:12:38,CUST9492,Restaurant_90,South Indian,Ahmedabad,1241.6,33.22,0.0,1274.82,Wallet,43,Delivered,1
ORD003965,2023-10-23,07:46:36,CUST7456,Restaurant_44,Chinese,Mumbai,153.59,28.72,77.49,104.82,Wallet,32,Delivered,
ORD003966,2023-05-29,16:34:13,CUST9344,Restaurant_25,North Indian,Kolkata,862.15,44.94,0.0,907.09,Wallet,61,Delivered,4
ORD003967,2023-01-19,01:44:55,CUST7365,Restaurant_46,Italian,Kolkata,1311.88,45.16,120.29,1236.75,Cash on Delivery,57,Delivered,5
ORD003968,2023-07-20,10:29:43,CUST6891,Restaurant_62,South Indian,Bengaluru,1444.85,74.91,0.0,1519.76,Debit Card,30,Delivered,4
ORD003969,2023-08-25,02:08:28,CUST4042,Restaurant_61,North Indian,Bengaluru,1213.32,91.25,38.26,1266.31,Cash on Delivery,,Refunded,
ORD003970,2023-05-24,19:15:43,CUST7146,Restaurant_48,South Indian,Kolkata,995.59,52.29,0.0,1047.88,Cash on Delivery,,Refunded,
ORD003971,2023-12-12,14:09:28,CUST6282,Restaurant_50,Biryani,Pune,575.51,43.33,0.0,618.84,Cash on Delivery,57,Delivered,2
ORD003972,2023-11-30,08:40:04,CUST8143,Restaurant_23,Biryani,Pune,510.3,57.83,0.0,568.13,Wallet,,Cancelled,
ORD003973,2023-07-09,04:47:25,CUST1946,Restaurant_74,Italian,Pune,528.11,96.28,149.02,475.37,Credit Card,,Cancelled,
ORD003974,2023-01-22,13:07:37,CUST9763,Restaurant_33,Chinese,Ahmedabad,270.3,34.04,0.0,304.34,Credit Card,43,Delivered,1
ORD003975,2023-01-11,17:45:08,CUST6751,Restaurant_88,Street Food,Pune,1263.57,66.51,0.0,1330.08,Credit Card,59,Delivered,5
ORD003976,2023-10-27,20:07:58,CUST8663,Restaurant_57,Street Food,Hyderabad,949.64,34.82,0.0,984.46,UPI,,Cancelled,
ORD003977,2023-08-28,03:48:19,CUST9085,Restaurant_30,North Indian,Jaipur,1119.05,31.06,0.0,1150.11,Debit Card,32,Delivered,2
ORD003978,2023-04-27,00:17:10,CUST5875,Restaurant_65,Italian,Delhi,1076.39,80.38,127.79,1028.98,UPI,24,Delivered,4
ORD003979,2023-06-22,01:57:22,CUST5446,Restaurant_6,Desserts,Jaipur,1129.89,48.6,0.0,1178.49,Debit Card,,Cancelled,
ORD003980,2023-07-17,18:33:46,CUST7562,Restaurant_13,Fast Food,Lucknow,786.18,67.74,138.75,715.17,Wallet,48,Delivered,5
ORD003981,2023-11-09,15:46:03,CUST1129,Restaurant_56,Biryani,Bengaluru,839.06,73.54,0.0,912.6,UPI,36,Delivered,3
ORD003982,2023-03-14,06:18:09,CUST3259,Restaurant_34,Biryani,Bengaluru,536.51,49.82,0.0,586.33,UPI,58,Delivered,
ORD003983,2023-03-03,19:37:30,CUST5513,Restaurant_71,North Indian,Jaipur,851.95,52.85,0.0,904.8,Wallet,42,Delivered,
ORD003984,2023-06-24,20:48:46,CUST1106,Restaurant_17,Beverages,Delhi,1244.53,26.49,80.93,1190.09,Debit Card,54,Delivered,2
ORD003985,2023-08-06,07:37:27,CUST4412,Restaurant_28,Beverages,Bengaluru,454.24,83.04,0.0,537.28,Wallet,51,Delivered,4
ORD003986,2023-12-01,18:15:23,CUST6373,Restaurant_22,Biryani,Kolkata,1361.9,33.57,24.07,1371.4,Cash on Delivery,53,Delivered,
ORD003987,2023-11-19,22:29:15,CUST3496,Restaurant_9,Fast Food,Bengaluru,996.6,88.07,0.0,1084.67,Credit Card,,Cancelled,
ORD003988,2023-06-22,18:01:57,CUST7329,Restaurant_62,North Indian,Bengaluru,949.55,76.67,0.0,1026.22,Credit Card,49,Delivered,3
ORD003989,2023-10-10,15:33:44,CUST8888,Restaurant_98,North Indian,Kolkata,1099.05,21.95,15.8,1105.2,UPI,18,Delivered,2
ORD003990,2023-12-24,16:24:49,CUST8132,Restaurant_79,North Indian,Lucknow,908.7,92.16,0.0,1000.86,Wallet,19,Delivered,3
ORD003991,2023-05-31,05:37:06,CUST5366,Restaurant_47,Desserts,Lucknow,1402.11,83.36,84.88,1400.59,UPI,60,Delivered,1
ORD003992,2023-07-19,18:53:47,CUST4839,Restaurant_51,Biryani,Chennai,165.53,93.99,0.0,259.52,Wallet,,Cancelled,
ORD003993,2023-09-01,21:49:09,CUST3469,Restaurant_11,Desserts,Hyderabad,695.26,78.68,0.0,773.94,UPI,51,Delivered,4
ORD003994,2023-04-22,13:21:26,CUST7134,Restaurant_69,Healthy Food,Pune,1477.7,68.64,57.36,1488.98,Wallet,,Refunded,
ORD003995,2023-08-28,10:10:38,CUST8790,Restaurant_71,Fast Food,Mumbai,846.66,79.33,138.07,787.92,Wallet,58,Delivered,2
ORD003996,2023-10-09,11:17:12,CUST2951,Restaurant_87,Street Food,Jaipur,387.3,55.69,135.22,307.77,Credit Card,15,Delivered,3
ORD003997,2023-02-15,03:03:31,CUST5100,Restaurant_3,North Indian,Kolkata,1422.57,50.05,0.0,1472.62,Debit Card,29,Delivered,1
ORD003998,2023-06-16,09:17:38,CUST8627,Restaurant_70,South Indian,Ahmedabad,876.02,42.32,0.0,918.34,Wallet,53,Delivered,4
ORD003999,2023-07-09,23:24:39,CUST8690,Restaurant_21,Beverages,Lucknow,1100.31,83.96,0.0,1184.27,Debit Card,34,Delivered,3
ORD004000,2023-04-28,03:46:42,CUST8875,Restaurant_95,North Indian,Bengaluru,1131.84,70.94,0.0,1202.78,Debit Card,51,Delivered,5
ORD004001,2023-06-22,10:07:10,CUST6362,Restaurant_42,Fast Food,Chennai,703.53,73.16,31.08,745.61,Wallet,49,Delivered,1
ORD004002,2023-01-04,12:49:29,CUST5243,Restaurant_11,South Indian,Chennai,726.16,97.11,0.0,823.27,Wallet,38,Delivered,2
ORD004003,2023-06-01,15:53:12,CUST9168,Restaurant_78,Desserts,Lucknow,910.55,74.19,121.65,863.09,Wallet,23,Delivered,4
ORD004004,2023-05-24,22:26:44,CUST7851,Restaurant_51,Street Food,Bengaluru,1108.28,80.16,0.0,1188.44,Debit Card,61,Delivered,
ORD004005,2023-03-17,22:40:02,CUST7603,Restaurant_80,Chinese,Chennai,170.51,53.33,0.0,223.84,UPI,26,Delivered,2
ORD004006,2023-11-07,08:15:21,CUST4241,Restaurant_33,Beverages,Lucknow,388.81,88.15,0.0,476.96,UPI,29,Delivered,4
ORD004007,2023-03-23,05:54:05,CUST9722,Restaurant_4,North Indian,Jaipur,478.58,36.22,0.0,514.8,UPI,47,Delivered,2
ORD004008,2023-09-02,03:22:15,CUST7870,Restaurant_62,Italian,Jaipur,919.69,43.12,0.0,962.81,Wallet,22,Delivered,1
ORD004009,2023-12-23,23:19:32,CUST9912,Restaurant_86,Street Food,Jaipur,530.21,80.79,0.0,611.0,Credit Card,56,Delivered,2
ORD004010,2023-01-06,05:52:19,CUST4340,Restaurant_87,North Indian,Ahmedabad,518.88,35.45,142.76,411.57,Credit Card,45,Delivered,1
ORD004011,2023-12-27,11:45:45,CUST2867,Restaurant_14,Desserts,Bengaluru,711.97,22.08,79.87,654.18,Credit Card,,Cancelled,
ORD004012,2023-06-04,17:44:08,CUST8972,Restaurant_46,Street Food,Lucknow,726.87,49.06,0.0,775.93,Credit Card,17,Delivered,3
ORD004013,2023-04-24,18:58:25,CUST7059,Restaurant_55,Street Food,Bengaluru,737.74,66.04,0.0,803.78,Debit Card,23,Delivered,4
ORD004014,2023-10-11,21:19:41,CUST6521,Restaurant_29,Biryani,Ahmedabad,1121.63,64.94,0.0,1186.57,Cash on Delivery,,Cancelled,
ORD004015,2023-07-17,23:51:00,CUST4057,Restaurant_57,Healthy Food,Bengaluru,285.98,76.78,0.0,362.76,Wallet,43,Delivered,
ORD004016,2023-08-11,04:39:53,CUST6993,Restaurant_60,Beverages,Jaipur,1144.97,45.98,0.0,1190.95,Wallet,,Cancelled,
ORD004017,2023-10-28,22:31:07,CUST8559,Restaurant_81,Healthy Food,Jaipur,572.51,54.45,0.0,626.96,Cash on Delivery,54,Delivered,3
ORD004018,2023-12-27,19:19:04,CUST2190,Restaurant_50,Biryani,Chennai,1047.97,56.14,0.0,1104.11,Cash on Delivery,17,Delivered,1
ORD004019,2023-02-27,09:32:13,CUST9902,Restaurant_30,Desserts,Kolkata,488.52,87.33,0.0,575.85,Cash on Delivery,35,Delivered,
ORD004020,2023-08-28,10:21:27,CUST7043,Restaurant_19,Italian,Ahmedabad,620.77,69.41,0.0,690.18,Debit Card,49,Delivered,
ORD004021,2023-03-01,05:15:04,CUST9170,Restaurant_82,Chinese,Jaipur,1408.73,73.12,0.0,1481.85,Cash on Delivery,63,Delivered,4
ORD004022,2023-09-13,15:11:54,CUST4764,Restaurant_92,North Indian,Delhi,740.93,65.37,0.0,806.3,Wallet,,Cancelled,
ORD004023,2023-02-01,15:16:02,CUST7739,Restaurant_19,Beverages,Bengaluru,1461.11,85.81,0.0,1546.92,Debit Card,23,Delivered,4
ORD004024,2023-11-28,13:34:16,CUST8368,Restaurant_54,Italian,Chennai,370.44,27.35,113.88,283.91,Debit Card,52,Delivered,1
ORD004025,2023-10-18,17:17:27,CUST1645,Restaurant_72,South Indian,Ahmedabad,848.65,71.59,134.22,786.02,Wallet,23,Delivered,4
ORD004026,2023-09-25,15:19:30,CUST3069,Restaurant_76,North Indian,Ahmedabad,782.31,57.28,0.0,839.59,Wallet,,Refunded,
ORD004027,2023-06-21,05:35:28,CUST5057,Restaurant_42,Biryani,Ahmedabad,783.79,81.5,0.0,865.29,Cash on Delivery,27,Delivered,4
ORD004028,2023-09-10,20:24:45,CUST1151,Restaurant_69,Fast Food,Lucknow,327.82,91.04,0.0,418.86,Cash on Delivery,49,Delivered,1
ORD004029,2023-04-01,02:36:41,CUST1186,Restaurant_2,North Indian,Mumbai,1041.58,67.83,0.0,1109.41,Cash on Delivery,,Cancelled,
ORD004030,2023-10-20,01:14:56,CUST1759,Restaurant_95,Biryani,Kolkata,1050.79,96.01,77.9,1068.9,Cash on Delivery,61,Delivered,5
ORD004031,2023-03-22,16:28:18,CUST4235,Restaurant_40,Chinese,Hyderabad,1113.05,33.9,0.0,1146.95,Wallet,,Refunded,
ORD004032,2023-07-16,15:03:22,CUST5628,Restaurant_64,Desserts,Kolkata,1020.63,25.15,0.0,1045.78,Debit Card,33,Delivered,2
ORD004033,2023-12-20,08:26:36,CUST3029,Restaurant_31,Healthy Food,Delhi,474.25,52.45,0.0,526.7,Cash on Delivery,59,Delivered,3
ORD004034,2023-06-21,01:34:31,CUST7473,Restaurant_47,South Indian,Delhi,1450.1,97.86,0.0,1547.96,Credit Card,,Cancelled,
ORD004035,2023-04-18,22:53:21,CUST5015,Restaurant_82,Healthy Food,Kolkata,462.86,20.18,0.0,483.04,Wallet,30,Delivered,4
ORD004036,2023-02-25,05:53:15,CUST9686,Restaurant_88,Desserts,Mumbai,991.25,38.54,0.0,1029.79,UPI,60,Delivered,
ORD004037,2023-09-30,22:21:19,CUST4147,Restaurant_98,Desserts,Kolkata,1482.34,26.84,14.44,1494.74,Debit Card,,Refunded,
ORD004038,2023-07-23,19:57:26,CUST6371,Restaurant_57,Desserts,Hyderabad,1491.9,38.48,0.0,1530.38,Wallet,,Cancelled,
ORD004039,2023-04-28,11:11:22,CUST6118,Restaurant_65,Desserts,Pune,619.89,33.48,0.0,653.37,UPI,63,Delivered,5
ORD004040,2023-02-05,01:32:34,CUST2182,Restaurant_75,Street Food,Ahmedabad,994.75,96.61,0.0,1091.36,Cash on Delivery,25,Delivered,3
ORD004041,2023-09-12,16:20:09,CUST4718,Restaurant_23,Fast Food,Lucknow,219.15,22.34,91.86,149.63,UPI,,Cancelled,
ORD004042,2023-02-28,00:26:26,CUST5983,Restaurant_2,Biryani,Chennai,1190.13,32.58,0.0,1222.71,UPI,18,Delivered,
ORD004043,2023-07-06,02:30:46,CUST8721,Restaurant_47,Street Food,Ahmedabad,181.62,57.28,0.0,238.9,Credit Card,,Cancelled,
ORD004044,2023-07-25,04:43:05,CUST4553,Restaurant_100,Desserts,Pune,725.09,96.04,0.0,821.13,Cash on Delivery,,Refunded,
ORD004045,2023-11-09,16:46:21,CUST1601,Restaurant_65,Biryani,Hyderabad,965.48,85.34,0.0,1050.82,Wallet,37,Delivered,4
ORD004046,2023-10-25,21:14:47,CUST9919,Restaurant_20,Beverages,Jaipur,1266.66,26.58,0.0,1293.24,Debit Card,49,Delivered,
ORD004047,2023-06-11,20:42:43,CUST7192,Restaurant_52,Beverages,Ahmedabad,363.76,99.99,0.0,463.75,Debit Card,21,Delivered,4
ORD004048,2023-12-20,05:13:06,CUST7986,Restaurant_86,Fast Food,Ahmedabad,377.44,67.95,57.53,387.86,Credit Card,,Refunded,
ORD004049,2023-08-22,21:41:27,CUST1774,Restaurant_4,Biryani,Lucknow,1328.29,44.78,0.0,1373.07,Debit Card,,Refunded,
ORD004050,2023-06-21,20:09:47,CUST2363,Restaurant_16,Biryani,Jaipur,1169.83,34.41,0.0,1204.24,UPI,35,Delivered,
ORD004051,2023-06-22,21:31:33,CUST6652,Restaurant_30,South Indian,Delhi,813.45,82.08,0.0,895.53,UPI,61,Delivered,2
ORD004052,2023-03-28,20:32:43,CUST4825,Restaurant_81,Beverages,Pune,1377.21,72.99,0.0,1450.2,UPI,17,Delivered,1
ORD004053,2023-08-11,14:43:22,CUST6611,Restaurant_13,South Indian,Chennai,683.76,62.67,0.0,746.43,UPI,36,Delivered,5
ORD004054,2023-08-01,09:39:47,CUST6532,Restaurant_93,Chinese,Hyderabad,655.42,77.18,147.33,585.27,Wallet,,Cancelled,
ORD004055,2023-08-09,12:32:59,CUST5760,Restaurant_100,Fast Food,Lucknow,1036.94,69.1,0.0,1106.04,Cash on Delivery,33,Delivered,5
ORD004056,2023-04-17,14:04:48,CUST3611,Restaurant_89,Biryani,Chennai,466.57,55.64,0.0,522.21,Debit Card,,Refunded,
ORD004057,2023-10-01,03:54:43,CUST1927,Restaurant_58,Desserts,Mumbai,855.33,72.43,129.44,798.32,Credit Card,,Cancelled,
ORD004058,2023-06-05,04:35:39,CUST5935,Restaurant_25,Fast Food,Bengaluru,372.16,47.87,0.0,420.03,UPI,46,Delivered,4
ORD004059,2023-05-26,05:20:52,CUST7431,Restaurant_93,Biryani,Pune,986.36,26.69,0.0,1013.05,Cash on Delivery,16,Delivered,
ORD004060,2023-06-20,15:57:54,CUST6858,Restaurant_36,Italian,Ahmedabad,327.32,97.73,0.0,425.05,Debit Card,35,Delivered,
ORD004061,2023-01-21,09:07:14,CUST1768,Restaurant_8,Italian,Ahmedabad,1002.47,83.79,55.86,1030.4,Debit Card,,Cancelled,
ORD004062,2023-12-19,11:36:13,CUST1705,Restaurant_90,Chinese,Kolkata,375.13,27.1,146.86,255.37,Debit Card,,Refunded,
ORD004063,2023-08-01,12:01:23,CUST4018,Restaurant_18,Chinese,Lucknow,769.74,69.92,143.1,696.56,Credit Card,36,Delivered,1
ORD004064,2023-04-07,09:04:53,CUST2404,Restaurant_5,Chinese,Hyderabad,484.38,38.16,0.0,522.54,Credit Card,45,Delivered,3
ORD004065,2023-02-28,15:12:35,CUST8615,Restaurant_35,Desserts,Jaipur,473.9,25.7,0.0,499.6,Cash on Delivery,62,Delivered,4
ORD004066,2023-01-14,21:11:05,CUST1975,Restaurant_21,Beverages,Ahmedabad,264.85,93.61,0.0,358.46,Wallet,,Refunded,
ORD004067,2023-02-03,05:18:36,CUST6832,Restaurant_30,Beverages,Chennai,1111.54,35.11,23.47,1123.18,UPI,,Refunded,
ORD004068,2023-12-20,15:11:13,CUST7689,Restaurant_36,Street Food,Pune,699.49,44.25,29.33,714.41,Debit Card,,Cancelled,
ORD004069,2023-04-16,16:02:47,CUST9561,Restaurant_66,Desserts,Jaipur,1240.13,71.01,0.0,1311.14,Debit Card,,Refunded,
ORD004070,2023-02-10,01:55:56,CUST3767,Restaurant_89,Street Food,Hyderabad,768.79,59.85,0.0,828.64,Wallet,52,Delivered,5
ORD004071,2023-04-14,15:36:38,CUST2686,Restaurant_85,North Indian,Bengaluru,1378.98,76.67,0.0,1455.65,UPI,27,Delivered,2
ORD004072,2023-10-03,09:46:26,CUST4403,Restaurant_7,Desserts,Ahmedabad,357.07,82.18,0.0,439.25,Cash on Delivery,30,Delivered,3
ORD004073,2023-08-22,06:21:32,CUST9229,Restaurant_47,Biryani,Mumbai,1472.36,23.51,22.19,1473.68,Wallet,42,Delivered,1
ORD004074,2023-08-29,13:37:24,CUST8032,Restaurant_59,Biryani,Kolkata,215.93,78.27,87.82,206.38,Credit Card,58,Delivered,4
ORD004075,2023-01-24,18:52:15,CUST4793,Restaurant_89,South Indian,Lucknow,326.54,23.5,46.05,303.99,UPI,51,Delivered,4
ORD004076,2023-08-31,09:48:29,CUST4104,Restaurant_7,Street Food,Bengaluru,1036.59,79.16,0.0,1115.75,Cash on Delivery,65,Delivered,5
ORD004077,2023-12-03,19:55:01,CUST3741,Restaurant_35,North Indian,Mumbai,1031.56,40.23,0.0,1071.79,Debit Card,32,Delivered,5
ORD004078,2023-12-19,12:45:56,CUST4897,Restaurant_25,Desserts,Bengaluru,1123.43,35.87,0.0,1159.3,Credit Card,,Cancelled,
ORD004079,2023-06-13,09:03:27,CUST7894,Restaurant_45,North Indian,Lucknow,736.85,24.7,0.0,761.55,Debit Card,,Cancelled,
ORD004080,2023-02-08,18:31:07,CUST6839,Restaurant_45,Fast Food,Chennai,875.82,90.08,0.0,965.9,Credit Card,,Refunded,
ORD004081,2023-09-06,03:25:08,CUST9365,Restaurant_35,Fast Food,Delhi,431.72,74.86,59.22,447.36,Wallet,30,Delivered,3
ORD004082,2023-05-07,08:37:24,CUST6386,Restaurant_54,Italian,Mumbai,480.41,52.3,0.0,532.71,Wallet,,Refunded,
ORD004083,2023-02-26,17:11:43,CUST1243,Restaurant_94,South Indian,Ahmedabad,1147.78,99.73,0.0,1247.51,Wallet,19,Delivered,4
ORD004084,2023-03-17,01:47:33,CUST2202,Restaurant_25,Italian,Chennai,605.15,35.65,0.0,640.8,UPI,22,Delivered,3
ORD004085,2023-12-20,12:36:55,CUST6930,Restaurant_26,Italian,Delhi,875.54,74.12,0.0,949.66,Cash on Delivery,64,Delivered,4
ORD004086,2023-10-02,02:51:17,CUST9681,Restaurant_19,Beverages,Mumbai,263.22,95.07,0.0,358.29,Wallet,26,Delivered,3
ORD004087,2023-03-05,12:40:44,CUST1769,Restaurant_37,North Indian,Hyderabad,525.41,21.22,0.0,546.63,Cash on Delivery,58,Delivered,4
ORD004088,2023-12-22,12:48:55,CUST9134,Restaurant_71,South Indian,Kolkata,1021.47,90.89,50.09,1062.27,Debit Card,56,Delivered,5
ORD004089,2023-03-02,16:58:25,CUST6194,Restaurant_85,Fast Food,Hyderabad,264.69,48.12,0.0,312.81,Debit Card,,Cancelled,
ORD004090,2023-12-21,23:45:07,CUST8805,Restaurant_22,Street Food,Bengaluru,1247.46,53.73,0.0,1301.19,Cash on Delivery,,Cancelled,
ORD004091,2023-12-23,06:00:18,CUST6269,Restaurant_80,Beverages,Lucknow,861.28,73.83,0.0,935.11,UPI,20,Delivered,2
ORD004092,2023-11-12,20:58:15,CUST4264,Restaurant_18,Beverages,Mumbai,790.26,95.54,93.86,791.94,Wallet,,Refunded,
ORD004093,2023-05-14,06:34:17,CUST6128,Restaurant_72,Beverages,Lucknow,261.49,62.33,0.0,323.82,Credit Card,37,Delivered,4
ORD004094,2023-06-23,15:19:20,CUST4779,Restaurant_24,Fast Food,Hyderabad,926.95,35.39,45.98,916.36,Credit Card,38,Delivered,5
ORD004095,2023-04-13,02:40:38,CUST8068,Restaurant_31,North Indian,Kolkata,488.91,87.84,0.0,576.75,Debit Card,42,Delivered,3
ORD004096,2023-06-22,04:22:54,CUST9155,Restaurant_25,Beverages,Delhi,952.62,77.29,0.0,1029.91,Wallet,,Refunded,
ORD004097,2023-11-27,20:03:59,CUST3085,Restaurant_25,Biryani,Lucknow,409.78,30.75,15.43,425.1,Debit Card,22,Delivered,1
ORD004098,2023-10-26,15:45:15,CUST8980,Restaurant_59,North Indian,Pune,1329.92,58.18,0.0,1388.1,Cash on Delivery,63,Delivered,4
ORD004099,2023-04-12,04:58:54,CUST9846,Restaurant_38,Chinese,Chennai,1103.34,57.27,126.62,1033.99,Wallet,27,Delivered,1
ORD004100,2023-08-04,22:20:19,CUST1246,Restaurant_82,Italian,Hyderabad,1362.24,92.57,0.0,1454.81,Debit Card,,Cancelled,
ORD004101,2023-04-24,02:26:32,CUST1395,Restaurant_48,Healthy Food,Delhi,1446.2,53.12,0.0,1499.32,UPI,54,Delivered,
ORD004102,2023-01-09,11:43:52,CUST7836,Restaurant_50,Desserts,Lucknow,562.76,81.37,0.0,644.13,Debit Card,18,Delivered,1
ORD004103,2023-02-01,08:24:57,CUST5059,Restaurant_17,Fast Food,Mumbai,552.05,34.76,0.0,586.81,Wallet,32,Delivered,4
ORD004104,2023-02-17,07:21:24,CUST9317,Restaurant_41,Biryani,Bengaluru,1092.21,77.58,0.0,1169.79,Debit Card,41,Delivered,3
ORD004105,2023-01-31,20:51:11,CUST1973,Restaurant_67,North Indian,Jaipur,1391.04,82.99,0.0,1474.03,Cash on Delivery,52,Delivered,1
ORD004106,2023-04-14,01:33:16,CUST4099,Restaurant_21,Street Food,Kolkata,991.61,95.12,0.0,1086.73,Debit Card,64,Delivered,3
ORD004107,2023-11-29,01:25:17,CUST1541,Restaurant_21,Healthy Food,Delhi,896.21,72.77,0.0,968.98,UPI,,Refunded,
ORD004108,2023-08-09,21:02:38,CUST1391,Restaurant_54,Healthy Food,Jaipur,707.58,92.84,85.33,715.09,UPI,16,Delivered,4
ORD004109,2023-11-20,14:53:24,CUST6016,Restaurant_16,North Indian,Hyderabad,699.31,97.26,112.59,683.98,Credit Card,,Cancelled,
ORD004110,2023-09-26,17:44:50,CUST1454,Restaurant_18,Chinese,Kolkata,733.75,91.83,0.0,825.58,Wallet,62,Delivered,4
ORD004111,2023-11-17,04:34:00,CUST6226,Restaurant_32,Healthy Food,Ahmedabad,458.57,57.84,56.27,460.14,Credit Card,52,Delivered,3
ORD004112,2023-10-16,13:20:08,CUST5652,Restaurant_38,Street Food,Bengaluru,1334.43,24.68,116.43,1242.68,Wallet,39,Delivered,
ORD004113,2023-01-22,03:46:22,CUST2500,Restaurant_36,Biryani,Hyderabad,806.79,21.98,0.0,828.77,Debit Card,,Cancelled,
ORD004114,2023-05-12,06:53:44,CUST7674,Restaurant_17,Healthy Food,Jaipur,660.93,68.88,32.12,697.69,Credit Card,54,Delivered,
ORD004115,2023-02-14,01:19:59,CUST6416,Restaurant_98,Healthy Food,Ahmedabad,1062.74,57.17,0.0,1119.91,UPI,23,Delivered,3
ORD004116,2023-07-22,05:44:23,CUST4296,Restaurant_43,South Indian,Hyderabad,532.67,39.99,0.0,572.66,Debit Card,60,Delivered,
ORD004117,2023-04-01,21:49:43,CUST7754,Restaurant_75,Biryani,Lucknow,1478.22,85.48,0.0,1563.7,UPI,35,Delivered,3
ORD004118,2023-07-26,16:01:21,CUST7276,Restaurant_59,Beverages,Chennai,700.16,44.21,0.0,744.37,Wallet,,Cancelled,
ORD004119,2023-05-03,09:18:05,CUST6502,Restaurant_42,Biryani,Hyderabad,903.05,73.24,0.0,976.29,Credit Card,,Cancelled,
ORD004120,2023-05-23,20:35:06,CUST2884,Restaurant_73,Fast Food,Mumbai,320.26,27.9,0.0,348.16,Wallet,42,Delivered,3
ORD004121,2023-07-06,19:45:49,CUST3791,Restaurant_53,Biryani,Lucknow,1192.72,71.26,0.0,1263.98,UPI,58,Delivered,3
ORD004122,2023-06-17,07:44:04,CUST5042,Restaurant_37,Italian,Delhi,655.35,48.18,0.0,703.53,Wallet,64,Delivered,3
ORD004123,2023-12-29,05:20:36,CUST9588,Restaurant_76,South Indian,Delhi,1437.27,68.23,56.41,1449.09,Wallet,24,Delivered,3
ORD004124,2023-11-13,21:17:26,CUST6281,Restaurant_95,Beverages,Ahmedabad,360.06,56.7,0.0,416.76,Wallet,28,Delivered,5
ORD004125,2023-11-27,14:08:24,CUST7451,Restaurant_25,Chinese,Pune,1427.88,28.22,0.0,1456.1,Debit Card,30,Delivered,4
ORD004126,2023-12-27,01:51:51,CUST2173,Restaurant_13,Biryani,Delhi,607.11,45.52,51.91,600.72,Cash on Delivery,25,Delivered,1
ORD004127,2023-10-22,06:12:56,CUST3492,Restaurant_94,Chinese,Jaipur,165.06,80.66,40.94,204.78,Cash on Delivery,,Refunded,
ORD004128,2023-08-06,09:51:22,CUST5349,Restaurant_59,Beverages,Chennai,1360.61,40.83,0.0,1401.44,Cash on Delivery,,Cancelled,
ORD004129,2023-12-13,07:08:07,CUST5501,Restaurant_6,Desserts,Bengaluru,402.91,57.96,0.0,460.87,UPI,,Cancelled,
ORD004130,2023-05-12,12:22:58,CUST8462,Restaurant_68,Fast Food,Kolkata,1483.0,35.81,71.44,1447.37,Wallet,35,Delivered,5
ORD004131,2023-04-11,03:09:03,CUST6148,Restaurant_44,Chinese,Kolkata,165.48,62.26,0.0,227.74,Wallet,21,Delivered,
ORD004132,2023-05-31,00:46:00,CUST9866,Restaurant_8,Healthy Food,Ahmedabad,1407.15,28.07,52.39,1382.83,Debit Card,49,Delivered,3
ORD004133,2023-09-12,16:58:59,CUST3223,Restaurant_70,Italian,Lucknow,607.08,40.42,0.0,647.5,Credit Card,54,Delivered,
ORD004134,2023-08-07,02:40:39,CUST9971,Restaurant_85,Healthy Food,Hyderabad,1267.16,62.38,0.0,1329.54,UPI,64,Delivered,2
ORD004135,2023-03-26,23:03:41,CUST1357,Restaurant_4,North Indian,Mumbai,180.31,65.02,28.23,217.1,Credit Card,60,Delivered,1
ORD004136,2023-07-02,15:20:55,CUST8230,Restaurant_94,Healthy Food,Chennai,1488.45,36.66,0.0,1525.11,Wallet,,Cancelled,
ORD004137,2023-02-17,10:10:17,CUST5437,Restaurant_56,Desserts,Mumbai,1224.95,37.11,0.0,1262.06,UPI,42,Delivered,2
ORD004138,2023-01-21,10:55:01,CUST8906,Restaurant_38,Fast Food,Ahmedabad,187.73,26.96,0.0,214.69,Credit Card,,Cancelled,
ORD004139,2023-05-03,18:11:31,CUST6452,Restaurant_92,Desserts,Ahmedabad,414.93,56.83,0.0,471.76,Cash on Delivery,44,Delivered,5
ORD004140,2023-12-17,11:53:03,CUST5186,Restaurant_45,Street Food,Delhi,853.75,79.31,0.0,933.06,Credit Card,22,Delivered,4
ORD004141,2023-12-14,12:05:20,CUST3878,Restaurant_89,Street Food,Jaipur,966.37,53.58,0.0,1019.95,Debit Card,,Refunded,
ORD004142,2023-11-29,07:56:21,CUST1519,Restaurant_32,Beverages,Lucknow,450.28,32.17,0.0,482.45,Credit Card,,Cancelled,
ORD004143,2023-11-17,08:07:10,CUST4845,Restaurant_11,Chinese,Hyderabad,1477.65,34.18,0.0,1511.83,Debit Card,62,Delivered,2
ORD004144,2023-02-27,05:44:15,CUST7878,Restaurant_59,South Indian,Delhi,1188.69,66.83,0.0,1255.52,Debit Card,16,Delivered,2
ORD004145,2023-09-20,11:04:32,CUST7614,Restaurant_97,Beverages,Mumbai,1456.65,22.21,0.0,1478.86,Wallet,20,Delivered,
ORD004146,2023-05-11,10:17:22,CUST3533,Restaurant_2,Biryani,Hyderabad,240.26,32.42,149.75,122.93,Cash on Delivery,,Refunded,
ORD004147,2023-02-09,13:31:50,CUST6913,Restaurant_4,Beverages,Delhi,451.64,51.2,0.0,502.84,Debit Card,58,Delivered,3
ORD004148,2023-10-15,06:15:27,CUST1340,Restaurant_16,Biryani,Pune,681.73,39.8,130.12,591.41,Wallet,48,Delivered,1
ORD004149,2023-01-14,15:49:25,CUST9361,Restaurant_79,Biryani,Hyderabad,207.21,21.29,122.23,106.27,Cash on Delivery,53,Delivered,3
ORD004150,2023-05-09,10:07:36,CUST4613,Restaurant_39,Biryani,Ahmedabad,942.63,99.42,0.0,1042.05,Credit Card,43,Delivered,
ORD004151,2023-12-03,00:55:43,CUST4401,Restaurant_5,South Indian,Delhi,1029.98,71.89,50.24,1051.63,Cash on Delivery,38,Delivered,1
ORD004152,2023-07-22,02:41:45,CUST1890,Restaurant_47,North Indian,Bengaluru,1246.15,36.05,0.0,1282.2,Cash on Delivery,15,Delivered,2
ORD004153,2023-08-22,10:36:22,CUST3018,Restaurant_56,Street Food,Ahmedabad,619.63,80.09,0.0,699.72,UPI,30,Delivered,3
ORD004154,2023-04-03,23:46:52,CUST4920,Restaurant_62,Desserts,Chennai,1222.38,85.24,115.41,1192.21,Cash on Delivery,,Refunded,
ORD004155,2023-10-03,17:19:15,CUST4092,Restaurant_69,Biryani,Hyderabad,245.98,94.09,35.94,304.13,Cash on Delivery,19,Delivered,2
ORD004156,2023-12-22,01:56:15,CUST9506,Restaurant_16,Beverages,Lucknow,615.27,84.96,0.0,700.23,Debit Card,24,Delivered,2
ORD004157,2023-10-26,07:56:44,CUST6464,Restaurant_78,South Indian,Delhi,981.34,68.06,0.0,1049.4,Wallet,31,Delivered,1
ORD004158,2023-11-03,23:16:58,CUST9925,Restaurant_11,Chinese,Hyderabad,861.89,55.04,0.0,916.93,Debit Card,,Cancelled,
ORD004159,2023-10-16,05:37:57,CUST8828,Restaurant_100,South Indian,Bengaluru,1278.95,79.84,0.0,1358.79,Debit Card,31,Delivered,2
ORD004160,2023-07-26,03:10:08,CUST3551,Restaurant_77,Chinese,Bengaluru,554.49,80.85,0.0,635.34,Wallet,16,Delivered,
ORD004161,2023-08-20,16:50:02,CUST7547,Restaurant_49,North Indian,Hyderabad,964.85,77.47,0.0,1042.32,Credit Card,26,Delivered,5
ORD004162,2023-08-20,11:41:44,CUST8439,Restaurant_31,Street Food,Chennai,516.08,30.95,29.83,517.2,Cash on Delivery,46,Delivered,2
ORD004163,2023-06-04,02:20:32,CUST6452,Restaurant_33,Fast Food,Pune,498.52,51.39,0.0,549.91,Cash on Delivery,24,Delivered,
ORD004164,2023-04-01,11:41:55,CUST3032,Restaurant_38,South Indian,Chennai,330.46,94.54,0.0,425.0,UPI,,Cancelled,
ORD004165,2023-06-16,16:48:15,CUST8259,Restaurant_23,North Indian,Lucknow,711.56,60.83,0.0,772.39,UPI,,Refunded,
ORD004166,2023-09-09,15:56:54,CUST4917,Restaurant_72,Desserts,Ahmedabad,313.33,32.36,86.27,259.42,Credit Card,,Refunded,
ORD004167,2023-05-27,15:48:43,CUST9627,Restaurant_99,Healthy Food,Delhi,802.78,74.9,99.07,778.61,UPI,34,Delivered,2
ORD004168,2023-01-02,01:15:54,CUST6195,Restaurant_32,North Indian,Jaipur,601.76,89.71,0.0,691.47,UPI,46,Delivered,5
ORD004169,2023-12-03,17:16:17,CUST1573,Restaurant_38,Healthy Food,Chennai,652.98,79.86,123.43,609.41,Cash on Delivery,19,Delivered,1
ORD004170,2023-10-27,08:00:19,CUST8741,Restaurant_57,Healthy Food,Mumbai,326.33,67.13,0.0,393.46,Cash on Delivery,,Cancelled,
ORD004171,2023-12-12,21:47:44,CUST5558,Restaurant_88,Street Food,Bengaluru,514.75,87.54,0.0,602.29,Wallet,,Cancelled,
ORD004172,2023-12-11,15:26:53,CUST7075,Restaurant_66,South Indian,Delhi,1459.65,67.48,0.0,1527.13,UPI,,Refunded,
ORD004173,2023-09-28,18:29:26,CUST6440,Restaurant_37,Fast Food,Lucknow,461.34,67.38,0.0,528.72,UPI,,Cancelled,
ORD004174,2023-08-17,10:35:00,CUST5471,Restaurant_56,Healthy Food,Lucknow,1098.99,99.06,0.0,1198.05,UPI,42,Delivered,2
ORD004175,2023-08-27,00:21:55,CUST4348,Restaurant_39,South Indian,Hyderabad,1182.0,98.28,0.0,1280.28,Wallet,27,Delivered,4
ORD004176,2023-10-01,20:28:22,CUST2186,Restaurant_43,Fast Food,Delhi,1381.27,65.01,68.26,1378.02,Wallet,53,Delivered,4
ORD004177,2023-02-25,17:22:04,CUST8773,Restaurant_89,Desserts,Delhi,1011.11,60.77,31.0,1040.88,Credit Card,49,Delivered,
ORD004178,2023-12-06,06:08:52,CUST7802,Restaurant_8,South Indian,Kolkata,784.43,87.49,85.12,786.8,Cash on Delivery,61,Delivered,
ORD004179,2023-04-27,22:43:35,CUST6519,Restaurant_25,Italian,Mumbai,1092.13,95.67,0.0,1187.8,Wallet,60,Delivered,
ORD004180,2023-11-10,10:07:08,CUST6713,Restaurant_34,Street Food,Bengaluru,294.41,69.45,0.0,363.86,Wallet,22,Delivered,1
ORD004181,2023-01-09,03:54:38,CUST6527,Restaurant_21,Street Food,Kolkata,461.8,71.95,0.0,533.75,Credit Card,61,Delivered,
ORD004182,2023-12-07,16:13:41,CUST6503,Restaurant_98,Chinese,Mumbai,195.98,45.03,87.91,153.1,Credit Card,29,Delivered,5
ORD004183,2023-08-17,19:30:40,CUST2951,Restaurant_4,Beverages,Chennai,940.97,77.68,0.0,1018.65,Wallet,31,Delivered,1
ORD004184,2023-10-01,08:38:17,CUST5051,Restaurant_54,Chinese,Delhi,1263.12,63.16,119.53,1206.75,Cash on Delivery,,Cancelled,
ORD004185,2023-05-16,16:58:05,CUST6148,Restaurant_79,Beverages,Kolkata,295.35,40.91,126.59,209.67,UPI,63,Delivered,5
ORD004186,2023-09-25,17:39:43,CUST7019,Restaurant_61,Healthy Food,Chennai,705.89,55.99,111.5,650.38,Wallet,28,Delivered,4
ORD004187,2023-02-18,22:15:22,CUST5320,Restaurant_66,South Indian,Jaipur,1025.41,61.33,0.0,1086.74,Credit Card,17,Delivered,2
ORD004188,2023-04-14,15:21:43,CUST3754,Restaurant_46,South Indian,Lucknow,1386.0,66.31,0.0,1452.31,Credit Card,34,Delivered,1
ORD004189,2023-01-22,06:36:26,CUST1720,Restaurant_55,Beverages,Hyderabad,1280.69,47.34,0.0,1328.03,Wallet,47,Delivered,
ORD004190,2023-11-02,17:00:13,CUST2988,Restaurant_87,Desserts,Ahmedabad,997.93,67.81,48.38,1017.36,Credit Card,38,Delivered,
ORD004191,2023-06-13,20:41:04,CUST1922,Restaurant_58,Healthy Food,Lucknow,1211.79,42.43,75.07,1179.15,Cash on Delivery,28,Delivered,3
ORD004192,2023-10-30,05:18:15,CUST7771,Restaurant_97,Italian,Lucknow,841.59,75.66,0.0,917.25,Cash on Delivery,59,Delivered,5
ORD004193,2023-08-07,20:37:10,CUST3738,Restaurant_25,Chinese,Ahmedabad,813.65,85.16,39.67,859.14,Credit Card,30,Delivered,2
ORD004194,2023-08-26,10:13:11,CUST6774,Restaurant_89,Chinese,Pune,848.13,68.48,0.0,916.61,Cash on Delivery,43,Delivered,3
ORD004195,2023-08-15,10:40:47,CUST9880,Restaurant_54,Biryani,Ahmedabad,1108.72,98.93,0.0,1207.65,Wallet,,Refunded,
ORD004196,2023-08-16,14:53:48,CUST8655,Restaurant_10,Desserts,Kolkata,1451.68,77.97,0.0,1529.65,Wallet,30,Delivered,3
ORD004197,2023-03-27,10:30:21,CUST4237,Restaurant_97,Chinese,Mumbai,879.31,69.14,112.67,835.78,Cash on Delivery,15,Delivered,4
ORD004198,2023-08-31,00:39:19,CUST2005,Restaurant_85,Beverages,Bengaluru,319.72,46.94,106.82,259.84,Credit Card,36,Delivered,3
ORD004199,2023-06-23,23:13:27,CUST5161,Restaurant_73,Biryani,Kolkata,1162.47,56.57,0.0,1219.04,UPI,60,Delivered,5
ORD004200,2023-12-30,23:14:40,CUST4061,Restaurant_16,Biryani,Mumbai,1376.71,80.15,127.92,1328.94,Credit Card,23,Delivered,3
ORD004201,2023-08-30,11:20:21,CUST1384,Restaurant_54,Chinese,Pune,604.92,89.67,0.0,694.59,Debit Card,51,Delivered,1
ORD004202,2023-06-20,12:15:22,CUST2085,Restaurant_76,Desserts,Kolkata,1385.93,46.11,0.0,1432.04,Wallet,29,Delivered,
ORD004203,2023-10-31,00:15:55,CUST5671,Restaurant_41,Biryani,Mumbai,1388.3,60.59,0.0,1448.89,Wallet,45,Delivered,2
ORD004204,2023-11-10,10:15:10,CUST3795,Restaurant_18,Chinese,Jaipur,495.27,45.39,0.0,540.66,Wallet,28,Delivered,1
ORD004205,2023-11-29,07:19:15,CUST1433,Restaurant_30,Street Food,Hyderabad,1347.33,46.95,0.0,1394.28,Credit Card,51,Delivered,4
ORD004206,2023-11-30,22:27:01,CUST3508,Restaurant_74,Desserts,Hyderabad,1424.87,87.11,0.0,1511.98,Cash on Delivery,51,Delivered,1
ORD004207,2023-01-11,20:18:30,CUST3370,Restaurant_74,Chinese,Lucknow,702.43,89.83,0.0,792.26,Debit Card,46,Delivered,
ORD004208,2023-12-05,15:33:03,CUST7167,Restaurant_47,Chinese,Ahmedabad,1457.84,84.33,103.68,1438.49,Credit Card,59,Delivered,
ORD004209,2023-03-04,06:30:17,CUST4790,Restaurant_27,North Indian,Pune,401.19,31.91,0.0,433.1,Cash on Delivery,44,Delivered,4
ORD004210,2023-02-04,12:56:31,CUST6621,Restaurant_11,Chinese,Delhi,889.11,80.45,0.0,969.56,Wallet,40,Delivered,3
ORD004211,2023-05-08,20:47:57,CUST4494,Restaurant_54,Biryani,Hyderabad,1279.5,74.58,16.65,1337.43,Wallet,,Cancelled,
ORD004212,2023-11-02,08:32:17,CUST5111,Restaurant_53,North Indian,Hyderabad,1291.17,25.82,0.0,1316.99,Wallet,40,Delivered,2
ORD004213,2023-07-02,01:54:07,CUST9136,Restaurant_55,North Indian,Chennai,1256.87,65.33,59.51,1262.69,Wallet,47,Delivered,1
ORD004214,2023-03-08,16:18:40,CUST1595,Restaurant_31,South Indian,Bengaluru,1207.22,27.49,96.5,1138.21,UPI,,Cancelled,
ORD004215,2023-10-05,13:04:30,CUST3666,Restaurant_53,Fast Food,Pune,1429.44,44.29,0.0,1473.73,UPI,50,Delivered,
ORD004216,2023-04-23,09:10:10,CUST2135,Restaurant_58,Fast Food,Pune,520.95,33.46,89.82,464.59,Wallet,16,Delivered,4
ORD004217,2023-05-31,20:41:51,CUST6405,Restaurant_74,Beverages,Pune,1219.57,79.19,0.0,1298.76,Wallet,22,Delivered,5
ORD004218,2023-06-06,10:22:56,CUST3633,Restaurant_45,Italian,Kolkata,808.08,91.3,0.0,899.38,Debit Card,42,Delivered,3
ORD004219,2023-03-16,22:45:52,CUST4474,Restaurant_47,Italian,Pune,1385.7,26.57,0.0,1412.27,Cash on Delivery,35,Delivered,4
ORD004220,2023-10-23,22:45:26,CUST8577,Restaurant_66,Street Food,Ahmedabad,174.1,32.19,0.0,206.29,UPI,32,Delivered,1
ORD004221,2023-05-04,11:27:23,CUST8808,Restaurant_25,Healthy Food,Kolkata,618.16,25.89,0.0,644.05,Credit Card,,Cancelled,
ORD004222,2023-03-15,05:30:15,CUST5313,Restaurant_87,Biryani,Ahmedabad,1267.02,37.98,120.09,1184.91,Credit Card,39,Delivered,5
ORD004223,2023-10-24,04:36:31,CUST4632,Restaurant_95,Beverages,Chennai,895.13,58.62,0.0,953.75,Credit Card,28,Delivered,4
ORD004224,2023-01-03,04:43:31,CUST2465,Restaurant_2,North Indian,Ahmedabad,1024.01,91.57,0.0,1115.58,Cash on Delivery,60,Delivered,1
ORD004225,2023-11-13,21:29:23,CUST8624,Restaurant_98,South Indian,Delhi,785.6,89.9,0.0,875.5,Cash on Delivery,53,Delivered,1
ORD004226,2023-10-27,10:59:06,CUST8669,Restaurant_98,Street Food,Bengaluru,788.85,81.64,0.0,870.49,UPI,22,Delivered,2
ORD004227,2023-09-13,23:53:09,CUST9907,Restaurant_21,Biryani,Hyderabad,1459.27,79.44,0.0,1538.71,Credit Card,57,Delivered,3
ORD004228,2023-02-20,04:22:16,CUST5742,Restaurant_77,Biryani,Chennai,683.57,26.66,0.0,710.23,Cash on Delivery,29,Delivered,3
ORD004229,2023-03-04,02:06:01,CUST7714,Restaurant_90,Beverages,Mumbai,476.24,61.47,0.0,537.71,Wallet,,Cancelled,
ORD004230,2023-07-01,04:22:13,CUST5405,Restaurant_19,Healthy Food,Jaipur,588.35,60.69,0.0,649.04,Credit Card,59,Delivered,5
ORD004231,2023-04-20,13:49:56,CUST5804,Restaurant_89,Desserts,Pune,792.44,41.67,0.0,834.11,Debit Card,46,Delivered,
ORD004232,2023-10-24,22:55:00,CUST5407,Restaurant_31,Biryani,Hyderabad,1474.54,69.83,139.81,1404.56,Credit Card,,Refunded,
ORD004233,2023-04-19,19:09:40,CUST6087,Restaurant_12,Street Food,Kolkata,1052.83,71.27,0.0,1124.1,Credit Card,46,Delivered,2
ORD004234,2023-09-27,09:19:39,CUST8135,Restaurant_97,Healthy Food,Hyderabad,869.25,84.3,84.29,869.26,Credit Card,,Cancelled,
ORD004235,2023-08-11,15:52:30,CUST5479,Restaurant_19,Beverages,Hyderabad,1194.71,80.18,81.29,1193.6,Credit Card,22,Delivered,3
ORD004236,2023-04-08,08:48:30,CUST4845,Restaurant_85,Italian,Jaipur,1021.39,25.28,0.0,1046.67,Debit Card,,Refunded,
ORD004237,2023-05-17,08:59:52,CUST5064,Restaurant_13,Fast Food,Chennai,450.44,83.1,0.0,533.54,Wallet,60,Delivered,3
ORD004238,2023-07-17,06:14:16,CUST1414,Restaurant_88,Italian,Delhi,617.45,69.17,93.88,592.74,UPI,,Refunded,
ORD004239,2023-07-28,09:46:09,CUST7653,Restaurant_24,Street Food,Ahmedabad,487.68,65.24,0.0,552.92,UPI,65,Delivered,5
ORD004240,2023-05-24,07:14:33,CUST6645,Restaurant_8,South Indian,Hyderabad,394.94,36.52,0.0,431.46,Debit Card,39,Delivered,2
ORD004241,2023-04-04,11:00:24,CUST6124,Restaurant_81,South Indian,Ahmedabad,889.8,84.4,0.0,974.2,Wallet,,Cancelled,
ORD004242,2023-12-27,07:41:30,CUST7449,Restaurant_53,Desserts,Delhi,441.03,20.83,0.0,461.86,Debit Card,57,Delivered,2
ORD004243,2023-05-20,01:53:02,CUST6892,Restaurant_60,Desserts,Mumbai,421.18,96.95,0.0,518.13,Cash on Delivery,40,Delivered,4
ORD004244,2023-02-19,10:20:10,CUST8963,Restaurant_55,Street Food,Jaipur,866.7,45.11,0.0,911.81,UPI,23,Delivered,2
ORD004245,2023-11-06,03:26:52,CUST2400,Restaurant_8,Fast Food,Jaipur,1287.4,93.36,60.99,1319.77,UPI,,Refunded,
ORD004246,2023-11-21,06:54:32,CUST7648,Restaurant_64,Healthy Food,Mumbai,377.67,28.15,0.0,405.82,UPI,16,Delivered,
ORD004247,2023-04-27,04:59:17,CUST9506,Restaurant_18,South Indian,Mumbai,957.9,75.69,0.0,1033.59,Debit Card,18,Delivered,
ORD004248,2023-10-14,01:46:33,CUST6741,Restaurant_27,Chinese,Pune,1003.16,61.38,0.0,1064.54,UPI,,Cancelled,
ORD004249,2023-05-17,09:51:06,CUST4495,Restaurant_28,Healthy Food,Jaipur,1080.13,78.25,143.9,1014.48,Wallet,,Cancelled,
ORD004250,2023-06-18,21:21:13,CUST7388,Restaurant_61,Fast Food,Ahmedabad,1436.82,41.84,28.08,1450.58,Wallet,29,Delivered,4
ORD004251,2023-11-17,10:55:01,CUST4248,Restaurant_35,Biryani,Kolkata,904.73,23.92,0.0,928.65,Debit Card,,Refunded,
ORD004252,2023-01-07,13:16:08,CUST9959,Restaurant_28,Biryani,Chennai,601.79,21.31,0.0,623.1,Credit Card,29,Delivered,
ORD004253,2023-08-26,23:49:30,CUST3319,Restaurant_75,Chinese,Hyderabad,1406.21,96.6,110.1,1392.71,Credit Card,53,Delivered,3
ORD004254,2023-11-03,02:09:43,CUST2054,Restaurant_11,South Indian,Chennai,1498.69,57.62,0.0,1556.31,UPI,,Cancelled,
ORD004255,2023-12-01,04:16:22,CUST3108,Restaurant_74,Fast Food,Mumbai,305.8,74.11,33.02,346.89,Cash on Delivery,,Refunded,
ORD004256,2023-10-29,01:48:22,CUST2472,Restaurant_27,Fast Food,Delhi,679.72,77.99,55.87,701.84,Credit Card,43,Delivered,2
ORD004257,2023-07-24,16:03:55,CUST9101,Restaurant_46,Chinese,Hyderabad,967.33,75.45,32.78,1010.0,Debit Card,56,Delivered,2
ORD004258,2023-08-29,22:27:55,CUST6734,Restaurant_11,Fast Food,Lucknow,1448.15,91.57,0.0,1539.72,Cash on Delivery,61,Delivered,2
ORD004259,2023-10-10,07:13:11,CUST9320,Restaurant_97,Street Food,Jaipur,896.27,76.24,0.0,972.51,UPI,,Refunded,
ORD004260,2023-01-16,21:36:13,CUST8102,Restaurant_81,Biryani,Delhi,950.34,24.71,0.0,975.05,Wallet,40,Delivered,
ORD004261,2023-02-07,18:09:53,CUST6974,Restaurant_65,Healthy Food,Chennai,827.95,92.7,0.0,920.65,Credit Card,,Cancelled,
ORD004262,2023-04-07,03:58:37,CUST5301,Restaurant_72,Desserts,Bengaluru,541.6,30.99,65.5,507.09,Debit Card,34,Delivered,
ORD004263,2023-12-24,20:43:51,CUST4003,Restaurant_26,Fast Food,Pune,1025.32,94.62,70.21,1049.73,Wallet,17,Delivered,2
ORD004264,2023-04-01,15:32:51,CUST7599,Restaurant_98,Beverages,Hyderabad,840.81,72.13,0.0,912.94,Credit Card,38,Delivered,1
ORD004265,2023-09-02,06:54:38,CUST9429,Restaurant_34,Chinese,Kolkata,769.03,39.31,19.22,789.12,Credit Card,37,Delivered,1
ORD004266,2023-03-16,17:07:32,CUST9952,Restaurant_93,Fast Food,Hyderabad,818.35,32.77,0.0,851.12,Wallet,22,Delivered,
ORD004267,2023-04-30,17:17:42,CUST5977,Restaurant_68,Biryani,Bengaluru,1388.08,89.51,0.0,1477.59,Wallet,37,Delivered,2
ORD004268,2023-11-23,01:29:36,CUST3505,Restaurant_70,Street Food,Bengaluru,1462.56,47.78,87.11,1423.23,Credit Card,43,Delivered,
ORD004269,2023-03-14,16:10:24,CUST8077,Restaurant_69,Healthy Food,Chennai,965.28,88.79,0.0,1054.07,Credit Card,,Refunded,
ORD004270,2023-01-15,16:26:10,CUST9772,Restaurant_30,Italian,Hyderabad,1416.42,59.22,0.0,1475.64,UPI,54,Delivered,5
ORD004271,2023-07-20,20:40:58,CUST1348,Restaurant_79,Beverages,Ahmedabad,1176.34,78.23,108.11,1146.46,Wallet,20,Delivered,5
ORD004272,2023-10-11,18:13:24,CUST6061,Restaurant_30,Desserts,Hyderabad,1376.08,34.63,144.73,1265.98,Wallet,61,Delivered,4
ORD004273,2023-04-03,09:54:58,CUST7072,Restaurant_36,Fast Food,Hyderabad,225.97,60.19,0.0,286.16,Wallet,,Cancelled,
ORD004274,2023-04-09,03:25:31,CUST8687,Restaurant_27,Italian,Lucknow,991.59,85.39,93.37,983.61,Wallet,40,Delivered,1
ORD004275,2023-12-28,03:30:24,CUST9667,Restaurant_72,Street Food,Lucknow,799.71,63.06,93.85,768.92,UPI,47,Delivered,
ORD004276,2023-10-18,02:51:09,CUST6531,Restaurant_54,Beverages,Bengaluru,1108.4,92.93,0.0,1201.33,Debit Card,23,Delivered,2
ORD004277,2023-10-29,04:27:29,CUST8166,Restaurant_76,Chinese,Ahmedabad,192.87,84.07,121.27,155.67,UPI,32,Delivered,
ORD004278,2023-08-25,19:33:38,CUST3469,Restaurant_10,Beverages,Delhi,843.31,20.21,0.0,863.52,Debit Card,16,Delivered,2
ORD004279,2023-10-01,22:10:00,CUST6996,Restaurant_28,Fast Food,Jaipur,1278.26,74.92,80.96,1272.22,Credit Card,61,Delivered,5
ORD004280,2023-06-07,07:30:00,CUST6913,Restaurant_85,Beverages,Pune,278.18,30.38,0.0,308.56,Wallet,,Cancelled,
ORD004281,2023-05-19,16:56:14,CUST6393,Restaurant_93,North Indian,Chennai,1009.69,42.07,0.0,1051.76,Credit Card,44,Delivered,
ORD004282,2023-12-07,00:03:58,CUST2880,Restaurant_89,Street Food,Kolkata,331.87,47.43,0.0,379.3,Cash on Delivery,42,Delivered,
ORD004283,2023-05-24,10:27:48,CUST5251,Restaurant_54,South Indian,Pune,424.05,87.41,0.0,511.46,Debit Card,,Cancelled,
ORD004284,2023-06-07,04:47:42,CUST4160,Restaurant_79,Biryani,Lucknow,1193.7,55.02,104.49,1144.23,Cash on Delivery,25,Delivered,1
ORD004285,2023-06-19,03:52:24,CUST3634,Restaurant_51,Street Food,Bengaluru,585.06,49.29,0.0,634.35,Debit Card,54,Delivered,1
ORD004286,2023-10-01,11:16:44,CUST8880,Restaurant_63,Beverages,Hyderabad,928.43,75.74,0.0,1004.17,Cash on Delivery,,Cancelled,
ORD004287,2023-11-10,13:17:52,CUST1755,Restaurant_48,Biryani,Ahmedabad,1390.05,31.72,62.49,1359.28,Cash on Delivery,20,Delivered,3
ORD004288,2023-04-20,05:20:16,CUST3617,Restaurant_42,South Indian,Lucknow,903.91,66.42,0.0,970.33,UPI,,Refunded,
ORD004289,2023-12-10,19:58:20,CUST4919,Restaurant_42,Italian,Chennai,1195.55,78.52,103.44,1170.63,Debit Card,15,Delivered,5
ORD004290,2023-02-24,04:44:58,CUST1859,Restaurant_26,Street Food,Ahmedabad,438.52,46.17,0.0,484.69,Cash on Delivery,31,Delivered,2
ORD004291,2023-07-05,17:31:05,CUST4190,Restaurant_74,South Indian,Ahmedabad,284.54,72.68,0.0,357.22,Wallet,41,Delivered,
ORD004292,2023-07-13,11:22:25,CUST5683,Restaurant_32,Fast Food,Lucknow,222.79,76.89,0.0,299.68,Wallet,,Cancelled,
ORD004293,2023-02-19,01:27:00,CUST3062,Restaurant_27,Desserts,Hyderabad,723.5,53.32,0.0,776.82,UPI,60,Delivered,4
ORD004294,2023-09-23,09:32:32,CUST3750,Restaurant_7,Italian,Jaipur,323.05,25.7,110.75,238.0,UPI,59,Delivered,4
ORD004295,2023-02-18,00:28:51,CUST6605,Restaurant_59,Desserts,Bengaluru,1320.1,93.63,0.0,1413.73,UPI,27,Delivered,2
ORD004296,2023-05-20,15:52:46,CUST7671,Restaurant_91,Italian,Delhi,862.02,35.6,0.0,897.62,Cash on Delivery,,Refunded,
ORD004297,2023-03-13,06:53:20,CUST1071,Restaurant_42,Italian,Kolkata,748.8,90.5,74.73,764.57,Wallet,41,Delivered,2
ORD004298,2023-01-08,05:35:55,CUST4485,Restaurant_58,Beverages,Kolkata,468.25,34.78,0.0,503.03,Credit Card,,Refunded,
ORD004299,2023-07-31,13:45:43,CUST9177,Restaurant_86,Fast Food,Ahmedabad,1374.2,40.58,17.03,1397.75,Credit Card,48,Delivered,2
ORD004300,2023-03-17,14:31:34,CUST8574,Restaurant_29,Italian,Jaipur,1106.44,85.2,0.0,1191.64,Credit Card,37,Delivered,4
ORD004301,2023-02-12,13:55:22,CUST6949,Restaurant_45,Beverages,Delhi,673.6,67.54,102.9,638.24,Wallet,25,Delivered,2
ORD004302,2023-09-18,03:46:20,CUST9286,Restaurant_11,Beverages,Ahmedabad,591.56,40.38,0.0,631.94,Credit Card,45,Delivered,4
ORD004303,2023-06-02,14:09:39,CUST1344,Restaurant_85,North Indian,Ahmedabad,583.83,87.03,0.0,670.86,Cash on Delivery,44,Delivered,4
ORD004304,2023-09-24,01:25:27,CUST2422,Restaurant_24,Beverages,Pune,789.99,67.65,0.0,857.64,Debit Card,26,Delivered,
ORD004305,2023-12-07,04:56:24,CUST3693,Restaurant_29,Healthy Food,Ahmedabad,692.99,90.16,97.74,685.41,Wallet,34,Delivered,3
ORD004306,2023-09-08,15:58:53,CUST6849,Restaurant_1,Biryani,Chennai,366.32,93.65,148.63,311.34,Wallet,22,Delivered,3
ORD004307,2023-07-03,21:49:26,CUST4542,Restaurant_21,Chinese,Lucknow,1463.14,20.33,0.0,1483.47,Credit Card,45,Delivered,2
ORD004308,2023-07-24,02:41:16,CUST8206,Restaurant_22,Biryani,Jaipur,809.63,67.41,0.0,877.04,Debit Card,,Refunded,
ORD004309,2023-12-22,01:04:21,CUST9123,Restaurant_95,Healthy Food,Delhi,802.5,90.37,0.0,892.87,Credit Card,20,Delivered,
ORD004310,2023-11-14,00:23:59,CUST7906,Restaurant_36,Healthy Food,Hyderabad,816.42,30.57,0.0,846.99,Cash on Delivery,34,Delivered,
ORD004311,2023-12-21,23:31:47,CUST7140,Restaurant_19,Street Food,Delhi,1364.29,45.92,42.58,1367.63,Debit Card,64,Delivered,4
ORD004312,2023-08-25,19:35:25,CUST2622,Restaurant_95,Beverages,Jaipur,1180.12,25.58,0.0,1205.7,UPI,28,Delivered,1
ORD004313,2023-09-14,17:53:32,CUST2921,Restaurant_90,Street Food,Jaipur,1219.09,50.96,67.99,1202.06,Credit Card,19,Delivered,3
ORD004314,2023-11-19,16:09:11,CUST3902,Restaurant_67,Biryani,Pune,1253.67,96.75,0.0,1350.42,UPI,,Refunded,
ORD004315,2023-06-19,09:25:24,CUST2695,Restaurant_12,North Indian,Delhi,1035.52,21.81,0.0,1057.33,Credit Card,16,Delivered,1
ORD004316,2023-10-22,04:31:46,CUST1562,Restaurant_65,Chinese,Hyderabad,1476.7,87.12,0.0,1563.82,UPI,,Refunded,
ORD004317,2023-10-31,13:53:31,CUST8661,Restaurant_76,North Indian,Ahmedabad,1104.58,58.4,0.0,1162.98,UPI,16,Delivered,1
ORD004318,2023-09-27,09:44:11,CUST7218,Restaurant_82,South Indian,Chennai,1011.22,89.05,61.9,1038.37,Cash on Delivery,53,Delivered,4
ORD004319,2023-08-11,02:08:21,CUST9724,Restaurant_43,South Indian,Mumbai,1237.24,24.96,0.0,1262.2,Debit Card,33,Delivered,3
ORD004320,2023-10-27,01:17:42,CUST7055,Restaurant_52,Beverages,Mumbai,458.02,88.56,17.61,528.97,Credit Card,,Cancelled,
ORD004321,2023-03-29,04:25:25,CUST4486,Restaurant_44,Chinese,Hyderabad,685.24,34.37,86.09,633.52,Credit Card,,Refunded,
ORD004322,2023-06-07,15:23:20,CUST1623,Restaurant_96,Biryani,Kolkata,1045.63,24.62,0.0,1070.25,Credit Card,,Cancelled,
ORD004323,2023-12-17,00:55:00,CUST2817,Restaurant_37,Healthy Food,Ahmedabad,204.63,21.31,0.0,225.94,Credit Card,,Refunded,
ORD004324,2023-02-06,15:56:34,CUST2904,Restaurant_87,Desserts,Delhi,349.33,25.04,0.0,374.37,Cash on Delivery,39,Delivered,5
ORD004325,2023-04-12,22:53:56,CUST7795,Restaurant_70,Beverages,Hyderabad,1216.87,72.63,11.57,1277.93,Debit Card,57,Delivered,
ORD004326,2023-01-25,17:13:22,CUST1245,Restaurant_66,Street Food,Pune,667.47,33.42,0.0,700.89,UPI,23,Delivered,5
ORD004327,2023-11-12,17:07:19,CUST4616,Restaurant_21,Healthy Food,Mumbai,1098.4,44.23,0.0,1142.63,UPI,56,Delivered,4
ORD004328,2023-10-05,12:54:13,CUST2409,Restaurant_71,Desserts,Jaipur,258.54,56.73,0.0,315.27,UPI,32,Delivered,1
ORD004329,2023-04-23,04:37:45,CUST4658,Restaurant_7,Beverages,Lucknow,1187.98,72.81,0.0,1260.79,UPI,41,Delivered,1
ORD004330,2023-01-27,18:11:19,CUST4412,Restaurant_8,Healthy Food,Pune,1070.57,71.62,0.0,1142.19,Cash on Delivery,20,Delivered,1
ORD004331,2023-03-29,19:49:24,CUST9836,Restaurant_28,Fast Food,Hyderabad,1313.53,47.32,0.0,1360.85,UPI,26,Delivered,1
ORD004332,2023-04-09,04:20:55,CUST8216,Restaurant_25,Beverages,Mumbai,190.66,44.22,123.28,111.6,Wallet,,Refunded,
ORD004333,2023-10-05,16:17:19,CUST9951,Restaurant_70,Healthy Food,Hyderabad,1291.2,71.64,0.0,1362.84,Credit Card,52,Delivered,5
ORD004334,2023-11-16,17:33:13,CUST5893,Restaurant_71,South Indian,Ahmedabad,806.02,25.99,119.4,712.61,Debit Card,44,Delivered,
ORD004335,2023-01-17,09:27:16,CUST6111,Restaurant_4,South Indian,Lucknow,508.13,21.76,0.0,529.89,Wallet,57,Delivered,5
ORD004336,2023-09-11,19:35:44,CUST7260,Restaurant_86,Fast Food,Kolkata,1005.84,67.37,0.0,1073.21,UPI,18,Delivered,3
ORD004337,2023-08-24,17:11:13,CUST6477,Restaurant_91,South Indian,Bengaluru,220.78,49.07,0.0,269.85,Wallet,15,Delivered,
ORD004338,2023-09-08,19:32:16,CUST7006,Restaurant_82,Healthy Food,Hyderabad,606.37,76.24,0.0,682.61,Cash on Delivery,37,Delivered,1
ORD004339,2023-09-22,17:42:45,CUST6083,Restaurant_52,North Indian,Hyderabad,801.89,55.72,0.0,857.61,Wallet,53,Delivered,5
ORD004340,2023-12-11,23:51:43,CUST6569,Restaurant_24,Fast Food,Bengaluru,306.36,27.9,0.0,334.26,Debit Card,,Refunded,
ORD004341,2023-03-13,05:48:39,CUST7831,Restaurant_8,Street Food,Delhi,816.37,77.27,36.19,857.45,UPI,37,Delivered,1
ORD004342,2023-01-30,13:43:18,CUST4818,Restaurant_53,Street Food,Kolkata,1142.22,82.27,0.0,1224.49,Credit Card,43,Delivered,1
ORD004343,2023-03-06,10:13:15,CUST5744,Restaurant_60,Desserts,Pune,550.1,54.47,0.0,604.57,UPI,,Cancelled,
ORD004344,2023-06-09,06:45:56,CUST3460,Restaurant_10,Beverages,Hyderabad,923.14,28.57,0.0,951.71,Credit Card,,Cancelled,
ORD004345,2023-08-25,21:06:42,CUST1293,Restaurant_27,South Indian,Delhi,422.96,92.79,82.04,433.71,Credit Card,48,Delivered,2
ORD004346,2023-06-10,19:14:45,CUST2799,Restaurant_22,Biryani,Delhi,214.84,58.89,0.0,273.73,Wallet,,Cancelled,
ORD004347,2023-07-15,21:56:05,CUST5304,Restaurant_15,Desserts,Jaipur,1409.55,81.16,0.0,1490.71,Debit Card,38,Delivered,
ORD004348,2023-03-01,09:13:42,CUST3695,Restaurant_56,Fast Food,Hyderabad,966.25,82.4,0.0,1048.65,Cash on Delivery,46,Delivered,2
ORD004349,2023-07-19,17:30:08,CUST4090,Restaurant_77,Chinese,Mumbai,645.69,69.79,0.0,715.48,Credit Card,59,Delivered,2
ORD004350,2023-07-07,05:05:16,CUST7599,Restaurant_45,Healthy Food,Bengaluru,1281.38,70.47,0.0,1351.85,Debit Card,46,Delivered,3
ORD004351,2023-10-23,21:20:29,CUST9676,Restaurant_95,Desserts,Jaipur,405.76,53.81,126.65,332.92,Cash on Delivery,53,Delivered,4
ORD004352,2023-03-29,18:20:55,CUST1347,Restaurant_28,Chinese,Lucknow,980.59,67.09,0.0,1047.68,Wallet,37,Delivered,5
ORD004353,2023-06-25,06:28:35,CUST9811,Restaurant_41,Biryani,Lucknow,389.95,85.34,0.0,475.29,UPI,53,Delivered,5
ORD004354,2023-11-18,08:51:04,CUST6373,Restaurant_95,Street Food,Bengaluru,1412.3,37.88,0.0,1450.18,Debit Card,,Cancelled,
ORD004355,2023-05-05,23:11:33,CUST1489,Restaurant_8,Fast Food,Hyderabad,180.15,71.6,44.14,207.61,UPI,49,Delivered,4
ORD004356,2023-12-05,04:45:10,CUST5620,Restaurant_65,Desserts,Lucknow,1484.35,21.93,0.0,1506.28,Debit Card,20,Delivered,3
ORD004357,2023-09-08,04:02:31,CUST5210,Restaurant_71,Desserts,Chennai,1494.83,94.03,0.0,1588.86,Cash on Delivery,,Cancelled,
ORD004358,2023-07-16,06:45:49,CUST9662,Restaurant_83,Italian,Lucknow,1414.11,91.87,145.2,1360.78,Cash on Delivery,61,Delivered,2
ORD004359,2023-08-26,14:21:03,CUST8329,Restaurant_90,Italian,Jaipur,170.52,81.6,0.0,252.12,Wallet,28,Delivered,
ORD004360,2023-01-17,07:20:24,CUST1093,Restaurant_19,Biryani,Jaipur,1457.2,47.88,0.0,1505.08,Wallet,54,Delivered,
ORD004361,2023-05-06,18:14:23,CUST3280,Restaurant_16,Italian,Hyderabad,886.02,58.42,0.0,944.44,Debit Card,45,Delivered,5
ORD004362,2023-03-12,21:44:42,CUST4920,Restaurant_97,South Indian,Bengaluru,1408.73,28.33,0.0,1437.06,Cash on Delivery,,Cancelled,
ORD004363,2023-10-08,09:57:36,CUST3267,Restaurant_64,Desserts,Kolkata,607.09,49.6,74.86,581.83,Wallet,,Refunded,
ORD004364,2023-06-19,07:07:50,CUST8160,Restaurant_84,South Indian,Kolkata,1060.04,25.46,0.0,1085.5,Cash on Delivery,24,Delivered,5
ORD004365,2023-03-14,18:05:47,CUST6910,Restaurant_22,Chinese,Ahmedabad,1071.02,67.2,17.72,1120.5,Wallet,,Cancelled,
ORD004366,2023-07-06,10:58:33,CUST5092,Restaurant_25,Chinese,Lucknow,1376.44,51.77,0.0,1428.21,Cash on Delivery,52,Delivered,
ORD004367,2023-06-09,20:08:12,CUST6591,Restaurant_34,North Indian,Jaipur,540.73,65.24,149.19,456.78,Cash on Delivery,65,Delivered,4
ORD004368,2023-03-03,09:06:55,CUST5657,Restaurant_27,Italian,Chennai,692.92,61.46,0.0,754.38,Credit Card,27,Delivered,2
ORD004369,2023-02-12,10:12:50,CUST3943,Restaurant_74,Italian,Bengaluru,706.08,53.89,0.0,759.97,Credit Card,34,Delivered,2
ORD004370,2023-10-25,07:08:14,CUST4363,Restaurant_5,Italian,Jaipur,1204.55,64.92,64.82,1204.65,Cash on Delivery,38,Delivered,3
ORD004371,2023-04-21,16:37:03,CUST6870,Restaurant_60,Desserts,Lucknow,1458.76,63.6,0.0,1522.36,Credit Card,23,Delivered,5
ORD004372,2023-09-26,11:26:40,CUST2566,Restaurant_18,Street Food,Jaipur,727.17,58.19,0.0,785.36,UPI,,Cancelled,
ORD004373,2023-11-29,01:54:20,CUST8420,Restaurant_5,Street Food,Hyderabad,671.11,22.43,0.0,693.54,Cash on Delivery,21,Delivered,4
ORD004374,2023-08-15,00:10:51,CUST5688,Restaurant_17,Desserts,Pune,1409.69,26.13,0.0,1435.82,UPI,20,Delivered,5
ORD004375,2023-10-26,09:56:48,CUST5656,Restaurant_67,Beverages,Chennai,1353.74,99.4,140.66,1312.48,Wallet,36,Delivered,4
ORD004376,2023-08-30,19:17:47,CUST9377,Restaurant_78,Biryani,Hyderabad,1250.04,70.01,0.0,1320.05,Debit Card,47,Delivered,3
ORD004377,2023-10-07,02:36:52,CUST1600,Restaurant_13,Desserts,Kolkata,677.11,49.02,38.64,687.49,UPI,53,Delivered,3
ORD004378,2023-04-21,15:34:20,CUST2641,Restaurant_21,North Indian,Hyderabad,1298.44,68.44,0.0,1366.88,UPI,63,Delivered,2
ORD004379,2023-09-09,14:20:28,CUST7778,Restaurant_68,Chinese,Mumbai,299.1,31.01,148.23,181.88,Credit Card,19,Delivered,5
ORD004380,2023-05-31,19:18:28,CUST2241,Restaurant_22,North Indian,Kolkata,864.18,28.97,108.15,785.0,Wallet,,Refunded,
ORD004381,2023-01-06,04:29:37,CUST3057,Restaurant_54,Street Food,Mumbai,446.72,38.63,14.35,471.0,UPI,33,Delivered,3
ORD004382,2023-10-25,22:56:41,CUST1571,Restaurant_57,Desserts,Jaipur,1085.35,91.16,0.0,1176.51,Cash on Delivery,52,Delivered,1
ORD004383,2023-01-03,13:03:43,CUST7581,Restaurant_32,North Indian,Bengaluru,332.71,33.25,137.74,228.22,Wallet,29,Delivered,3
ORD004384,2023-11-04,12:51:46,CUST7773,Restaurant_70,North Indian,Chennai,800.17,87.38,0.0,887.55,Wallet,35,Delivered,
ORD004385,2023-11-19,05:40:03,CUST2766,Restaurant_28,Italian,Delhi,1199.41,74.66,0.0,1274.07,Cash on Delivery,,Cancelled,
ORD004386,2023-08-02,00:09:30,CUST1464,Restaurant_88,Italian,Lucknow,816.06,59.87,21.59,854.34,UPI,31,Delivered,2
ORD004387,2023-11-22,18:42:59,CUST9298,Restaurant_85,North Indian,Hyderabad,335.15,31.73,51.54,315.34,Wallet,19,Delivered,2
ORD004388,2023-09-03,17:34:44,CUST4401,Restaurant_81,Italian,Mumbai,151.93,83.82,0.0,235.75,UPI,,Cancelled,
ORD004389,2023-09-17,14:28:21,CUST1433,Restaurant_95,Fast Food,Jaipur,537.71,50.18,0.0,587.89,Wallet,42,Delivered,4
ORD004390,2023-05-28,21:51:58,CUST2638,Restaurant_94,Chinese,Kolkata,918.35,74.97,0.0,993.32,UPI,59,Delivered,5
ORD004391,2023-03-18,07:31:01,CUST5260,Restaurant_88,Biryani,Jaipur,496.85,91.44,10.51,577.78,Cash on Delivery,56,Delivered,4
ORD004392,2023-03-27,17:03:26,CUST9445,Restaurant_46,South Indian,Hyderabad,1380.44,66.6,0.0,1447.04,Cash on Delivery,41,Delivered,1
ORD004393,2023-05-22,18:25:36,CUST9553,Restaurant_13,Beverages,Lucknow,1017.55,93.71,0.0,1111.26,Cash on Delivery,,Refunded,
ORD004394,2023-06-15,06:49:40,CUST4260,Restaurant_51,Italian,Hyderabad,590.07,55.32,0.0,645.39,Cash on Delivery,,Refunded,
ORD004395,2023-12-10,23:22:24,CUST2009,Restaurant_69,Beverages,Bengaluru,728.22,28.45,0.0,756.67,UPI,45,Delivered,3
ORD004396,2023-06-06,03:28:58,CUST6407,Restaurant_14,Desserts,Ahmedabad,1099.24,66.64,0.0,1165.88,Debit Card,17,Delivered,3
ORD004397,2023-01-09,02:29:06,CUST7388,Restaurant_29,Street Food,Lucknow,1002.13,48.46,70.49,980.1,UPI,36,Delivered,2
ORD004398,2023-11-05,02:03:24,CUST2639,Restaurant_4,Italian,Pune,621.55,24.3,0.0,645.85,Credit Card,,Cancelled,
ORD004399,2023-01-31,05:51:09,CUST8099,Restaurant_10,Fast Food,Ahmedabad,382.97,21.23,0.0,404.2,Cash on Delivery,24,Delivered,1
ORD004400,2023-12-16,17:57:05,CUST2815,Restaurant_98,North Indian,Bengaluru,607.68,67.76,0.0,675.44,UPI,,Cancelled,
ORD004401,2023-02-19,12:12:32,CUST2073,Restaurant_28,Chinese,Bengaluru,396.2,88.16,0.0,484.36,Wallet,42,Delivered,3
ORD004402,2023-09-17,20:50:22,CUST6337,Restaurant_70,South Indian,Kolkata,292.49,50.79,48.75,294.53,Debit Card,26,Delivered,4
ORD004403,2023-12-29,07:57:55,CUST3072,Restaurant_83,South Indian,Mumbai,872.61,58.71,0.0,931.32,UPI,50,Delivered,4
ORD004404,2023-05-11,08:05:25,CUST4095,Restaurant_23,Biryani,Delhi,341.14,63.67,0.0,404.81,Wallet,65,Delivered,1
ORD004405,2023-11-25,14:29:38,CUST1481,Restaurant_66,Chinese,Kolkata,1457.57,86.65,0.0,1544.22,Debit Card,34,Delivered,2
ORD004406,2023-04-25,01:36:48,CUST6678,Restaurant_57,Street Food,Delhi,860.17,43.09,0.0,903.26,Credit Card,19,Delivered,5
ORD004407,2023-08-16,15:25:48,CUST6142,Restaurant_3,Street Food,Lucknow,175.55,91.96,0.0,267.51,Cash on Delivery,50,Delivered,3
ORD004408,2023-05-22,20:55:55,CUST3206,Restaurant_32,Chinese,Jaipur,1147.56,77.48,0.0,1225.04,Cash on Delivery,,Cancelled,
ORD004409,2023-03-02,02:25:52,CUST1580,Restaurant_51,Chinese,Lucknow,1344.57,99.68,0.0,1444.25,UPI,57,Delivered,4
ORD004410,2023-01-01,15:17:47,CUST1617,Restaurant_52,South Indian,Ahmedabad,1133.78,78.51,0.0,1212.29,Wallet,,Cancelled,
ORD004411,2023-06-16,16:56:33,CUST2414,Restaurant_74,Biryani,Bengaluru,888.14,99.86,0.0,988.0,Wallet,,Refunded,
ORD004412,2023-07-05,02:39:30,CUST5861,Restaurant_74,Italian,Delhi,1475.4,95.83,101.19,1470.04,Wallet,43,Delivered,1
ORD004413,2023-07-24,06:50:37,CUST3186,Restaurant_11,Street Food,Delhi,1065.91,24.15,0.0,1090.06,Wallet,45,Delivered,3
ORD004414,2023-12-24,01:46:17,CUST9292,Restaurant_51,Desserts,Bengaluru,811.28,87.8,54.32,844.76,Cash on Delivery,55,Delivered,5
ORD004415,2023-03-26,23:55:39,CUST3176,Restaurant_15,Street Food,Chennai,726.76,33.76,0.0,760.52,Debit Card,45,Delivered,
ORD004416,2023-11-17,11:38:08,CUST4196,Restaurant_6,Biryani,Hyderabad,1387.33,99.85,0.0,1487.18,Cash on Delivery,,Refunded,
ORD004417,2023-02-24,21:02:30,CUST2094,Restaurant_56,Beverages,Lucknow,312.98,72.75,0.0,385.73,Credit Card,56,Delivered,5
ORD004418,2023-12-15,14:56:25,CUST1202,Restaurant_4,Italian,Ahmedabad,238.94,22.45,0.0,261.39,Credit Card,52,Delivered,2
ORD004419,2023-03-31,06:36:38,CUST6603,Restaurant_33,Chinese,Delhi,929.41,41.84,0.0,971.25,Credit Card,55,Delivered,5
ORD004420,2023-02-10,06:06:21,CUST3266,Restaurant_85,Street Food,Lucknow,949.78,62.43,0.0,1012.21,Cash on Delivery,33,Delivered,3
ORD004421,2023-01-22,17:14:33,CUST6103,Restaurant_16,Beverages,Jaipur,1440.61,78.31,56.09,1462.83,Cash on Delivery,59,Delivered,5
ORD004422,2023-01-10,12:34:11,CUST2334,Restaurant_34,South Indian,Pune,1040.91,34.88,0.0,1075.79,Wallet,44,Delivered,4
ORD004423,2023-10-14,01:48:15,CUST7369,Restaurant_96,Beverages,Delhi,474.58,24.66,103.59,395.65,Credit Card,23,Delivered,
ORD004424,2023-10-02,09:06:34,CUST3703,Restaurant_66,South Indian,Hyderabad,980.61,63.86,0.0,1044.47,Wallet,,Refunded,
ORD004425,2023-10-17,10:44:45,CUST8038,Restaurant_81,Biryani,Jaipur,384.07,54.1,0.0,438.17,Debit Card,,Cancelled,
ORD004426,2023-05-07,09:30:11,CUST8066,Restaurant_43,Italian,Mumbai,1226.45,54.82,0.0,1281.27,Credit Card,50,Delivered,4
ORD004427,2023-12-27,05:32:01,CUST8275,Restaurant_100,Chinese,Chennai,814.14,34.12,0.0,848.26,Cash on Delivery,26,Delivered,2
ORD004428,2023-05-25,20:24:31,CUST6650,Restaurant_7,Desserts,Bengaluru,1258.0,38.06,13.15,1282.91,UPI,,Refunded,
ORD004429,2023-10-08,03:33:09,CUST4494,Restaurant_19,Chinese,Mumbai,163.9,71.89,0.0,235.79,UPI,,Cancelled,
ORD004430,2023-01-12,19:13:23,CUST5600,Restaurant_64,Beverages,Chennai,1381.61,38.14,0.0,1419.75,Wallet,33,Delivered,4
ORD004431,2023-07-24,07:12:34,CUST3496,Restaurant_36,Fast Food,Ahmedabad,908.94,25.33,0.0,934.27,Wallet,,Cancelled,
ORD004432,2023-12-20,21:21:21,CUST9158,Restaurant_59,Chinese,Jaipur,894.11,30.46,89.34,835.23,Wallet,34,Delivered,2
ORD004433,2023-03-04,22:27:28,CUST2809,Restaurant_8,Street Food,Delhi,1372.6,39.25,0.0,1411.85,UPI,61,Delivered,
ORD004434,2023-12-07,18:12:57,CUST2490,Restaurant_66,Desserts,Pune,875.89,59.67,0.0,935.56,Cash on Delivery,,Refunded,
ORD004435,2023-07-29,07:30:48,CUST4608,Restaurant_60,South Indian,Pune,1068.25,60.66,0.0,1128.91,Wallet,19,Delivered,
ORD004436,2023-05-06,01:16:31,CUST6067,Restaurant_57,Biryani,Ahmedabad,1045.88,53.29,138.18,960.99,UPI,25,Delivered,3
ORD004437,2023-07-04,09:12:52,CUST9632,Restaurant_54,Desserts,Kolkata,393.15,32.37,139.33,286.19,Wallet,,Refunded,
ORD004438,2023-12-14,23:08:35,CUST1971,Restaurant_14,Street Food,Hyderabad,734.38,40.71,35.62,739.47,Credit Card,,Refunded,
ORD004439,2023-09-15,12:38:38,CUST6908,Restaurant_59,South Indian,Kolkata,860.84,30.55,0.0,891.39,Wallet,21,Delivered,
ORD004440,2023-01-20,14:48:52,CUST1673,Restaurant_27,South Indian,Ahmedabad,1275.93,34.73,136.62,1174.04,UPI,48,Delivered,1
ORD004441,2023-03-20,10:43:35,CUST5499,Restaurant_16,Chinese,Mumbai,281.69,80.32,0.0,362.01,UPI,17,Delivered,4
ORD004442,2023-03-28,11:57:02,CUST9831,Restaurant_80,Street Food,Pune,922.69,78.49,140.02,861.16,Debit Card,42,Delivered,1
ORD004443,2023-03-10,10:20:49,CUST2177,Restaurant_11,Desserts,Ahmedabad,315.61,22.77,135.77,202.61,UPI,56,Delivered,
ORD004444,2023-05-06,01:59:28,CUST1040,Restaurant_20,Biryani,Chennai,293.92,37.5,0.0,331.42,UPI,60,Delivered,
ORD004445,2023-01-15,13:58:25,CUST1015,Restaurant_28,Chinese,Pune,1065.69,82.42,0.0,1148.11,Wallet,18,Delivered,4
ORD004446,2023-04-03,11:33:04,CUST1910,Restaurant_75,Italian,Jaipur,384.3,37.99,16.21,406.08,Debit Card,23,Delivered,2
ORD004447,2023-11-16,16:32:44,CUST3330,Restaurant_53,Desserts,Pune,1023.99,63.44,0.0,1087.43,UPI,35,Delivered,5
ORD004448,2023-11-24,01:20:29,CUST7680,Restaurant_19,Italian,Lucknow,1377.34,73.6,0.0,1450.94,Cash on Delivery,34,Delivered,4
ORD004449,2023-09-17,15:42:58,CUST1760,Restaurant_35,Beverages,Delhi,1334.49,59.06,0.0,1393.55,Credit Card,35,Delivered,1
ORD004450,2023-03-03,03:15:03,CUST3398,Restaurant_87,Street Food,Pune,634.82,73.23,77.69,630.36,Wallet,,Refunded,
ORD004451,2023-09-16,00:00:04,CUST6219,Restaurant_8,Biryani,Kolkata,154.68,85.35,52.79,187.24,Cash on Delivery,26,Delivered,4
ORD004452,2023-03-06,20:53:49,CUST4858,Restaurant_25,Street Food,Lucknow,339.87,67.42,124.32,282.97,UPI,,Refunded,
ORD004453,2023-12-09,11:00:42,CUST7313,Restaurant_64,North Indian,Ahmedabad,1296.12,77.74,0.0,1373.86,Cash on Delivery,,Cancelled,
ORD004454,2023-01-21,08:01:38,CUST1208,Restaurant_5,Italian,Pune,912.34,21.29,0.0,933.63,Cash on Delivery,17,Delivered,2
ORD004455,2023-07-16,20:32:13,CUST4014,Restaurant_94,North Indian,Lucknow,451.63,81.42,135.39,397.66,Credit Card,,Cancelled,
ORD004456,2023-12-18,23:10:23,CUST5022,Restaurant_19,Chinese,Hyderabad,586.85,94.93,0.0,681.78,Cash on Delivery,24,Delivered,1
ORD004457,2023-06-12,00:46:14,CUST8137,Restaurant_4,Street Food,Ahmedabad,976.39,24.44,0.0,1000.83,Debit Card,32,Delivered,5
ORD004458,2023-05-09,19:39:16,CUST8909,Restaurant_34,Desserts,Chennai,1206.25,87.21,0.0,1293.46,Wallet,56,Delivered,3
ORD004459,2023-10-31,20:52:24,CUST9968,Restaurant_1,Beverages,Chennai,399.89,84.56,0.0,484.45,Credit Card,58,Delivered,1
ORD004460,2023-03-09,23:25:36,CUST4041,Restaurant_39,Beverages,Hyderabad,594.67,39.09,0.0,633.76,Debit Card,16,Delivered,1
ORD004461,2023-11-02,19:54:19,CUST8473,Restaurant_91,North Indian,Bengaluru,370.24,44.63,51.67,363.2,Cash on Delivery,41,Delivered,5
ORD004462,2023-01-11,08:17:59,CUST1217,Restaurant_63,Healthy Food,Ahmedabad,854.23,29.53,58.21,825.55,Cash on Delivery,18,Delivered,2
ORD004463,2023-04-08,02:28:54,CUST6955,Restaurant_5,Desserts,Delhi,1074.03,44.07,0.0,1118.1,Cash on Delivery,,Cancelled,
ORD004464,2023-07-10,23:16:16,CUST3261,Restaurant_1,Beverages,Mumbai,1458.67,25.52,0.0,1484.19,Credit Card,28,Delivered,2
ORD004465,2023-11-13,14:41:00,CUST9698,Restaurant_89,Fast Food,Kolkata,732.56,54.77,0.0,787.33,Cash on Delivery,33,Delivered,4
ORD004466,2023-04-21,01:43:19,CUST8222,Restaurant_23,Desserts,Lucknow,1335.98,65.72,0.0,1401.7,Cash on Delivery,54,Delivered,2
ORD004467,2023-11-13,10:09:46,CUST5484,Restaurant_57,Italian,Kolkata,701.69,41.36,93.32,649.73,Debit Card,41,Delivered,1
ORD004468,2023-09-06,08:34:30,CUST1829,Restaurant_15,Beverages,Lucknow,195.67,95.07,0.0,290.74,Cash on Delivery,42,Delivered,
ORD004469,2023-09-25,06:12:28,CUST5235,Restaurant_69,Fast Food,Hyderabad,1017.66,96.62,146.66,967.62,Cash on Delivery,39,Delivered,3
ORD004470,2023-01-04,18:29:44,CUST1952,Restaurant_82,Biryani,Bengaluru,268.19,50.59,0.0,318.78,Debit Card,65,Delivered,
ORD004471,2023-10-24,17:38:52,CUST7284,Restaurant_74,North Indian,Delhi,722.9,93.87,35.21,781.56,UPI,,Cancelled,
ORD004472,2023-11-30,07:11:04,CUST2402,Restaurant_7,Street Food,Jaipur,496.75,37.21,0.0,533.96,Debit Card,41,Delivered,5
ORD004473,2023-11-24,11:43:42,CUST8845,Restaurant_16,Italian,Ahmedabad,609.4,67.38,0.0,676.78,Debit Card,,Cancelled,
ORD004474,2023-01-24,01:36:55,CUST7758,Restaurant_55,South Indian,Bengaluru,927.5,22.21,0.0,949.71,Cash on Delivery,,Refunded,
ORD004475,2023-07-05,16:12:22,CUST8161,Restaurant_95,Desserts,Delhi,961.07,79.11,0.0,1040.18,Wallet,,Cancelled,
ORD004476,2023-07-14,02:15:15,CUST3339,Restaurant_98,South Indian,Delhi,267.43,66.46,67.99,265.9,Debit Card,47,Delivered,1
ORD004477,2023-12-26,10:52:09,CUST6877,Restaurant_20,Desserts,Ahmedabad,683.85,50.26,0.0,734.11,Credit Card,,Refunded,
ORD004478,2023-01-17,01:23:50,CUST6098,Restaurant_7,Biryani,Bengaluru,1080.64,91.36,0.0,1172.0,Debit Card,,Refunded,
ORD004479,2023-01-26,23:39:13,CUST3958,Restaurant_27,Chinese,Jaipur,964.68,50.48,99.85,915.31,Wallet,15,Delivered,1
ORD004480,2023-10-27,13:06:53,CUST3409,Restaurant_15,Chinese,Pune,339.5,87.02,0.0,426.52,Cash on Delivery,59,Delivered,3
ORD004481,2023-08-11,23:38:21,CUST2622,Restaurant_7,Street Food,Ahmedabad,1466.99,39.97,125.19,1381.77,Debit Card,22,Delivered,3
ORD004482,2023-10-03,01:22:20,CUST5176,Restaurant_64,Italian,Kolkata,880.33,80.83,0.0,961.16,Cash on Delivery,61,Delivered,4
ORD004483,2023-04-07,06:36:35,CUST8617,Restaurant_21,Biryani,Lucknow,917.9,36.42,0.0,954.32,Debit Card,,Refunded,
ORD004484,2023-05-14,21:10:08,CUST1368,Restaurant_9,Healthy Food,Delhi,169.59,73.42,140.82,102.19,Cash on Delivery,35,Delivered,2
ORD004485,2023-01-23,14:19:48,CUST6577,Restaurant_90,South Indian,Pune,1416.95,28.36,0.0,1445.31,Debit Card,50,Delivered,
ORD004486,2023-08-15,03:17:13,CUST3075,Restaurant_31,Street Food,Mumbai,862.76,74.62,90.72,846.66,Wallet,,Cancelled,
ORD004487,2023-03-13,21:58:03,CUST3792,Restaurant_90,Street Food,Kolkata,545.55,63.66,118.05,491.16,Credit Card,45,Delivered,5
ORD004488,2023-07-05,14:38:45,CUST1152,Restaurant_17,Healthy Food,Lucknow,683.27,27.11,0.0,710.38,Debit Card,42,Delivered,4
ORD004489,2023-07-14,15:11:19,CUST5245,Restaurant_90,Beverages,Hyderabad,531.01,45.75,0.0,576.76,Credit Card,,Refunded,
ORD004490,2023-07-08,16:05:42,CUST7929,Restaurant_12,Street Food,Bengaluru,1400.89,74.02,0.0,1474.91,Cash on Delivery,26,Delivered,
ORD004491,2023-11-10,22:10:12,CUST5982,Restaurant_90,Healthy Food,Lucknow,1006.76,68.75,0.0,1075.51,Cash on Delivery,,Cancelled,
ORD004492,2023-03-23,03:59:00,CUST9646,Restaurant_73,Biryani,Ahmedabad,705.42,22.9,0.0,728.32,Debit Card,48,Delivered,5
ORD004493,2023-06-25,22:47:13,CUST1046,Restaurant_76,Street Food,Ahmedabad,1174.9,28.38,0.0,1203.28,UPI,47,Delivered,5
ORD004494,2023-03-30,10:59:37,CUST5197,Restaurant_97,Healthy Food,Chennai,372.84,66.91,58.09,381.66,Wallet,64,Delivered,5
ORD004495,2023-11-02,07:31:14,CUST8362,Restaurant_4,Biryani,Bengaluru,1220.72,21.48,0.0,1242.2,Credit Card,20,Delivered,1
ORD004496,2023-10-17,01:09:52,CUST6021,Restaurant_77,Beverages,Jaipur,604.9,62.56,0.0,667.46,UPI,52,Delivered,5
ORD004497,2023-10-21,17:42:11,CUST2334,Restaurant_19,Healthy Food,Lucknow,1317.58,46.22,127.43,1236.37,Credit Card,,Cancelled,
ORD004498,2023-04-10,15:18:28,CUST3926,Restaurant_27,Biryani,Lucknow,602.1,61.86,0.0,663.96,Credit Card,29,Delivered,
ORD004499,2023-09-12,02:17:26,CUST1884,Restaurant_63,Street Food,Jaipur,436.79,82.27,93.89,425.17,Wallet,,Refunded,
ORD004500,2023-11-20,16:24:17,CUST8359,Restaurant_2,Street Food,Jaipur,1312.0,40.66,0.0,1352.66,Cash on Delivery,54,Delivered,1
ORD004501,2023-05-14,13:45:23,CUST7071,Restaurant_56,Biryani,Delhi,970.59,60.77,0.0,1031.36,Cash on Delivery,30,Delivered,3
ORD004502,2023-01-27,13:46:49,CUST2651,Restaurant_81,Healthy Food,Kolkata,1000.03,66.79,0.0,1066.82,Debit Card,60,Delivered,3
ORD004503,2023-02-06,04:19:17,CUST7859,Restaurant_53,Fast Food,Jaipur,518.16,67.03,115.89,469.3,UPI,64,Delivered,2
ORD004504,2023-06-25,12:19:32,CUST3453,Restaurant_92,Beverages,Kolkata,1157.39,46.15,25.69,1177.85,UPI,50,Delivered,3
ORD004505,2023-02-23,18:46:24,CUST7451,Restaurant_95,Biryani,Bengaluru,1451.55,54.04,0.0,1505.59,Debit Card,17,Delivered,3
ORD004506,2023-12-26,02:46:02,CUST7691,Restaurant_93,Street Food,Lucknow,1259.76,66.85,0.0,1326.61,Wallet,,Refunded,
ORD004507,2023-11-08,20:07:53,CUST4530,Restaurant_5,Chinese,Hyderabad,990.5,95.7,0.0,1086.2,Cash on Delivery,30,Delivered,1
ORD004508,2023-05-29,12:56:46,CUST4940,Restaurant_71,Biryani,Jaipur,456.04,49.13,0.0,505.17,Cash on Delivery,51,Delivered,1
ORD004509,2023-10-10,09:50:25,CUST9086,Restaurant_2,Biryani,Hyderabad,1478.52,38.19,0.0,1516.71,Credit Card,,Cancelled,
ORD004510,2023-11-11,13:44:32,CUST3246,Restaurant_7,Italian,Bengaluru,667.58,63.2,0.0,730.78,UPI,44,Delivered,1
ORD004511,2023-12-30,15:57:49,CUST3419,Restaurant_36,South Indian,Ahmedabad,1229.75,25.14,100.43,1154.46,Wallet,40,Delivered,4
ORD004512,2023-07-30,16:30:36,CUST7374,Restaurant_22,Chinese,Chennai,1142.43,48.81,0.0,1191.24,Credit Card,63,Delivered,5
ORD004513,2023-09-09,06:44:54,CUST8812,Restaurant_6,Fast Food,Pune,945.95,49.98,134.64,861.29,Debit Card,60,Delivered,3
ORD004514,2023-07-31,20:46:01,CUST8449,Restaurant_35,Desserts,Hyderabad,1254.6,74.23,78.04,1250.79,Cash on Delivery,64,Delivered,3
ORD004515,2023-08-17,23:01:59,CUST1089,Restaurant_100,Desserts,Pune,984.37,29.12,0.0,1013.49,UPI,,Cancelled,
ORD004516,2023-07-26,09:11:10,CUST9427,Restaurant_38,Biryani,Lucknow,741.56,46.7,0.0,788.26,Wallet,45,Delivered,
ORD004517,2023-06-15,00:31:37,CUST4187,Restaurant_52,Beverages,Lucknow,1275.48,93.79,125.83,1243.44,Credit Card,53,Delivered,3
ORD004518,2023-06-11,11:24:29,CUST4633,Restaurant_17,Biryani,Hyderabad,528.21,23.96,0.0,552.17,Cash on Delivery,18,Delivered,
ORD004519,2023-07-29,01:26:22,CUST9107,Restaurant_29,Italian,Pune,1327.26,93.72,93.12,1327.86,UPI,39,Delivered,2
ORD004520,2023-10-06,13:56:29,CUST9672,Restaurant_96,South Indian,Bengaluru,737.07,52.56,109.15,680.48,Credit Card,,Cancelled,
ORD004521,2023-09-05,06:09:58,CUST2357,Restaurant_12,Desserts,Jaipur,1251.82,54.26,0.0,1306.08,Wallet,,Refunded,
ORD004522,2023-05-11,23:25:31,CUST1207,Restaurant_98,Biryani,Jaipur,729.31,73.99,0.0,803.3,Credit Card,,Refunded,
ORD004523,2023-06-13,09:33:51,CUST5716,Restaurant_56,Chinese,Mumbai,1225.12,26.26,65.38,1186.0,UPI,17,Delivered,3
ORD004524,2023-02-11,06:09:54,CUST6506,Restaurant_92,Street Food,Mumbai,189.18,28.8,0.0,217.98,Cash on Delivery,52,Delivered,
ORD004525,2023-06-13,04:54:14,CUST1329,Restaurant_41,Desserts,Hyderabad,983.28,96.61,0.0,1079.89,UPI,,Refunded,
ORD004526,2023-01-27,19:12:49,CUST5909,Restaurant_56,Biryani,Lucknow,1062.55,24.59,0.0,1087.14,Debit Card,15,Delivered,1
ORD004527,2023-03-05,12:59:05,CUST1558,Restaurant_88,Healthy Food,Bengaluru,400.49,63.28,0.0,463.77,Wallet,,Refunded,
ORD004528,2023-03-30,05:24:27,CUST2116,Restaurant_68,Fast Food,Hyderabad,1189.77,60.06,63.74,1186.09,Cash on Delivery,19,Delivered,1
ORD004529,2023-10-29,00:45:51,CUST6632,Restaurant_57,Desserts,Jaipur,780.76,24.02,126.1,678.68,Credit Card,42,Delivered,2
ORD004530,2023-10-25,21:06:48,CUST6057,Restaurant_60,Biryani,Kolkata,888.21,72.03,117.97,842.27,Credit Card,38,Delivered,4
ORD004531,2023-09-17,23:21:15,CUST7118,Restaurant_100,Beverages,Ahmedabad,1043.11,46.06,0.0,1089.17,Debit Card,,Cancelled,
ORD004532,2023-08-07,22:20:35,CUST4967,Restaurant_81,North Indian,Jaipur,965.05,68.51,0.0,1033.56,Cash on Delivery,40,Delivered,1
ORD004533,2023-03-19,13:13:11,CUST4274,Restaurant_14,Chinese,Bengaluru,1225.05,28.76,0.0,1253.81,Debit Card,36,Delivered,1
ORD004534,2023-10-01,16:50:20,CUST1226,Restaurant_61,North Indian,Chennai,255.88,93.33,0.0,349.21,Credit Card,41,Delivered,2
ORD004535,2023-10-14,08:13:39,CUST8438,Restaurant_16,Biryani,Delhi,219.1,35.53,68.48,186.15,UPI,28,Delivered,2
ORD004536,2023-09-29,06:50:06,CUST6856,Restaurant_26,Desserts,Hyderabad,860.2,67.96,0.0,928.16,Wallet,15,Delivered,
ORD004537,2023-01-08,08:03:44,CUST3132,Restaurant_37,North Indian,Delhi,670.75,46.26,0.0,717.01,Credit Card,53,Delivered,5
ORD004538,2023-05-27,01:03:28,CUST1788,Restaurant_88,Biryani,Kolkata,813.28,73.23,130.68,755.83,Credit Card,,Cancelled,
ORD004539,2023-09-18,07:42:24,CUST6807,Restaurant_98,South Indian,Lucknow,1404.97,43.02,0.0,1447.99,Credit Card,56,Delivered,2
ORD004540,2023-10-05,17:15:59,CUST6755,Restaurant_35,Beverages,Pune,441.37,43.54,0.0,484.91,UPI,47,Delivered,2
ORD004541,2023-12-24,06:30:38,CUST3827,Restaurant_7,Healthy Food,Mumbai,1198.12,38.4,0.0,1236.52,Wallet,48,Delivered,
ORD004542,2023-11-28,04:09:47,CUST1531,Restaurant_96,Italian,Lucknow,173.75,51.3,0.0,225.05,Cash on Delivery,,Cancelled,
ORD004543,2023-12-04,01:04:10,CUST6734,Restaurant_87,Biryani,Ahmedabad,443.3,56.03,40.0,459.33,Debit Card,53,Delivered,
ORD004544,2023-06-09,08:35:32,CUST3959,Restaurant_94,Chinese,Bengaluru,1381.55,82.61,0.0,1464.16,Credit Card,63,Delivered,5
ORD004545,2023-06-15,21:03:53,CUST3684,Restaurant_12,Street Food,Chennai,807.11,62.32,0.0,869.43,Wallet,28,Delivered,1
ORD004546,2023-08-06,03:06:37,CUST2186,Restaurant_68,Street Food,Ahmedabad,838.68,23.75,0.0,862.43,UPI,36,Delivered,3
ORD004547,2023-04-27,00:51:26,CUST1438,Restaurant_34,Healthy Food,Ahmedabad,215.85,50.33,0.0,266.18,Credit Card,47,Delivered,1
ORD004548,2023-12-14,15:32:42,CUST7670,Restaurant_85,South Indian,Lucknow,755.69,63.22,128.56,690.35,Debit Card,34,Delivered,
ORD004549,2023-12-22,09:29:49,CUST3319,Restaurant_34,Italian,Pune,643.9,89.29,0.0,733.19,UPI,,Cancelled,
ORD004550,2023-06-12,06:46:28,CUST3708,Restaurant_96,South Indian,Ahmedabad,498.15,49.39,14.48,533.06,Credit Card,30,Delivered,4
ORD004551,2023-09-21,04:03:44,CUST3883,Restaurant_100,Street Food,Bengaluru,1109.38,47.25,83.03,1073.6,UPI,54,Delivered,3
ORD004552,2023-12-29,22:00:19,CUST6240,Restaurant_66,Chinese,Chennai,395.88,57.31,0.0,453.19,Credit Card,,Cancelled,
ORD004553,2023-12-25,06:11:00,CUST3579,Restaurant_49,Italian,Kolkata,1072.67,88.57,16.39,1144.85,Wallet,,Cancelled,
ORD004554,2023-06-11,02:07:30,CUST4621,Restaurant_49,South Indian,Jaipur,505.77,72.56,65.43,512.9,Debit Card,27,Delivered,
ORD004555,2023-12-26,09:11:29,CUST9675,Restaurant_43,Beverages,Hyderabad,1393.69,34.99,0.0,1428.68,Cash on Delivery,,Cancelled,
ORD004556,2023-03-28,11:27:39,CUST6402,Restaurant_17,South Indian,Mumbai,1434.78,34.21,0.0,1468.99,Debit Card,,Refunded,
ORD004557,2023-01-18,22:21:17,CUST6276,Restaurant_70,South Indian,Chennai,711.26,41.56,0.0,752.82,Credit Card,64,Delivered,2
ORD004558,2023-04-12,22:14:18,CUST5324,Restaurant_90,North Indian,Jaipur,605.84,38.82,20.33,624.33,UPI,,Refunded,
ORD004559,2023-08-28,08:08:05,CUST1036,Restaurant_2,Street Food,Kolkata,1180.92,84.21,93.5,1171.63,Cash on Delivery,39,Delivered,
ORD004560,2023-11-28,18:03:25,CUST2404,Restaurant_28,Healthy Food,Lucknow,751.47,28.34,116.66,663.15,Cash on Delivery,55,Delivered,4
ORD004561,2023-07-10,08:15:23,CUST7167,Restaurant_2,South Indian,Mumbai,1236.67,79.46,126.85,1189.28,Cash on Delivery,17,Delivered,5
ORD004562,2023-09-24,18:15:01,CUST8803,Restaurant_17,Desserts,Mumbai,681.03,40.17,0.0,721.2,Debit Card,31,Delivered,4
ORD004563,2023-01-06,21:03:42,CUST4403,Restaurant_68,Desserts,Hyderabad,1155.84,55.36,0.0,1211.2,Wallet,37,Delivered,2
ORD004564,2023-01-20,09:13:45,CUST9763,Restaurant_49,Healthy Food,Lucknow,505.04,36.12,0.0,541.16,UPI,,Cancelled,
ORD004565,2023-02-10,05:58:02,CUST5526,Restaurant_97,Italian,Kolkata,1074.93,22.58,0.0,1097.51,Credit Card,17,Delivered,5
ORD004566,2023-03-24,01:07:49,CUST3023,Restaurant_44,Beverages,Mumbai,720.57,82.81,0.0,803.38,Credit Card,,Refunded,
ORD004567,2023-08-15,10:14:42,CUST1319,Restaurant_34,Biryani,Ahmedabad,372.45,42.96,0.0,415.41,Wallet,,Refunded,
ORD004568,2023-10-12,09:18:56,CUST1443,Restaurant_95,Fast Food,Ahmedabad,1084.67,31.82,0.0,1116.49,Wallet,17,Delivered,1
ORD004569,2023-06-13,16:01:31,CUST2206,Restaurant_96,Biryani,Hyderabad,792.07,57.4,122.62,726.85,Cash on Delivery,,Refunded,
ORD004570,2023-08-30,16:39:59,CUST7332,Restaurant_74,Biryani,Delhi,967.04,26.85,0.0,993.89,Wallet,,Refunded,
ORD004571,2023-12-17,08:39:20,CUST8097,Restaurant_20,Biryani,Ahmedabad,254.79,35.54,0.0,290.33,Cash on Delivery,52,Delivered,3
ORD004572,2023-06-19,04:22:53,CUST7157,Restaurant_6,Italian,Mumbai,646.48,56.93,0.0,703.41,Wallet,50,Delivered,2
ORD004573,2023-07-12,05:59:22,CUST2539,Restaurant_6,North Indian,Bengaluru,734.85,76.04,0.0,810.89,Cash on Delivery,,Refunded,
ORD004574,2023-07-22,19:01:10,CUST3739,Restaurant_48,Healthy Food,Lucknow,775.26,25.94,0.0,801.2,Cash on Delivery,,Refunded,
ORD004575,2023-03-14,15:41:31,CUST1993,Restaurant_98,Biryani,Mumbai,1494.36,62.91,0.0,1557.27,Debit Card,,Cancelled,
ORD004576,2023-06-03,23:11:57,CUST8046,Restaurant_64,Desserts,Bengaluru,1123.43,76.84,0.0,1200.27,UPI,,Cancelled,
ORD004577,2023-06-07,05:49:35,CUST4551,Restaurant_59,South Indian,Chennai,1260.83,66.92,0.0,1327.75,Wallet,40,Delivered,3
ORD004578,2023-09-20,01:17:50,CUST7056,Restaurant_16,South Indian,Delhi,1462.26,82.32,0.0,1544.58,Credit Card,,Cancelled,
ORD004579,2023-06-10,19:18:01,CUST7110,Restaurant_41,Desserts,Hyderabad,926.12,66.77,0.0,992.89,Credit Card,49,Delivered,
ORD004580,2023-04-15,18:53:30,CUST9504,Restaurant_75,Street Food,Delhi,838.35,99.98,0.0,938.33,Debit Card,36,Delivered,5
ORD004581,2023-08-23,01:30:07,CUST8086,Restaurant_76,North Indian,Hyderabad,408.94,93.59,0.0,502.53,Debit Card,20,Delivered,1
ORD004582,2023-10-22,11:02:27,CUST8299,Restaurant_40,North Indian,Hyderabad,497.51,37.92,0.0,535.43,UPI,24,Delivered,1
ORD004583,2023-06-25,16:36:07,CUST2844,Restaurant_4,North Indian,Ahmedabad,1456.53,64.82,0.0,1521.35,Debit Card,57,Delivered,
ORD004584,2023-11-03,23:57:06,CUST2848,Restaurant_75,Biryani,Lucknow,1280.6,64.07,0.0,1344.67,Wallet,45,Delivered,4
ORD004585,2023-09-01,20:55:51,CUST3723,Restaurant_63,Beverages,Delhi,1475.62,30.67,127.67,1378.62,Credit Card,,Cancelled,
ORD004586,2023-10-16,13:17:36,CUST6179,Restaurant_86,Desserts,Lucknow,991.45,36.33,0.0,1027.78,Debit Card,32,Delivered,
ORD004587,2023-01-03,22:26:01,CUST1329,Restaurant_7,South Indian,Lucknow,1294.46,63.64,0.0,1358.1,UPI,,Refunded,
ORD004588,2023-10-28,20:33:54,CUST7820,Restaurant_83,Healthy Food,Kolkata,298.52,90.96,0.0,389.48,Cash on Delivery,32,Delivered,2
ORD004589,2023-08-28,19:14:17,CUST4017,Restaurant_66,Chinese,Lucknow,1014.68,84.28,0.0,1098.96,Credit Card,55,Delivered,3
ORD004590,2023-12-06,07:57:40,CUST7975,Restaurant_42,Biryani,Hyderabad,1389.71,39.03,0.0,1428.74,Credit Card,,Cancelled,
ORD004591,2023-06-13,17:55:34,CUST6101,Restaurant_6,Street Food,Kolkata,663.47,43.24,0.0,706.71,Credit Card,29,Delivered,
ORD004592,2023-12-03,10:18:07,CUST2008,Restaurant_58,Desserts,Hyderabad,737.22,73.67,0.0,810.89,Cash on Delivery,36,Delivered,1
ORD004593,2023-10-14,15:17:53,CUST3365,Restaurant_29,Biryani,Jaipur,672.8,76.41,0.0,749.21,UPI,44,Delivered,3
ORD004594,2023-07-09,02:06:04,CUST5481,Restaurant_3,Beverages,Bengaluru,523.65,34.39,89.92,468.12,UPI,64,Delivered,2
ORD004595,2023-11-26,16:28:28,CUST6276,Restaurant_89,Italian,Bengaluru,347.83,86.06,87.11,346.78,Cash on Delivery,,Refunded,
ORD004596,2023-11-19,20:09:00,CUST8086,Restaurant_14,Italian,Hyderabad,476.38,58.41,0.0,534.79,Wallet,29,Delivered,
ORD004597,2023-02-06,21:52:45,CUST8507,Restaurant_68,Street Food,Bengaluru,1238.63,63.53,0.0,1302.16,UPI,57,Delivered,2
ORD004598,2023-02-26,14:44:46,CUST8223,Restaurant_13,Fast Food,Pune,617.05,38.94,0.0,655.99,Debit Card,,Cancelled,
ORD004599,2023-05-28,07:44:43,CUST2621,Restaurant_14,South Indian,Kolkata,483.95,83.87,0.0,567.82,Debit Card,,Cancelled,
ORD004600,2023-06-12,03:37:35,CUST2688,Restaurant_47,South Indian,Bengaluru,1369.56,70.83,0.0,1440.39,Debit Card,60,Delivered,3
ORD004601,2023-04-04,11:57:14,CUST9142,Restaurant_96,South Indian,Pune,375.06,52.76,80.68,347.14,Cash on Delivery,38,Delivered,3
ORD004602,2023-02-04,20:01:03,CUST8249,Restaurant_54,South Indian,Jaipur,272.95,57.48,0.0,330.43,Debit Card,26,Delivered,2
ORD004603,2023-12-08,20:02:37,CUST9153,Restaurant_14,Chinese,Hyderabad,775.44,78.51,0.0,853.95,Wallet,15,Delivered,1
ORD004604,2023-08-05,03:33:20,CUST9435,Restaurant_88,North Indian,Kolkata,150.62,26.91,44.87,132.66,Cash on Delivery,50,Delivered,2
ORD004605,2023-11-12,02:11:22,CUST4164,Restaurant_66,Fast Food,Jaipur,492.61,77.98,41.18,529.41,UPI,33,Delivered,2
ORD004606,2023-06-20,06:16:16,CUST2969,Restaurant_19,North Indian,Pune,308.07,90.07,0.0,398.14,Cash on Delivery,,Refunded,
ORD004607,2023-01-25,04:10:24,CUST1304,Restaurant_39,Italian,Pune,718.37,50.39,0.0,768.76,Debit Card,50,Delivered,2
ORD004608,2023-11-12,06:28:13,CUST1902,Restaurant_51,Fast Food,Pune,773.82,32.93,68.56,738.19,UPI,,Refunded,
ORD004609,2023-02-25,09:31:08,CUST5130,Restaurant_10,Italian,Lucknow,1286.11,66.77,0.0,1352.88,Wallet,29,Delivered,5
ORD004610,2023-12-19,21:55:33,CUST3437,Restaurant_88,Beverages,Jaipur,283.89,92.97,136.75,240.11,UPI,65,Delivered,2
ORD004611,2023-01-05,07:02:05,CUST6008,Restaurant_14,Healthy Food,Chennai,1359.92,63.63,0.0,1423.55,UPI,38,Delivered,1
ORD004612,2023-12-29,04:54:17,CUST9019,Restaurant_40,South Indian,Hyderabad,1058.99,35.86,0.0,1094.85,Credit Card,30,Delivered,4
ORD004613,2023-12-24,16:55:50,CUST1895,Restaurant_11,Healthy Food,Delhi,963.59,21.16,88.23,896.52,UPI,15,Delivered,1
ORD004614,2023-08-14,11:51:51,CUST8610,Restaurant_4,Italian,Ahmedabad,1255.09,45.88,0.0,1300.97,Credit Card,49,Delivered,
ORD004615,2023-12-24,01:10:55,CUST4890,Restaurant_7,Desserts,Chennai,240.15,71.4,0.0,311.55,UPI,45,Delivered,1
ORD004616,2023-03-03,11:35:22,CUST1728,Restaurant_43,Street Food,Pune,912.94,52.18,0.0,965.12,UPI,,Cancelled,
ORD004617,2023-08-03,01:15:56,CUST9044,Restaurant_25,Desserts,Pune,377.65,46.19,0.0,423.84,Cash on Delivery,40,Delivered,1
ORD004618,2023-10-26,13:16:52,CUST5325,Restaurant_16,Chinese,Bengaluru,489.36,87.92,131.39,445.89,Cash on Delivery,54,Delivered,1
ORD004619,2023-09-25,22:49:21,CUST6774,Restaurant_58,Fast Food,Jaipur,824.65,80.91,142.72,762.84,Debit Card,63,Delivered,2
ORD004620,2023-01-15,17:25:08,CUST4882,Restaurant_79,North Indian,Chennai,538.92,70.61,77.97,531.56,Credit Card,20,Delivered,2
ORD004621,2023-08-31,02:42:24,CUST4357,Restaurant_21,Beverages,Ahmedabad,576.56,49.07,139.44,486.19,Credit Card,37,Delivered,4
ORD004622,2023-12-27,05:42:23,CUST7286,Restaurant_58,Healthy Food,Ahmedabad,390.73,28.69,0.0,419.42,UPI,,Refunded,
ORD004623,2023-08-24,02:13:29,CUST4914,Restaurant_93,Beverages,Delhi,686.04,84.73,73.3,697.47,Wallet,36,Delivered,4
ORD004624,2023-09-09,13:06:20,CUST4758,Restaurant_26,North Indian,Jaipur,1024.97,57.42,0.0,1082.39,Credit Card,30,Delivered,4
ORD004625,2023-09-03,03:03:28,CUST4302,Restaurant_59,Biryani,Pune,901.29,20.2,0.0,921.49,Cash on Delivery,36,Delivered,
ORD004626,2023-01-25,00:18:28,CUST9220,Restaurant_91,North Indian,Ahmedabad,1122.7,35.68,0.0,1158.38,Debit Card,59,Delivered,1
ORD004627,2023-10-09,10:53:46,CUST3504,Restaurant_76,Italian,Hyderabad,836.49,56.0,0.0,892.49,Cash on Delivery,47,Delivered,5
ORD004628,2023-11-22,02:03:54,CUST7296,Restaurant_18,North Indian,Lucknow,1192.78,63.27,140.71,1115.34,Debit Card,,Refunded,
ORD004629,2023-12-09,00:55:05,CUST1879,Restaurant_16,South Indian,Delhi,957.42,48.83,0.0,1006.25,Debit Card,44,Delivered,
ORD004630,2023-09-27,23:33:51,CUST4896,Restaurant_32,Beverages,Kolkata,223.72,40.32,0.0,264.04,UPI,,Cancelled,
ORD004631,2023-09-22,22:34:12,CUST6933,Restaurant_37,Desserts,Jaipur,818.2,25.42,0.0,843.62,Cash on Delivery,,Refunded,
ORD004632,2023-09-05,03:41:07,CUST5624,Restaurant_60,Italian,Ahmedabad,642.55,34.71,0.0,677.26,Cash on Delivery,25,Delivered,1
ORD004633,2023-06-17,22:43:02,CUST3500,Restaurant_64,Street Food,Pune,701.63,69.28,0.0,770.91,Wallet,,Cancelled,
ORD004634,2023-08-30,18:39:52,CUST9323,Restaurant_4,Desserts,Lucknow,450.69,95.48,0.0,546.17,Wallet,61,Delivered,5
ORD004635,2023-05-18,04:21:56,CUST3644,Restaurant_57,Street Food,Ahmedabad,207.68,61.88,0.0,269.56,Cash on Delivery,49,Delivered,3
ORD004636,2023-12-20,08:42:26,CUST5958,Restaurant_82,South Indian,Pune,168.42,30.21,84.3,114.33,Cash on Delivery,53,Delivered,3
ORD004637,2023-04-04,11:02:43,CUST1299,Restaurant_56,Beverages,Kolkata,1135.03,46.18,0.0,1181.21,Credit Card,61,Delivered,2
ORD004638,2023-03-10,19:11:11,CUST5843,Restaurant_19,South Indian,Ahmedabad,1279.06,46.34,89.63,1235.77,Credit Card,18,Delivered,5
ORD004639,2023-04-30,07:10:18,CUST8024,Restaurant_44,North Indian,Kolkata,1116.13,68.87,43.3,1141.7,Credit Card,,Cancelled,
ORD004640,2023-07-31,20:04:08,CUST3630,Restaurant_61,Beverages,Delhi,677.75,47.61,0.0,725.36,Wallet,51,Delivered,4
ORD004641,2023-07-15,08:21:48,CUST6919,Restaurant_74,North Indian,Jaipur,628.89,73.56,0.0,702.45,Wallet,42,Delivered,2
ORD004642,2023-10-05,23:35:03,CUST8909,Restaurant_92,North Indian,Pune,1381.03,40.13,0.0,1421.16,Wallet,38,Delivered,3
ORD004643,2023-10-29,20:33:05,CUST8594,Restaurant_31,Italian,Chennai,1027.59,95.48,0.0,1123.07,Credit Card,37,Delivered,1
ORD004644,2023-07-23,07:09:14,CUST7716,Restaurant_59,South Indian,Lucknow,643.49,29.81,0.0,673.3,UPI,,Refunded,
ORD004645,2023-07-21,03:01:25,CUST6207,Restaurant_41,Fast Food,Pune,448.21,91.57,0.0,539.78,UPI,21,Delivered,
ORD004646,2023-02-08,20:41:15,CUST8676,Restaurant_79,South Indian,Bengaluru,380.21,76.35,0.0,456.56,UPI,,Refunded,
ORD004647,2023-06-06,05:19:10,CUST2205,Restaurant_64,Healthy Food,Pune,1482.72,96.7,0.0,1579.42,Credit Card,31,Delivered,4
ORD004648,2023-12-29,16:21:20,CUST7331,Restaurant_59,Fast Food,Mumbai,1375.25,60.4,0.0,1435.65,Wallet,20,Delivered,4
ORD004649,2023-09-02,07:21:30,CUST4434,Restaurant_16,Italian,Hyderabad,1289.89,54.57,0.0,1344.46,UPI,39,Delivered,1
ORD004650,2023-09-02,16:19:06,CUST2837,Restaurant_27,Fast Food,Chennai,661.65,69.33,123.29,607.69,Cash on Delivery,52,Delivered,
ORD004651,2023-07-27,20:42:07,CUST6067,Restaurant_33,Fast Food,Pune,1487.1,74.09,0.0,1561.19,Wallet,,Cancelled,
ORD004652,2023-02-14,04:50:13,CUST9136,Restaurant_14,Beverages,Delhi,680.47,32.3,0.0,712.77,Wallet,49,Delivered,4
ORD004653,2023-12-16,18:12:49,CUST8556,Restaurant_21,South Indian,Pune,1329.71,84.31,78.88,1335.14,Wallet,34,Delivered,2
ORD004654,2023-09-02,00:24:04,CUST1382,Restaurant_17,Biryani,Lucknow,1267.59,65.07,115.96,1216.7,Wallet,33,Delivered,2
ORD004655,2023-10-12,13:08:05,CUST5999,Restaurant_61,Biryani,Kolkata,1146.15,62.68,134.14,1074.69,Cash on Delivery,52,Delivered,4
ORD004656,2023-09-10,15:50:29,CUST3592,Restaurant_68,Biryani,Chennai,892.61,97.8,140.31,850.1,Wallet,38,Delivered,4
ORD004657,2023-11-11,01:11:31,CUST2151,Restaurant_86,Italian,Delhi,1421.04,27.93,0.0,1448.97,Debit Card,,Refunded,
ORD004658,2023-10-16,21:01:15,CUST9285,Restaurant_50,Fast Food,Hyderabad,403.02,71.1,0.0,474.12,Debit Card,,Cancelled,
ORD004659,2023-06-12,19:38:21,CUST7298,Restaurant_46,Desserts,Pune,1439.97,61.02,131.55,1369.44,Debit Card,,Cancelled,
ORD004660,2023-02-05,14:20:51,CUST8064,Restaurant_75,Healthy Food,Hyderabad,1234.08,28.73,0.0,1262.81,UPI,20,Delivered,5
ORD004661,2023-06-28,05:35:21,CUST6317,Restaurant_29,North Indian,Pune,805.87,91.19,91.58,805.48,Wallet,16,Delivered,5
ORD004662,2023-02-16,00:27:51,CUST5214,Restaurant_28,Fast Food,Kolkata,1226.85,92.09,54.92,1264.02,Credit Card,17,Delivered,
ORD004663,2023-08-26,05:21:36,CUST7697,Restaurant_65,Beverages,Chennai,786.28,85.19,0.0,871.47,Debit Card,,Refunded,
ORD004664,2023-07-15,16:18:40,CUST4901,Restaurant_96,Italian,Delhi,510.11,75.29,116.46,468.94,Debit Card,,Cancelled,
ORD004665,2023-12-16,20:52:38,CUST2198,Restaurant_89,Fast Food,Jaipur,724.75,33.13,0.0,757.88,Cash on Delivery,29,Delivered,1
ORD004666,2023-04-29,13:26:57,CUST1354,Restaurant_79,South Indian,Ahmedabad,234.31,97.06,0.0,331.37,Debit Card,63,Delivered,4
ORD004667,2023-08-06,13:22:22,CUST1494,Restaurant_36,Fast Food,Mumbai,1152.9,71.33,0.0,1224.23,Debit Card,27,Delivered,2
ORD004668,2023-05-23,02:39:22,CUST9329,Restaurant_48,Healthy Food,Mumbai,921.82,53.39,0.0,975.21,Credit Card,,Cancelled,
ORD004669,2023-12-26,07:25:38,CUST7760,Restaurant_13,Fast Food,Jaipur,697.28,36.06,0.0,733.34,Cash on Delivery,,Cancelled,
ORD004670,2023-12-20,14:13:31,CUST4076,Restaurant_100,Street Food,Hyderabad,944.95,60.77,0.0,1005.72,Credit Card,26,Delivered,
ORD004671,2023-01-30,12:36:24,CUST3241,Restaurant_17,South Indian,Chennai,795.44,53.18,47.17,801.45,Cash on Delivery,46,Delivered,3
ORD004672,2023-07-24,13:39:10,CUST7029,Restaurant_77,North Indian,Lucknow,693.36,55.23,0.0,748.59,Wallet,28,Delivered,1
ORD004673,2023-02-23,21:11:16,CUST3161,Restaurant_57,Fast Food,Lucknow,945.94,93.05,0.0,1038.99,Cash on Delivery,18,Delivered,2
ORD004674,2023-11-21,00:19:22,CUST9676,Restaurant_84,Beverages,Lucknow,986.15,95.26,123.85,957.56,Credit Card,18,Delivered,1
ORD004675,2023-12-23,12:00:30,CUST3567,Restaurant_12,Desserts,Lucknow,410.61,68.3,0.0,478.91,Cash on Delivery,34,Delivered,5
ORD004676,2023-07-26,07:07:01,CUST9213,Restaurant_34,Street Food,Delhi,151.13,61.18,71.16,141.15,UPI,28,Delivered,
ORD004677,2023-03-13,12:08:33,CUST4202,Restaurant_27,Chinese,Chennai,586.43,38.79,45.19,580.03,Wallet,36,Delivered,4
ORD004678,2023-04-07,11:36:15,CUST5443,Restaurant_5,Street Food,Kolkata,1021.19,26.95,0.0,1048.14,UPI,64,Delivered,2
ORD004679,2023-04-02,17:39:10,CUST3833,Restaurant_93,North Indian,Ahmedabad,1361.78,63.03,141.15,1283.66,Credit Card,38,Delivered,
ORD004680,2023-02-13,23:12:47,CUST6251,Restaurant_45,Italian,Pune,1008.85,72.84,0.0,1081.69,Wallet,42,Delivered,1
ORD004681,2023-10-15,09:49:54,CUST5000,Restaurant_63,South Indian,Bengaluru,358.45,66.1,0.0,424.55,Wallet,35,Delivered,
ORD004682,2023-07-12,17:19:12,CUST3890,Restaurant_61,Beverages,Ahmedabad,1440.09,44.77,0.0,1484.86,Credit Card,59,Delivered,
ORD004683,2023-01-01,02:14:07,CUST4524,Restaurant_64,Street Food,Lucknow,760.12,23.76,111.18,672.7,Credit Card,55,Delivered,1
ORD004684,2023-05-03,10:59:08,CUST8804,Restaurant_68,Street Food,Ahmedabad,1234.9,57.54,130.42,1162.02,Credit Card,59,Delivered,3
ORD004685,2023-09-19,16:17:22,CUST3834,Restaurant_78,North Indian,Ahmedabad,1474.41,43.72,0.0,1518.13,Credit Card,,Refunded,
ORD004686,2023-02-20,16:38:32,CUST7645,Restaurant_23,North Indian,Delhi,541.85,65.6,0.0,607.45,Credit Card,,Refunded,
ORD004687,2023-08-02,14:59:32,CUST4501,Restaurant_49,Desserts,Pune,1148.14,66.49,76.35,1138.28,Credit Card,,Cancelled,
ORD004688,2023-05-22,20:29:48,CUST1342,Restaurant_95,Street Food,Jaipur,922.14,56.01,0.0,978.15,Debit Card,19,Delivered,5
ORD004689,2023-02-01,12:47:38,CUST4231,Restaurant_2,Italian,Kolkata,584.62,66.18,0.0,650.8,Credit Card,,Refunded,
ORD004690,2023-01-30,02:13:56,CUST6401,Restaurant_57,Beverages,Lucknow,506.15,74.85,44.19,536.81,Cash on Delivery,43,Delivered,
ORD004691,2023-04-04,20:02:09,CUST8387,Restaurant_49,Beverages,Ahmedabad,1110.5,45.0,19.3,1136.2,Debit Card,28,Delivered,2
ORD004692,2023-01-05,22:10:40,CUST4229,Restaurant_20,South Indian,Mumbai,657.25,99.44,108.41,648.28,Debit Card,40,Delivered,
ORD004693,2023-04-16,15:46:25,CUST9166,Restaurant_30,South Indian,Hyderabad,1044.98,40.97,0.0,1085.95,Debit Card,61,Delivered,3
ORD004694,2023-04-22,09:27:15,CUST2596,Restaurant_67,North Indian,Jaipur,338.02,41.61,0.0,379.63,Cash on Delivery,41,Delivered,4
ORD004695,2023-04-24,03:44:51,CUST6330,Restaurant_92,Chinese,Lucknow,1046.15,68.81,107.94,1007.02,Debit Card,47,Delivered,
ORD004696,2023-11-07,23:51:30,CUST6983,Restaurant_98,Desserts,Chennai,1214.97,57.27,0.0,1272.24,Wallet,42,Delivered,5
ORD004697,2023-04-26,02:25:07,CUST4305,Restaurant_84,North Indian,Pune,531.19,25.79,0.0,556.98,Cash on Delivery,41,Delivered,2
ORD004698,2023-10-24,19:11:31,CUST1369,Restaurant_8,Italian,Hyderabad,1435.58,94.08,28.91,1500.75,Debit Card,45,Delivered,2
ORD004699,2023-12-05,16:05:59,CUST7442,Restaurant_71,Desserts,Hyderabad,736.52,88.03,0.0,824.55,UPI,,Cancelled,
ORD004700,2023-04-10,15:36:36,CUST1886,Restaurant_45,Beverages,Mumbai,1328.07,71.03,61.79,1337.31,UPI,,Cancelled,
ORD004701,2023-10-17,08:35:00,CUST3044,Restaurant_50,Chinese,Chennai,212.79,60.45,0.0,273.24,Credit Card,57,Delivered,5
ORD004702,2023-05-24,16:31:02,CUST8779,Restaurant_3,Desserts,Delhi,595.28,48.85,0.0,644.13,Credit Card,22,Delivered,2
ORD004703,2023-07-09,14:03:03,CUST4626,Restaurant_36,Fast Food,Pune,448.05,46.05,145.16,348.94,UPI,42,Delivered,3
ORD004704,2023-05-04,13:02:24,CUST3793,Restaurant_72,South Indian,Jaipur,231.14,36.25,66.18,201.21,Cash on Delivery,,Cancelled,
ORD004705,2023-08-12,17:31:45,CUST2336,Restaurant_53,South Indian,Jaipur,723.02,72.92,0.0,795.94,Cash on Delivery,36,Delivered,2
ORD004706,2023-07-15,09:26:49,CUST2660,Restaurant_24,Fast Food,Ahmedabad,659.15,99.66,57.5,701.31,Cash on Delivery,33,Delivered,
ORD004707,2023-07-04,12:54:49,CUST6412,Restaurant_96,South Indian,Delhi,1326.93,61.56,0.0,1388.49,Cash on Delivery,52,Delivered,
ORD004708,2023-03-18,22:35:11,CUST1741,Restaurant_98,Healthy Food,Mumbai,1116.2,88.11,0.0,1204.31,Wallet,48,Delivered,3
ORD004709,2023-01-29,21:39:49,CUST4490,Restaurant_39,Biryani,Delhi,1071.14,43.55,0.0,1114.69,Credit Card,53,Delivered,2
ORD004710,2023-06-24,06:35:17,CUST7841,Restaurant_34,Street Food,Kolkata,1314.3,90.64,95.33,1309.61,Credit Card,,Refunded,
ORD004711,2023-06-05,10:57:15,CUST9308,Restaurant_21,Street Food,Pune,1352.48,35.11,111.51,1276.08,Debit Card,56,Delivered,
ORD004712,2023-08-18,22:53:17,CUST4929,Restaurant_27,Desserts,Bengaluru,821.0,23.27,25.91,818.36,Debit Card,62,Delivered,1
ORD004713,2023-09-15,16:18:07,CUST8261,Restaurant_59,South Indian,Bengaluru,1120.15,49.55,0.0,1169.7,Wallet,17,Delivered,
ORD004714,2023-07-15,13:34:26,CUST7167,Restaurant_13,Fast Food,Lucknow,1093.65,24.33,0.0,1117.98,UPI,,Refunded,
ORD004715,2023-05-09,18:11:54,CUST3171,Restaurant_48,North Indian,Chennai,1157.59,33.06,0.0,1190.65,Credit Card,,Cancelled,
ORD004716,2023-11-03,14:13:08,CUST1660,Restaurant_77,Chinese,Kolkata,1150.26,83.88,115.99,1118.15,Credit Card,,Refunded,
ORD004717,2023-03-13,12:18:37,CUST4620,Restaurant_18,Chinese,Hyderabad,158.37,25.4,0.0,183.77,Credit Card,48,Delivered,1
ORD004718,2023-07-10,06:07:26,CUST7081,Restaurant_80,Italian,Pune,532.97,61.67,0.0,594.64,Cash on Delivery,15,Delivered,1
ORD004719,2023-04-07,08:32:09,CUST5724,Restaurant_22,Chinese,Lucknow,1408.97,74.84,0.0,1483.81,Debit Card,32,Delivered,2
ORD004720,2023-08-13,05:30:09,CUST4488,Restaurant_58,North Indian,Kolkata,214.37,82.91,0.0,297.28,Wallet,,Refunded,
ORD004721,2023-03-03,19:41:03,CUST7525,Restaurant_49,South Indian,Ahmedabad,1315.44,45.6,0.0,1361.04,UPI,30,Delivered,2
ORD004722,2023-04-22,01:23:29,CUST4308,Restaurant_25,Fast Food,Chennai,1186.29,85.66,0.0,1271.95,Wallet,,Cancelled,
ORD004723,2023-12-30,21:39:53,CUST9298,Restaurant_55,Desserts,Hyderabad,1367.99,22.7,58.93,1331.76,Cash on Delivery,50,Delivered,5
ORD004724,2023-10-22,15:32:25,CUST8781,Restaurant_80,Chinese,Pune,1420.73,57.34,0.0,1478.07,Wallet,52,Delivered,
ORD004725,2023-09-13,06:12:07,CUST5552,Restaurant_80,Biryani,Jaipur,267.54,90.94,0.0,358.48,Cash on Delivery,49,Delivered,3
ORD004726,2023-11-04,05:35:32,CUST2885,Restaurant_28,Italian,Kolkata,390.93,82.79,0.0,473.72,UPI,29,Delivered,1
ORD004727,2023-12-13,11:15:23,CUST4074,Restaurant_36,Biryani,Hyderabad,478.9,75.53,0.0,554.43,Cash on Delivery,,Refunded,
ORD004728,2023-09-08,12:59:42,CUST9128,Restaurant_85,Biryani,Kolkata,1301.92,81.9,54.24,1329.58,Wallet,63,Delivered,2
ORD004729,2023-02-10,03:38:32,CUST4234,Restaurant_54,Biryani,Delhi,1363.94,56.92,0.0,1420.86,Cash on Delivery,42,Delivered,2
ORD004730,2023-09-21,14:51:35,CUST1221,Restaurant_38,North Indian,Ahmedabad,604.16,67.98,0.0,672.14,Debit Card,27,Delivered,
ORD004731,2023-09-01,20:59:07,CUST8220,Restaurant_60,Italian,Bengaluru,883.79,20.3,0.0,904.09,Debit Card,65,Delivered,3
ORD004732,2023-07-11,16:25:27,CUST8632,Restaurant_2,Beverages,Bengaluru,355.01,55.72,30.59,380.14,Debit Card,,Cancelled,
ORD004733,2023-05-28,20:36:56,CUST3191,Restaurant_75,Healthy Food,Bengaluru,952.26,38.1,67.28,923.08,Wallet,32,Delivered,2
ORD004734,2023-02-10,09:15:57,CUST2785,Restaurant_34,Biryani,Mumbai,935.68,76.92,0.0,1012.6,UPI,60,Delivered,
ORD004735,2023-03-14,10:58:43,CUST1176,Restaurant_76,Italian,Lucknow,1120.76,27.09,0.0,1147.85,Credit Card,25,Delivered,1
ORD004736,2023-03-07,22:54:42,CUST1626,Restaurant_37,Chinese,Chennai,220.82,86.38,0.0,307.2,Credit Card,51,Delivered,4
ORD004737,2023-04-30,06:11:17,CUST7063,Restaurant_100,North Indian,Ahmedabad,1059.85,23.45,0.0,1083.3,Wallet,49,Delivered,3
ORD004738,2023-01-24,15:44:06,CUST3870,Restaurant_14,North Indian,Ahmedabad,1428.42,96.67,0.0,1525.09,Credit Card,,Refunded,
ORD004739,2023-01-22,09:34:19,CUST6238,Restaurant_33,Street Food,Ahmedabad,1161.42,47.43,0.0,1208.85,Debit Card,45,Delivered,
ORD004740,2023-12-16,23:34:48,CUST6351,Restaurant_7,Street Food,Ahmedabad,1266.78,86.85,0.0,1353.63,Debit Card,65,Delivered,5
ORD004741,2023-02-06,10:17:01,CUST7169,Restaurant_77,Fast Food,Chennai,908.36,83.76,26.31,965.81,Debit Card,38,Delivered,
ORD004742,2023-01-16,15:58:58,CUST2019,Restaurant_53,Fast Food,Mumbai,1486.25,26.59,0.0,1512.84,UPI,49,Delivered,2
ORD004743,2023-06-01,05:30:57,CUST4320,Restaurant_24,Healthy Food,Mumbai,188.01,99.01,0.0,287.02,UPI,60,Delivered,
ORD004744,2023-03-29,17:17:12,CUST9498,Restaurant_19,Biryani,Ahmedabad,1171.1,95.05,17.8,1248.35,Debit Card,,Cancelled,
ORD004745,2023-07-13,23:09:27,CUST8535,Restaurant_14,North Indian,Chennai,191.32,58.74,0.0,250.06,Wallet,17,Delivered,5
ORD004746,2023-03-29,19:29:50,CUST7461,Restaurant_38,Fast Food,Hyderabad,214.56,89.3,0.0,303.86,Debit Card,22,Delivered,4
ORD004747,2023-06-29,04:03:46,CUST6856,Restaurant_56,South Indian,Delhi,1433.92,63.38,0.0,1497.3,UPI,60,Delivered,
ORD004748,2023-01-19,09:57:47,CUST3150,Restaurant_8,Chinese,Lucknow,1439.45,59.1,0.0,1498.55,UPI,43,Delivered,2
ORD004749,2023-03-11,08:47:28,CUST8054,Restaurant_14,South Indian,Lucknow,944.29,59.67,0.0,1003.96,Wallet,,Cancelled,
ORD004750,2023-08-25,01:12:29,CUST2844,Restaurant_98,Beverages,Kolkata,1291.69,93.11,0.0,1384.8,Credit Card,64,Delivered,1
ORD004751,2023-07-27,21:54:13,CUST4100,Restaurant_1,Chinese,Ahmedabad,1173.89,63.62,22.69,1214.82,Credit Card,59,Delivered,2
ORD004752,2023-10-18,03:22:45,CUST6904,Restaurant_67,Street Food,Mumbai,842.71,92.91,0.0,935.62,Credit Card,49,Delivered,5
ORD004753,2023-01-21,12:04:55,CUST5225,Restaurant_71,North Indian,Chennai,657.05,80.93,0.0,737.98,Cash on Delivery,,Refunded,
ORD004754,2023-05-05,21:41:48,CUST3966,Restaurant_76,Fast Food,Hyderabad,1143.1,44.08,82.17,1105.01,Wallet,,Refunded,
ORD004755,2023-05-22,01:41:53,CUST9269,Restaurant_79,Chinese,Hyderabad,292.47,33.59,0.0,326.06,Wallet,,Cancelled,
ORD004756,2023-12-18,23:55:24,CUST4850,Restaurant_44,Desserts,Jaipur,1465.72,61.84,0.0,1527.56,UPI,55,Delivered,
ORD004757,2023-02-02,05:36:53,CUST2047,Restaurant_34,North Indian,Delhi,978.65,92.17,0.0,1070.82,UPI,53,Delivered,4
ORD004758,2023-06-22,06:43:29,CUST4634,Restaurant_53,Chinese,Bengaluru,1042.11,43.17,0.0,1085.28,Wallet,20,Delivered,5
ORD004759,2023-05-15,14:51:24,CUST5338,Restaurant_57,Italian,Ahmedabad,1017.05,73.77,0.0,1090.82,Credit Card,65,Delivered,3
ORD004760,2023-07-30,07:49:49,CUST9969,Restaurant_65,Street Food,Lucknow,1498.65,34.84,0.0,1533.49,Credit Card,42,Delivered,1
ORD004761,2023-01-11,01:35:50,CUST6957,Restaurant_16,Biryani,Delhi,902.51,80.5,41.03,941.98,Debit Card,46,Delivered,3
ORD004762,2023-01-06,05:29:45,CUST6628,Restaurant_11,North Indian,Mumbai,359.51,67.86,0.0,427.37,Cash on Delivery,16,Delivered,
ORD004763,2023-06-05,14:04:33,CUST1558,Restaurant_67,Beverages,Jaipur,1148.28,20.77,0.0,1169.05,Credit Card,63,Delivered,5
ORD004764,2023-06-18,00:18:32,CUST8136,Restaurant_58,Healthy Food,Kolkata,1279.13,53.34,18.91,1313.56,Credit Card,54,Delivered,5
ORD004765,2023-03-01,11:47:26,CUST2882,Restaurant_77,Street Food,Delhi,1410.74,42.67,0.0,1453.41,Cash on Delivery,37,Delivered,2
ORD004766,2023-12-29,08:32:28,CUST1628,Restaurant_15,Fast Food,Lucknow,1011.35,60.98,0.0,1072.33,Credit Card,47,Delivered,2
ORD004767,2023-07-10,18:38:27,CUST4493,Restaurant_3,Chinese,Lucknow,1442.74,47.6,0.0,1490.34,Cash on Delivery,59,Delivered,2
ORD004768,2023-05-19,01:31:15,CUST6456,Restaurant_24,North Indian,Delhi,208.32,90.3,0.0,298.62,Debit Card,,Cancelled,
ORD004769,2023-08-04,18:04:09,CUST2993,Restaurant_81,Biryani,Chennai,1034.51,85.7,0.0,1120.21,Cash on Delivery,15,Delivered,
ORD004770,2023-09-25,23:26:00,CUST1344,Restaurant_35,Chinese,Chennai,922.6,30.45,107.61,845.44,Wallet,32,Delivered,
ORD004771,2023-09-03,08:10:33,CUST5115,Restaurant_46,North Indian,Lucknow,422.84,97.23,0.0,520.07,Debit Card,48,Delivered,4
ORD004772,2023-02-14,17:32:38,CUST5952,Restaurant_81,Street Food,Ahmedabad,411.81,66.11,122.31,355.61,Wallet,40,Delivered,
ORD004773,2023-03-02,19:27:41,CUST6410,Restaurant_72,South Indian,Jaipur,1481.84,61.36,0.0,1543.2,Cash on Delivery,,Refunded,
ORD004774,2023-06-30,05:25:02,CUST5517,Restaurant_43,Healthy Food,Delhi,412.37,99.16,51.01,460.52,Credit Card,,Cancelled,
ORD004775,2023-11-20,13:05:13,CUST9077,Restaurant_38,Street Food,Delhi,720.62,59.87,147.25,633.24,Cash on Delivery,25,Delivered,3
ORD004776,2023-01-13,13:50:41,CUST7375,Restaurant_80,South Indian,Pune,874.48,86.99,0.0,961.47,Cash on Delivery,,Refunded,
ORD004777,2023-10-13,19:01:40,CUST4888,Restaurant_71,Italian,Hyderabad,238.69,36.34,0.0,275.03,UPI,36,Delivered,3
ORD004778,2023-06-25,10:52:22,CUST7476,Restaurant_64,Fast Food,Ahmedabad,517.61,54.04,98.46,473.19,UPI,65,Delivered,4
ORD004779,2023-12-09,16:18:56,CUST6550,Restaurant_84,Biryani,Hyderabad,1039.44,34.86,57.05,1017.25,Wallet,15,Delivered,
ORD004780,2023-08-31,16:57:10,CUST9596,Restaurant_17,Healthy Food,Kolkata,379.16,87.61,0.0,466.77,Debit Card,48,Delivered,3
ORD004781,2023-11-23,03:25:07,CUST2189,Restaurant_90,Desserts,Hyderabad,803.84,20.4,0.0,824.24,UPI,,Cancelled,
ORD004782,2023-08-15,08:02:23,CUST9932,Restaurant_51,Street Food,Lucknow,1188.65,90.58,0.0,1279.23,Credit Card,,Refunded,
ORD004783,2023-03-01,17:55:21,CUST6838,Restaurant_44,Fast Food,Hyderabad,1189.49,72.95,0.0,1262.44,Cash on Delivery,31,Delivered,1
ORD004784,2023-01-28,08:47:59,CUST2105,Restaurant_17,Fast Food,Delhi,1293.0,65.96,0.0,1358.96,Cash on Delivery,,Refunded,
ORD004785,2023-09-21,08:33:14,CUST8909,Restaurant_41,South Indian,Jaipur,900.71,78.13,0.0,978.84,Wallet,,Refunded,
ORD004786,2023-05-12,02:47:34,CUST6246,Restaurant_94,North Indian,Mumbai,178.35,89.84,0.0,268.19,Cash on Delivery,48,Delivered,
ORD004787,2023-02-21,16:54:26,CUST4254,Restaurant_5,Biryani,Chennai,1070.37,77.76,0.0,1148.13,Cash on Delivery,51,Delivered,5
ORD004788,2023-05-28,02:58:47,CUST3210,Restaurant_28,Italian,Delhi,156.23,63.89,0.0,220.12,Wallet,,Cancelled,
ORD004789,2023-09-18,23:07:48,CUST2295,Restaurant_56,Fast Food,Delhi,935.87,93.04,0.0,1028.91,Credit Card,61,Delivered,3
ORD004790,2023-10-09,14:53:08,CUST1617,Restaurant_4,Biryani,Pune,1450.1,52.16,0.0,1502.26,Cash on Delivery,50,Delivered,1
ORD004791,2023-12-13,20:31:29,CUST1267,Restaurant_36,Italian,Lucknow,1220.06,48.31,0.0,1268.37,Debit Card,28,Delivered,2
ORD004792,2023-08-22,13:42:06,CUST5411,Restaurant_51,North Indian,Jaipur,174.36,28.82,0.0,203.18,Debit Card,62,Delivered,
ORD004793,2023-11-18,23:02:09,CUST4826,Restaurant_7,Chinese,Delhi,549.98,94.16,61.48,582.66,Credit Card,,Cancelled,
ORD004794,2023-07-09,12:33:55,CUST6340,Restaurant_4,Chinese,Pune,1306.77,22.23,120.03,1208.97,Cash on Delivery,58,Delivered,2
ORD004795,2023-09-05,08:05:46,CUST2432,Restaurant_66,Beverages,Hyderabad,800.25,94.22,0.0,894.47,UPI,,Refunded,
ORD004796,2023-02-23,22:38:37,CUST6990,Restaurant_2,Desserts,Lucknow,724.06,51.5,77.55,698.01,UPI,,Cancelled,
ORD004797,2023-01-25,02:37:56,CUST3016,Restaurant_13,Desserts,Jaipur,738.78,28.37,143.13,624.02,Cash on Delivery,31,Delivered,3
ORD004798,2023-04-16,05:27:54,CUST5713,Restaurant_37,Healthy Food,Delhi,1366.35,31.19,0.0,1397.54,Wallet,56,Delivered,
ORD004799,2023-03-03,11:17:29,CUST6216,Restaurant_66,Beverages,Pune,562.49,41.51,0.0,604.0,Debit Card,56,Delivered,4
ORD004800,2023-03-20,02:34:05,CUST1647,Restaurant_42,Beverages,Kolkata,990.59,75.65,91.27,974.97,Debit Card,27,Delivered,
ORD004801,2023-04-14,17:53:51,CUST4246,Restaurant_42,Biryani,Chennai,1197.08,97.66,0.0,1294.74,Wallet,41,Delivered,3
ORD004802,2023-09-16,22:23:36,CUST1831,Restaurant_37,Street Food,Pune,1006.98,58.51,0.0,1065.49,Wallet,37,Delivered,2
ORD004803,2023-08-30,12:32:32,CUST5556,Restaurant_6,Street Food,Pune,290.3,69.87,0.0,360.17,Cash on Delivery,63,Delivered,1
ORD004804,2023-08-03,17:34:59,CUST5920,Restaurant_9,South Indian,Chennai,485.27,95.02,0.0,580.29,Debit Card,17,Delivered,
ORD004805,2023-05-07,15:11:36,CUST4467,Restaurant_18,Biryani,Kolkata,524.26,62.76,0.0,587.02,Cash on Delivery,,Cancelled,
ORD004806,2023-11-15,13:09:47,CUST8616,Restaurant_76,Healthy Food,Kolkata,410.93,39.19,105.5,344.62,Credit Card,21,Delivered,
ORD004807,2023-09-17,10:00:11,CUST2885,Restaurant_3,Beverages,Hyderabad,523.12,43.53,39.43,527.22,Debit Card,,Refunded,
ORD004808,2023-06-28,03:04:47,CUST9714,Restaurant_74,Street Food,Pune,547.2,49.46,0.0,596.66,Wallet,18,Delivered,5
ORD004809,2023-02-02,22:04:24,CUST1350,Restaurant_60,North Indian,Bengaluru,760.8,89.4,127.98,722.22,Wallet,23,Delivered,3
ORD004810,2023-03-12,09:13:33,CUST3905,Restaurant_95,Chinese,Hyderabad,275.64,47.15,112.16,210.63,Wallet,27,Delivered,4
ORD004811,2023-05-07,14:59:24,CUST4622,Restaurant_31,Street Food,Bengaluru,884.15,24.37,0.0,908.52,Cash on Delivery,22,Delivered,3
ORD004812,2023-10-06,11:57:39,CUST8425,Restaurant_64,North Indian,Chennai,1203.99,78.67,40.99,1241.67,Debit Card,,Cancelled,
ORD004813,2023-09-19,17:47:02,CUST9458,Restaurant_67,North Indian,Delhi,745.17,42.25,0.0,787.42,UPI,59,Delivered,4
ORD004814,2023-09-27,10:26:42,CUST1574,Restaurant_23,Beverages,Jaipur,461.73,45.35,108.68,398.4,Cash on Delivery,,Cancelled,
ORD004815,2023-06-06,17:04:15,CUST3478,Restaurant_100,Fast Food,Kolkata,1401.18,91.59,0.0,1492.77,Credit Card,,Refunded,
ORD004816,2023-12-16,21:25:11,CUST1498,Restaurant_15,Fast Food,Jaipur,1197.87,23.48,126.4,1094.95,Credit Card,40,Delivered,3
ORD004817,2023-08-03,13:08:06,CUST9753,Restaurant_61,Fast Food,Ahmedabad,989.4,20.93,0.0,1010.33,UPI,57,Delivered,5
ORD004818,2023-10-08,16:05:56,CUST1013,Restaurant_45,Fast Food,Ahmedabad,1417.77,37.01,33.73,1421.05,Credit Card,56,Delivered,3
ORD004819,2023-11-24,11:15:09,CUST3940,Restaurant_9,North Indian,Mumbai,1207.42,82.62,0.0,1290.04,Credit Card,,Cancelled,
ORD004820,2023-10-30,03:39:07,CUST1982,Restaurant_93,North Indian,Kolkata,272.94,35.54,0.0,308.48,UPI,15,Delivered,
ORD004821,2023-06-14,04:10:01,CUST4081,Restaurant_46,Italian,Kolkata,881.02,32.02,0.0,913.04,Credit Card,40,Delivered,
ORD004822,2023-04-08,21:57:03,CUST9539,Restaurant_37,Chinese,Pune,1127.84,50.25,0.0,1178.09,Debit Card,36,Delivered,5
ORD004823,2023-02-02,15:17:04,CUST5950,Restaurant_5,Biryani,Hyderabad,528.99,90.12,0.0,619.11,Credit Card,,Refunded,
ORD004824,2023-01-20,01:05:45,CUST6524,Restaurant_3,Desserts,Pune,225.09,24.31,149.36,100.04,Credit Card,47,Delivered,4
ORD004825,2023-10-16,01:40:06,CUST7415,Restaurant_51,Italian,Kolkata,688.38,62.84,0.0,751.22,Wallet,32,Delivered,3
ORD004826,2023-12-12,00:23:40,CUST4896,Restaurant_12,North Indian,Jaipur,1498.0,51.62,0.0,1549.62,Cash on Delivery,,Cancelled,
ORD004827,2023-04-02,17:42:53,CUST6423,Restaurant_67,North Indian,Hyderabad,1367.3,70.0,0.0,1437.3,UPI,25,Delivered,3
ORD004828,2023-01-06,03:21:50,CUST5664,Restaurant_33,Biryani,Mumbai,238.81,86.87,0.0,325.68,Cash on Delivery,40,Delivered,1
ORD004829,2023-05-07,12:20:28,CUST8492,Restaurant_30,Desserts,Pune,776.91,91.17,0.0,868.08,Cash on Delivery,,Refunded,
ORD004830,2023-03-22,04:59:59,CUST1176,Restaurant_5,Fast Food,Hyderabad,1332.22,49.99,0.0,1382.21,Wallet,17,Delivered,5
ORD004831,2023-05-12,05:24:53,CUST2658,Restaurant_29,Street Food,Bengaluru,1249.51,64.53,0.0,1314.04,Wallet,23,Delivered,1
ORD004832,2023-04-04,15:25:38,CUST1357,Restaurant_96,Desserts,Delhi,500.94,52.34,0.0,553.28,Wallet,45,Delivered,2
ORD004833,2023-10-19,16:32:40,CUST8664,Restaurant_65,Healthy Food,Mumbai,293.12,67.66,0.0,360.78,Credit Card,,Refunded,
ORD004834,2023-05-17,02:48:27,CUST2710,Restaurant_98,Chinese,Hyderabad,628.82,70.84,0.0,699.66,Credit Card,25,Delivered,2
ORD004835,2023-06-30,17:15:12,CUST2046,Restaurant_6,Healthy Food,Jaipur,456.56,79.63,0.0,536.19,Wallet,60,Delivered,
ORD004836,2023-11-20,01:13:05,CUST6823,Restaurant_74,South Indian,Bengaluru,152.14,79.63,0.0,231.77,Wallet,44,Delivered,5
ORD004837,2023-05-11,15:09:16,CUST5097,Restaurant_86,Chinese,Hyderabad,713.3,84.76,44.51,753.55,Wallet,,Refunded,
ORD004838,2023-11-19,01:13:51,CUST4166,Restaurant_65,Street Food,Lucknow,1076.93,70.91,0.0,1147.84,Wallet,51,Delivered,4
ORD004839,2023-02-16,03:24:38,CUST8557,Restaurant_30,Beverages,Delhi,385.9,61.33,145.75,301.48,Wallet,,Cancelled,
ORD004840,2023-06-21,04:00:59,CUST1154,Restaurant_40,Beverages,Mumbai,155.32,33.64,0.0,188.96,Wallet,,Cancelled,
ORD004841,2023-08-05,05:07:39,CUST5642,Restaurant_76,Healthy Food,Jaipur,481.46,20.44,0.0,501.9,Debit Card,25,Delivered,4
ORD004842,2023-08-20,19:50:56,CUST3696,Restaurant_79,Beverages,Jaipur,870.56,26.1,0.0,896.66,Credit Card,33,Delivered,3
ORD004843,2023-07-28,06:46:21,CUST7334,Restaurant_88,Fast Food,Ahmedabad,953.59,34.77,86.55,901.81,Debit Card,58,Delivered,1
ORD004844,2023-06-17,03:01:00,CUST8128,Restaurant_56,Street Food,Mumbai,949.44,80.67,0.0,1030.11,Credit Card,52,Delivered,2
ORD004845,2023-01-17,07:56:00,CUST7320,Restaurant_43,Italian,Jaipur,631.1,89.76,0.0,720.86,Wallet,21,Delivered,5
ORD004846,2023-03-27,19:30:37,CUST3096,Restaurant_15,Italian,Delhi,1107.38,86.19,39.24,1154.33,UPI,,Cancelled,
ORD004847,2023-01-20,09:17:58,CUST6378,Restaurant_75,Street Food,Bengaluru,250.01,26.88,0.0,276.89,UPI,57,Delivered,2
ORD004848,2023-02-13,10:22:47,CUST8931,Restaurant_36,Biryani,Chennai,198.85,48.74,0.0,247.59,Cash on Delivery,,Refunded,
ORD004849,2023-05-15,12:23:13,CUST7964,Restaurant_84,Desserts,Pune,835.08,91.62,92.56,834.14,Credit Card,47,Delivered,
ORD004850,2023-03-27,13:52:15,CUST4744,Restaurant_3,Desserts,Kolkata,521.13,44.61,0.0,565.74,UPI,41,Delivered,4
ORD004851,2023-04-24,06:35:29,CUST8838,Restaurant_57,Biryani,Delhi,167.92,32.81,0.0,200.73,Wallet,56,Delivered,
ORD004852,2023-05-13,03:59:35,CUST4148,Restaurant_53,Chinese,Chennai,1270.18,26.02,0.0,1296.2,Debit Card,63,Delivered,5
ORD004853,2023-01-12,04:41:46,CUST3724,Restaurant_95,North Indian,Mumbai,1036.6,35.58,0.0,1072.18,Wallet,,Refunded,
ORD004854,2023-12-16,11:59:50,CUST1872,Restaurant_67,Desserts,Jaipur,220.5,96.59,90.13,226.96,Wallet,,Cancelled,
ORD004855,2023-01-19,17:01:55,CUST1335,Restaurant_50,Street Food,Kolkata,1177.8,82.82,0.0,1260.62,UPI,,Refunded,
ORD004856,2023-08-21,20:30:38,CUST5105,Restaurant_5,South Indian,Mumbai,1003.27,43.62,0.0,1046.89,Debit Card,21,Delivered,1
ORD004857,2023-12-29,03:17:19,CUST6311,Restaurant_96,Biryani,Pune,238.3,63.82,0.0,302.12,Credit Card,,Refunded,
ORD004858,2023-09-26,00:20:48,CUST9504,Restaurant_25,Chinese,Bengaluru,844.65,29.12,68.5,805.27,Credit Card,46,Delivered,2
ORD004859,2023-06-24,07:34:53,CUST9610,Restaurant_81,Healthy Food,Chennai,236.33,36.04,0.0,272.37,Debit Card,,Refunded,
ORD004860,2023-11-03,16:08:51,CUST5429,Restaurant_42,Biryani,Jaipur,873.13,41.9,0.0,915.03,Credit Card,50,Delivered,1
ORD004861,2023-04-02,12:26:16,CUST5744,Restaurant_23,Desserts,Bengaluru,1032.08,51.12,0.0,1083.2,Debit Card,,Refunded,
ORD004862,2023-03-29,16:11:35,CUST2886,Restaurant_71,Biryani,Jaipur,160.26,85.95,135.35,110.86,Cash on Delivery,,Cancelled,
ORD004863,2023-08-27,22:51:31,CUST8814,Restaurant_98,Street Food,Bengaluru,1036.3,62.42,0.0,1098.72,Wallet,63,Delivered,5
ORD004864,2023-02-04,14:37:37,CUST8760,Restaurant_49,Healthy Food,Hyderabad,702.96,52.35,117.78,637.53,Wallet,48,Delivered,2
ORD004865,2023-03-29,06:41:19,CUST6805,Restaurant_61,Italian,Jaipur,907.92,22.62,0.0,930.54,Credit Card,,Refunded,
ORD004866,2023-12-23,01:07:02,CUST7221,Restaurant_53,Chinese,Bengaluru,545.09,51.1,0.0,596.19,UPI,,Refunded,
ORD004867,2023-07-26,23:37:53,CUST7484,Restaurant_1,Fast Food,Pune,1186.48,97.73,0.0,1284.21,UPI,23,Delivered,2
ORD004868,2023-03-18,18:46:39,CUST7052,Restaurant_58,Street Food,Hyderabad,1039.19,22.11,88.69,972.61,Credit Card,49,Delivered,2
ORD004869,2023-12-27,03:20:56,CUST2564,Restaurant_1,Healthy Food,Jaipur,195.42,23.92,0.0,219.34,Debit Card,45,Delivered,5
ORD004870,2023-03-11,05:09:42,CUST6791,Restaurant_12,Biryani,Hyderabad,1381.49,82.95,0.0,1464.44,Wallet,49,Delivered,3
ORD004871,2023-09-16,15:13:42,CUST3946,Restaurant_13,Fast Food,Chennai,629.33,76.93,146.93,559.33,Credit Card,61,Delivered,2
ORD004872,2023-03-14,19:35:34,CUST5586,Restaurant_6,South Indian,Hyderabad,611.85,87.96,106.03,593.78,Cash on Delivery,53,Delivered,2
ORD004873,2023-01-26,22:56:25,CUST5207,Restaurant_65,Street Food,Lucknow,796.83,43.72,128.59,711.96,UPI,15,Delivered,4
ORD004874,2023-05-13,21:58:20,CUST6662,Restaurant_9,Beverages,Mumbai,1148.29,90.36,0.0,1238.65,Credit Card,25,Delivered,2
ORD004875,2023-08-05,12:36:36,CUST2372,Restaurant_44,Biryani,Mumbai,1254.59,93.08,0.0,1347.67,Debit Card,27,Delivered,2
ORD004876,2023-06-12,10:59:05,CUST9895,Restaurant_99,South Indian,Pune,1311.66,61.86,75.56,1297.96,Cash on Delivery,42,Delivered,4
ORD004877,2023-07-08,03:51:00,CUST4204,Restaurant_57,Desserts,Jaipur,221.16,24.03,145.44,99.75,Wallet,65,Delivered,2
ORD004878,2023-09-10,23:03:27,CUST5618,Restaurant_64,Fast Food,Hyderabad,270.5,41.3,0.0,311.8,Debit Card,61,Delivered,
ORD004879,2023-01-17,19:23:45,CUST2200,Restaurant_65,Street Food,Hyderabad,1098.69,60.6,0.0,1159.29,Wallet,40,Delivered,5
ORD004880,2023-08-03,20:51:27,CUST4603,Restaurant_65,Italian,Hyderabad,1369.11,28.72,0.0,1397.83,UPI,26,Delivered,1
ORD004881,2023-11-26,21:44:06,CUST6114,Restaurant_58,North Indian,Lucknow,834.34,75.19,0.0,909.53,Wallet,32,Delivered,
ORD004882,2023-03-03,15:33:09,CUST2105,Restaurant_66,South Indian,Lucknow,1469.52,81.74,0.0,1551.26,Credit Card,37,Delivered,3
ORD004883,2023-05-28,23:52:31,CUST9238,Restaurant_75,Chinese,Kolkata,651.39,78.49,0.0,729.88,Cash on Delivery,41,Delivered,3
ORD004884,2023-04-05,12:02:12,CUST6795,Restaurant_16,Chinese,Lucknow,977.28,52.42,121.63,908.07,Debit Card,30,Delivered,1
ORD004885,2023-07-15,15:08:49,CUST1855,Restaurant_57,Desserts,Delhi,963.95,22.29,0.0,986.24,Wallet,,Refunded,
ORD004886,2023-02-07,09:32:07,CUST2341,Restaurant_97,Healthy Food,Lucknow,739.29,55.56,0.0,794.85,Debit Card,24,Delivered,5
ORD004887,2023-06-15,20:13:15,CUST5817,Restaurant_77,Beverages,Ahmedabad,873.53,85.02,95.18,863.37,Credit Card,65,Delivered,2
ORD004888,2023-01-04,00:51:32,CUST9365,Restaurant_42,Italian,Lucknow,512.91,83.49,142.3,454.1,UPI,23,Delivered,3
ORD004889,2023-10-09,18:16:56,CUST9958,Restaurant_22,North Indian,Pune,819.3,70.64,143.42,746.52,Debit Card,,Refunded,
ORD004890,2023-08-20,04:36:09,CUST6264,Restaurant_49,Fast Food,Ahmedabad,446.47,20.67,0.0,467.14,Cash on Delivery,39,Delivered,
ORD004891,2023-07-09,23:25:25,CUST5528,Restaurant_5,South Indian,Jaipur,877.62,59.14,0.0,936.76,Wallet,,Refunded,
ORD004892,2023-01-14,19:58:08,CUST9866,Restaurant_1,Chinese,Jaipur,723.63,21.35,0.0,744.98,Debit Card,,Cancelled,
ORD004893,2023-02-24,15:06:54,CUST2857,Restaurant_100,Healthy Food,Lucknow,1482.01,74.31,0.0,1556.32,Credit Card,,Refunded,
ORD004894,2023-02-19,21:53:07,CUST4715,Restaurant_53,Chinese,Ahmedabad,258.76,40.9,36.37,263.29,Credit Card,48,Delivered,4
ORD004895,2023-07-19,20:17:47,CUST6579,Restaurant_43,Biryani,Ahmedabad,773.14,53.52,0.0,826.66,Cash on Delivery,63,Delivered,1
ORD004896,2023-02-27,06:43:51,CUST1529,Restaurant_55,Italian,Lucknow,1328.57,57.73,0.0,1386.3,UPI,40,Delivered,
ORD004897,2023-03-13,23:07:37,CUST1478,Restaurant_70,Street Food,Pune,852.19,39.28,0.0,891.47,Debit Card,35,Delivered,1
ORD004898,2023-12-24,08:07:00,CUST8910,Restaurant_26,Italian,Hyderabad,383.04,36.58,23.52,396.1,Wallet,27,Delivered,
ORD004899,2023-07-16,17:17:54,CUST4844,Restaurant_47,Desserts,Hyderabad,1232.45,60.61,65.02,1228.04,Wallet,,Refunded,
ORD004900,2023-09-25,05:43:46,CUST4402,Restaurant_78,Chinese,Delhi,1152.36,80.1,0.0,1232.46,UPI,60,Delivered,3
ORD004901,2023-10-15,19:46:06,CUST1140,Restaurant_5,Chinese,Hyderabad,164.01,72.61,0.0,236.62,Credit Card,63,Delivered,1
ORD004902,2023-10-17,14:07:10,CUST4145,Restaurant_68,Beverages,Kolkata,1247.16,24.66,0.0,1271.82,Debit Card,19,Delivered,3
ORD004903,2023-04-14,02:17:46,CUST5915,Restaurant_68,Biryani,Jaipur,411.82,77.94,0.0,489.76,Cash on Delivery,,Refunded,
ORD004904,2023-02-18,06:30:05,CUST8260,Restaurant_69,Healthy Food,Lucknow,569.89,65.22,0.0,635.11,Debit Card,,Cancelled,
ORD004905,2023-11-20,17:45:41,CUST7283,Restaurant_13,Fast Food,Lucknow,878.32,93.6,0.0,971.92,Credit Card,31,Delivered,5
ORD004906,2023-07-31,06:58:27,CUST4185,Restaurant_35,South Indian,Mumbai,875.11,20.76,75.46,820.41,Credit Card,,Cancelled,
ORD004907,2023-09-01,05:09:14,CUST6378,Restaurant_36,Chinese,Hyderabad,1198.61,79.6,0.0,1278.21,Wallet,,Cancelled,
ORD004908,2023-01-27,17:42:29,CUST1782,Restaurant_94,Chinese,Mumbai,934.21,91.01,91.66,933.56,Credit Card,40,Delivered,2
ORD004909,2023-12-09,00:26:26,CUST2103,Restaurant_56,Healthy Food,Ahmedabad,542.14,72.44,0.0,614.58,Credit Card,,Cancelled,
ORD004910,2023-11-02,06:52:47,CUST5863,Restaurant_100,Fast Food,Ahmedabad,1434.07,51.02,0.0,1485.09,Wallet,,Refunded,
ORD004911,2023-01-06,13:55:50,CUST7913,Restaurant_47,Street Food,Lucknow,603.66,82.03,0.0,685.69,UPI,35,Delivered,4
ORD004912,2023-10-07,01:17:58,CUST7763,Restaurant_20,Biryani,Mumbai,251.72,96.62,136.7,211.64,Wallet,45,Delivered,4
ORD004913,2023-03-09,13:57:52,CUST6320,Restaurant_77,Fast Food,Lucknow,1227.93,76.25,0.0,1304.18,UPI,35,Delivered,4
ORD004914,2023-04-22,05:50:22,CUST3081,Restaurant_57,Chinese,Jaipur,857.82,95.12,0.0,952.94,Cash on Delivery,57,Delivered,
ORD004915,2023-08-21,04:42:07,CUST9254,Restaurant_98,South Indian,Jaipur,1458.07,81.09,0.0,1539.16,UPI,18,Delivered,3
ORD004916,2023-06-17,12:47:00,CUST4762,Restaurant_51,Desserts,Chennai,773.98,78.79,0.0,852.77,Wallet,,Cancelled,
ORD004917,2023-06-19,04:17:59,CUST8283,Restaurant_69,Italian,Chennai,1397.09,28.34,0.0,1425.43,Cash on Delivery,17,Delivered,2
ORD004918,2023-02-09,09:13:42,CUST8094,Restaurant_37,Desserts,Bengaluru,506.99,43.66,0.0,550.65,Wallet,15,Delivered,3
ORD004919,2023-02-26,13:04:19,CUST6780,Restaurant_18,Street Food,Hyderabad,1153.52,45.21,0.0,1198.73,Cash on Delivery,55,Delivered,
ORD004920,2023-05-02,12:15:19,CUST2162,Restaurant_54,Healthy Food,Lucknow,1076.42,89.29,0.0,1165.71,UPI,21,Delivered,
ORD004921,2023-01-22,01:40:37,CUST4634,Restaurant_53,Biryani,Chennai,1294.98,48.59,52.25,1291.32,UPI,58,Delivered,1
ORD004922,2023-05-27,06:54:13,CUST7820,Restaurant_5,Chinese,Ahmedabad,300.83,28.16,0.0,328.99,Credit Card,32,Delivered,4
ORD004923,2023-08-28,10:28:17,CUST5409,Restaurant_4,Healthy Food,Pune,1463.44,42.1,42.32,1463.22,Debit Card,57,Delivered,2
ORD004924,2023-04-11,17:52:07,CUST1490,Restaurant_37,South Indian,Jaipur,1207.39,86.35,106.22,1187.52,UPI,,Cancelled,
ORD004925,2023-03-16,12:34:14,CUST6217,Restaurant_17,North Indian,Chennai,364.96,83.38,64.47,383.87,Wallet,19,Delivered,3
ORD004926,2023-11-14,07:46:16,CUST3313,Restaurant_75,Biryani,Pune,716.8,89.1,0.0,805.9,Wallet,,Cancelled,
ORD004927,2023-05-30,05:58:05,CUST5199,Restaurant_4,North Indian,Ahmedabad,500.3,80.63,48.89,532.04,UPI,,Cancelled,
ORD004928,2023-01-04,18:13:48,CUST1420,Restaurant_27,North Indian,Lucknow,1250.2,93.72,0.0,1343.92,Wallet,,Cancelled,
ORD004929,2023-11-18,05:33:00,CUST2914,Restaurant_29,Street Food,Kolkata,1473.79,44.72,0.0,1518.51,Debit Card,48,Delivered,5
ORD004930,2023-02-16,07:29:12,CUST9628,Restaurant_20,Biryani,Chennai,320.77,85.76,0.0,406.53,Cash on Delivery,,Refunded,
ORD004931,2023-11-24,00:59:44,CUST5590,Restaurant_1,Italian,Ahmedabad,686.22,57.13,11.34,732.01,Debit Card,22,Delivered,2
ORD004932,2023-02-24,12:15:54,CUST9441,Restaurant_37,Beverages,Mumbai,1206.37,30.57,23.02,1213.92,Wallet,45,Delivered,2
ORD004933,2023-10-09,16:18:44,CUST2256,Restaurant_71,Chinese,Chennai,1406.53,69.2,0.0,1475.73,Cash on Delivery,47,Delivered,
ORD004934,2023-04-05,22:29:18,CUST3223,Restaurant_94,Biryani,Chennai,602.06,79.55,129.07,552.54,Credit Card,62,Delivered,2
ORD004935,2023-03-13,08:47:35,CUST5814,Restaurant_83,Chinese,Pune,390.04,95.5,0.0,485.54,Cash on Delivery,,Cancelled,
ORD004936,2023-11-19,02:33:58,CUST5920,Restaurant_75,Healthy Food,Chennai,922.47,85.65,0.0,1008.12,UPI,62,Delivered,4
ORD004937,2023-10-05,22:42:01,CUST2920,Restaurant_79,Biryani,Lucknow,1238.09,79.43,0.0,1317.52,Credit Card,,Refunded,
ORD004938,2023-10-31,12:08:20,CUST7397,Restaurant_31,Chinese,Hyderabad,969.94,56.62,0.0,1026.56,Credit Card,54,Delivered,
ORD004939,2023-06-25,19:24:52,CUST4313,Restaurant_4,South Indian,Ahmedabad,577.51,42.35,105.23,514.63,Credit Card,,Cancelled,
ORD004940,2023-11-07,18:48:41,CUST5956,Restaurant_45,Fast Food,Kolkata,574.79,65.88,0.0,640.67,Debit Card,26,Delivered,3
ORD004941,2023-12-11,20:04:52,CUST8547,Restaurant_14,Italian,Ahmedabad,774.57,91.9,0.0,866.47,UPI,40,Delivered,2
ORD004942,2023-08-14,02:17:45,CUST7529,Restaurant_38,Street Food,Mumbai,410.0,28.88,0.0,438.88,Debit Card,47,Delivered,5
ORD004943,2023-09-14,20:00:32,CUST3408,Restaurant_72,Street Food,Lucknow,427.77,69.26,0.0,497.03,Credit Card,43,Delivered,
ORD004944,2023-05-18,19:58:32,CUST4279,Restaurant_91,Street Food,Mumbai,839.32,51.14,0.0,890.46,Cash on Delivery,,Cancelled,
ORD004945,2023-06-06,08:58:27,CUST7701,Restaurant_77,Desserts,Mumbai,1348.36,43.94,121.96,1270.34,UPI,23,Delivered,3
ORD004946,2023-02-18,12:19:57,CUST5646,Restaurant_43,Beverages,Jaipur,892.93,26.95,0.0,919.88,Debit Card,20,Delivered,
ORD004947,2023-06-18,21:08:49,CUST4717,Restaurant_15,Healthy Food,Ahmedabad,364.52,53.91,0.0,418.43,Cash on Delivery,65,Delivered,5
ORD004948,2023-04-24,09:45:48,CUST6364,Restaurant_11,Chinese,Ahmedabad,156.88,90.39,0.0,247.27,UPI,36,Delivered,
ORD004949,2023-06-13,07:31:50,CUST4124,Restaurant_66,Beverages,Delhi,1116.87,37.68,0.0,1154.55,Cash on Delivery,43,Delivered,2
ORD004950,2023-06-18,01:44:49,CUST8629,Restaurant_61,North Indian,Mumbai,832.54,28.96,0.0,861.5,Debit Card,53,Delivered,1
ORD004951,2023-06-03,14:36:05,CUST6076,Restaurant_13,South Indian,Hyderabad,251.48,90.4,0.0,341.88,Debit Card,,Cancelled,
ORD004952,2023-02-01,23:47:57,CUST7900,Restaurant_4,Street Food,Jaipur,792.85,98.92,0.0,891.77,Wallet,48,Delivered,3
ORD004953,2023-01-22,18:24:09,CUST5678,Restaurant_22,Italian,Pune,849.54,24.01,108.13,765.42,UPI,,Cancelled,
ORD004954,2023-05-18,01:21:13,CUST2512,Restaurant_52,Healthy Food,Ahmedabad,848.61,74.04,0.0,922.65,Wallet,19,Delivered,5
ORD004955,2023-07-05,04:08:01,CUST5891,Restaurant_21,Chinese,Pune,455.48,33.55,0.0,489.03,Debit Card,41,Delivered,4
ORD004956,2023-01-03,01:49:36,CUST4342,Restaurant_47,Chinese,Delhi,555.72,61.94,0.0,617.66,Wallet,52,Delivered,5
ORD004957,2023-06-18,10:06:29,CUST8425,Restaurant_57,Healthy Food,Ahmedabad,1060.48,23.73,29.98,1054.23,Cash on Delivery,32,Delivered,
ORD004958,2023-04-24,05:20:04,CUST2811,Restaurant_75,Fast Food,Pune,581.17,38.68,0.0,619.85,Debit Card,30,Delivered,1
ORD004959,2023-11-30,01:40:25,CUST8401,Restaurant_95,Chinese,Ahmedabad,787.79,56.58,146.62,697.75,Debit Card,,Cancelled,
ORD004960,2023-07-24,17:21:14,CUST7126,Restaurant_87,Beverages,Hyderabad,418.16,57.24,0.0,475.4,Debit Card,19,Delivered,3
ORD004961,2023-05-01,19:32:35,CUST9330,Restaurant_68,Desserts,Bengaluru,281.37,72.71,0.0,354.08,Credit Card,61,Delivered,5
ORD004962,2023-04-21,12:24:40,CUST2920,Restaurant_51,Italian,Hyderabad,585.9,91.69,0.0,677.59,UPI,,Cancelled,
ORD004963,2023-10-03,11:15:55,CUST5593,Restaurant_2,Beverages,Lucknow,595.51,34.68,0.0,630.19,Wallet,19,Delivered,2
ORD004964,2023-12-29,10:54:13,CUST6297,Restaurant_89,Healthy Food,Pune,1378.19,87.65,0.0,1465.84,Cash on Delivery,41,Delivered,2
ORD004965,2023-12-29,10:09:49,CUST4884,Restaurant_37,Healthy Food,Kolkata,168.68,81.32,0.0,250.0,Credit Card,62,Delivered,4
ORD004966,2023-01-28,12:16:05,CUST4107,Restaurant_96,Chinese,Pune,1469.01,66.91,70.9,1465.02,Wallet,28,Delivered,
ORD004967,2023-07-28,14:01:40,CUST3122,Restaurant_94,Fast Food,Lucknow,601.7,94.72,0.0,696.42,Wallet,35,Delivered,2
ORD004968,2023-05-15,07:05:27,CUST4138,Restaurant_95,Street Food,Bengaluru,1356.71,73.48,104.95,1325.24,UPI,37,Delivered,2
ORD004969,2023-10-16,19:35:28,CUST2524,Restaurant_72,Chinese,Delhi,421.04,72.74,23.93,469.85,Wallet,24,Delivered,1
ORD004970,2023-04-07,06:46:17,CUST4755,Restaurant_7,Biryani,Kolkata,189.74,30.07,0.0,219.81,Cash on Delivery,54,Delivered,
ORD004971,2023-06-02,17:35:11,CUST6455,Restaurant_60,Street Food,Lucknow,811.89,70.77,0.0,882.66,Credit Card,17,Delivered,2
ORD004972,2023-09-07,14:28:22,CUST4915,Restaurant_37,Fast Food,Kolkata,821.19,37.34,0.0,858.53,Debit Card,17,Delivered,
ORD004973,2023-07-19,21:27:11,CUST8329,Restaurant_28,Chinese,Mumbai,423.98,82.45,52.35,454.08,Wallet,59,Delivered,2
ORD004974,2023-09-14,08:44:24,CUST8604,Restaurant_2,Desserts,Lucknow,182.98,67.99,10.58,240.39,Debit Card,15,Delivered,
ORD004975,2023-10-09,10:27:44,CUST9005,Restaurant_100,Healthy Food,Kolkata,851.63,67.54,0.0,919.17,Wallet,,Refunded,
ORD004976,2023-11-21,21:50:09,CUST5677,Restaurant_70,North Indian,Mumbai,1100.88,33.93,0.0,1134.81,UPI,41,Delivered,3
ORD004977,2023-01-08,13:39:00,CUST5191,Restaurant_44,Italian,Bengaluru,856.9,47.46,18.07,886.29,Wallet,,Cancelled,
ORD004978,2023-04-15,08:56:15,CUST9308,Restaurant_67,Beverages,Delhi,297.01,75.26,0.0,372.27,Debit Card,56,Delivered,4
ORD004979,2023-03-13,06:37:16,CUST4776,Restaurant_59,Fast Food,Delhi,1288.53,53.09,0.0,1341.62,Debit Card,35,Delivered,
ORD004980,2023-01-11,09:13:43,CUST8002,Restaurant_2,Biryani,Delhi,1058.35,49.95,0.0,1108.3,Debit Card,,Refunded,
ORD004981,2023-10-30,20:42:46,CUST8876,Restaurant_74,Beverages,Jaipur,494.65,91.01,105.13,480.53,UPI,64,Delivered,3
ORD004982,2023-05-18,05:50:05,CUST9816,Restaurant_6,Healthy Food,Lucknow,1078.52,48.38,0.0,1126.9,Credit Card,,Cancelled,
ORD004983,2023-10-03,04:30:43,CUST2949,Restaurant_15,North Indian,Bengaluru,858.46,64.87,48.34,874.99,UPI,21,Delivered,3
ORD004984,2023-08-07,00:02:47,CUST8364,Restaurant_45,North Indian,Mumbai,867.92,99.39,33.61,933.7,Cash on Delivery,50,Delivered,2
ORD004985,2023-02-02,13:32:57,CUST4324,Restaurant_94,Italian,Kolkata,1240.07,77.77,0.0,1317.84,UPI,33,Delivered,
ORD004986,2023-04-22,17:25:03,CUST4558,Restaurant_44,Beverages,Mumbai,331.96,72.35,0.0,404.31,Debit Card,,Cancelled,
ORD004987,2023-08-02,04:57:23,CUST1741,Restaurant_67,Biryani,Chennai,746.15,51.43,0.0,797.58,Credit Card,53,Delivered,3
ORD004988,2023-06-15,04:19:20,CUST1021,Restaurant_88,Fast Food,Kolkata,857.49,24.7,56.7,825.49,Wallet,17,Delivered,2
ORD004989,2023-03-25,00:45:03,CUST3845,Restaurant_16,Beverages,Kolkata,337.85,36.28,0.0,374.13,UPI,34,Delivered,
ORD004990,2023-09-12,12:09:55,CUST9823,Restaurant_46,Healthy Food,Bengaluru,935.89,30.42,0.0,966.31,Wallet,49,Delivered,4
ORD004991,2023-05-28,20:44:17,CUST4138,Restaurant_87,Desserts,Lucknow,744.92,96.74,29.47,812.19,Debit Card,16,Delivered,
ORD004992,2023-10-30,21:13:01,CUST5148,Restaurant_13,Chinese,Jaipur,567.09,46.53,0.0,613.62,Wallet,50,Delivered,
ORD004993,2023-04-19,00:40:06,CUST5896,Restaurant_47,Italian,Ahmedabad,1417.31,78.35,0.0,1495.66,Cash on Delivery,57,Delivered,4
ORD004994,2023-09-01,00:11:55,CUST7409,Restaurant_62,Fast Food,Hyderabad,894.16,48.28,0.0,942.44,Credit Card,52,Delivered,1
ORD004995,2023-01-07,14:01:14,CUST9360,Restaurant_96,Beverages,Mumbai,1276.57,52.33,0.0,1328.9,Debit Card,16,Delivered,4
ORD004996,2023-01-02,21:27:40,CUST7093,Restaurant_50,Healthy Food,Jaipur,1208.9,74.93,0.0,1283.83,UPI,,Cancelled,
ORD004997,2023-02-16,09:29:48,CUST8302,Restaurant_67,North Indian,Kolkata,1172.6,82.09,0.0,1254.69,Cash on Delivery,,Cancelled,
ORD004998,2023-04-20,13:03:33,CUST4290,Restaurant_100,Italian,Pune,374.72,33.9,0.0,408.62,Debit Card,,Refunded,
ORD004999,2023-06-02,15:52:18,CUST3298,Restaurant_67,North Indian,Lucknow,1426.81,96.57,38.27,1485.11,Debit Card,,Refunded,
ORD005000,2023-01-02,04:44:11,CUST8055,Restaurant_51,Fast Food,Bengaluru,923.79,70.81,47.84,946.76,Credit Card,24,Delivered,4
